{
  "metadata": {
    "template_id": "0c0b2c4c56a0f30a7d8ce425cb072f3067a4413cbad59fe9bc97c99defef7c2a:Splice.DSO.SvState:SvNodeState",
    "canonical_package": "3ca1343ab26b453d38c8adb70dca5f1ead8440c42b59b68f070786955cbf9ec1",
    "migration_id": 3,
    "record_time": "2025-10-30T21:00:00Z",
    "timestamp": "2025-10-30T23:52:55.545Z",
    "entry_count": 3
  },
  "data": [
    {
      "dso": "DSO::1220b1431ef217342db44d516bb9befde802be7d8899637d290895fa58880f19accc",
      "sv": "Orb-1-LP-1::122059e5d9c6036656bba13299bf959ed190fc51e2564024b9872ecd84001f87ea92",
      "svName": "Orb-1-LP-1",
      "state": {
        "synchronizerNodes": [
          [
            "global-domain::1220b1431ef217342db44d516bb9befde802be7d8899637d290895fa58880f19accc",
            {
              "cometBft": {
                "nodes": [
                  [
                    "41c8a02b6f632bd67e092b11d9ba39520aadf4e4",
                    {
                      "validatorPubKey": "w6xQjDhrhzU0IvaZnjn7KdKnftfT9/v+DEdraarET10=",
                      "votingPower": "1"
                    }
                  ]
                ],
                "governanceKeys": [
                  {
                    "pubKey": "hkYypln0XQYYBKJZm+H8cx10SXoCzzOEzDC3X2GC9w4="
                  }
                ],
                "sequencingKeys": []
              },
              "sequencer": {
                "migrationId": "3",
                "sequencerId": "SEQ::Orb-1-LP-1::122015aa65241a458b7ea97edbde81ac778f07ad36c8b22238c30f1b29aed98f0e8b",
                "url": "https://sequencer-3.sv-1.global.canton.network.orb1lp.mpch.io",
                "availableAfter": "2025-07-09T11:04:34.313045Z"
              },
              "mediator": {
                "mediatorId": "MED::Orb-1-LP-1::1220bd5b9cf05bfbe737aa57cf448e54f89c0f79778d0c44e6f487e8aa0e1eec7286"
              },
              "scan": {
                "publicUrl": "https://scan.sv-1.global.canton.network.orb1lp.mpch.io"
              },
              "legacySequencerConfig": null
            }
          ]
        ]
      }
    },
    {
      "dso": "DSO::1220b1431ef217342db44d516bb9befde802be7d8899637d290895fa58880f19accc",
      "sv": "Liberty-City-Ventures-1::1220c8a81a9d60198fd67aa596f8af90cfe57f5966964427e32f2dab1570ad0d9a25",
      "svName": "Liberty-City-Ventures-1",
      "state": {
        "synchronizerNodes": [
          [
            "global-domain::1220b1431ef217342db44d516bb9befde802be7d8899637d290895fa58880f19accc",
            {
              "cometBft": {
                "nodes": [
                  [
                    "2ffd268b5ac3fdf6c4624dffefe488b02e247fe9",
                    {
                      "validatorPubKey": "dr6V2oWZZqWt/7B7UHsz/7e8hyjWACtpi5R1dBv+MjA=",
                      "votingPower": "1"
                    }
                  ]
                ],
                "governanceKeys": [
                  {
                    "pubKey": "k32FQAm2gJ5rCiYmkkjLMHUhPf+hZD2TKErrheaXWB8="
                  }
                ],
                "sequencingKeys": []
              },
              "sequencer": {
                "migrationId": "3",
                "sequencerId": "SEQ::Liberty-City-Ventures-1::12209f1779997fa8052aa53ee2003a6458187b1baefceb7483dc10a12dddedd47bf3",
                "url": "https://sequencer-3.sv-1.global.canton.network.lcv.mpch.io",
                "availableAfter": "2025-07-09T12:35:46.666788Z"
              },
              "mediator": {
                "mediatorId": "MED::Liberty-City-Ventures-1::12201e4d4b9abc0e4583eba15abbac60359e1d7b31293cb4c9c130f1afb823ad3484"
              },
              "scan": {
                "publicUrl": "https://scan.sv-1.global.canton.network.lcv.mpch.io"
              },
              "legacySequencerConfig": null
            }
          ]
        ]
      }
    },
    {
      "dso": "DSO::1220b1431ef217342db44d516bb9befde802be7d8899637d290895fa58880f19accc",
      "sv": "SV-Nodeops-Limited::1220734414a4b0658bb2be4caf33205e5a45bf8dc5207e3bfc769d361582dc72feef",
      "svName": "SV-Nodeops-Limited",
      "state": {
        "synchronizerNodes": [
          [
            "global-domain::1220b1431ef217342db44d516bb9befde802be7d8899637d290895fa58880f19accc",
            {
              "cometBft": {
                "nodes": [
                  [
                    "4a2961b3ae4d2817cbe755ae85906ef933c33a16",
                    {
                      "validatorPubKey": "0vhsaXiNUR4h4rw4ORB3kIzy4c7R7rCOIPa3EKU7l4o=",
                      "votingPower": "1"
                    }
                  ]
                ],
                "governanceKeys": [
                  {
                    "pubKey": "uyWPsikWADdC4K3eRuvbjVNHtIsI4e3nJSsnh08sZLE="
                  }
                ],
                "sequencingKeys": []
              },
              "sequencer": {
                "migrationId": "3",
                "sequencerId": "SEQ::SV-Nodeops-Limited::122053086c0035b8b5e84a31cd968e4bae88b787452912d5f7b4e2cea79099b5c178",
                "url": "https://sequencer-3.sv.global.canton.network.sv-nodeops.com",
                "availableAfter": "2025-07-10T02:48:19.483876Z"
              },
              "mediator": {
                "mediatorId": "MED::SV-Nodeops-Limited::1220dfb745a75311f8e3bf900eeb4f709c36c8b43f4c0beb7c0fcba1d1c52462e7e8"
              },
              "scan": {
                "publicUrl": "https://scan.sv.global.canton.network.sv-nodeops.com"
              },
              "legacySequencerConfig": null
            }
          ]
        ]
      }
    }
  ]
}