{
  "metadata": {
    "template_id": "0e8c7e1cb828336bb4d537f6c4ecd94128b94733eb2ae1f55b5962757d357b4b:Splice.Ans:AnsEntry",
    "canonical_package": "3ca1343ab26b453d38c8adb70dca5f1ead8440c42b59b68f070786955cbf9ec1",
    "migration_id": 3,
    "record_time": "2025-10-30T21:00:00Z",
    "timestamp": "2025-10-30T23:52:55.649Z",
    "entry_count": 21
  },
  "data": [
    {
      "user": "auth0_007c68ca1fee3cfb286f07ed4089::1220410d9595a1938f6e1843835c5758588fde137d984ffd9b19941142cfbf788d16",
      "dso": "DSO::1220b1431ef217342db44d516bb9befde802be7d8899637d290895fa58880f19accc",
      "name": "pyphicap-7trust.unverified.cns",
      "url": "",
      "description": "",
      "expiresAt": "2025-12-23T12:41:03.518831Z"
    },
    {
      "user": "auth0_007c68d7c9dfd04fc81ec6b4db2a::12203f5b04708d1a567a374034533aa6a6d5804ff337c982f9cb9134e1e74414a0b5",
      "dso": "DSO::1220b1431ef217342db44d516bb9befde802be7d8899637d290895fa58880f19accc",
      "name": "apc-bitwave.unverified.cns",
      "url": "",
      "description": "",
      "expiresAt": "2025-12-26T11:30:53.885442Z"
    },
    {
      "user": "auth0_007c68d19a845c180f92912bcaca::12203eeb4af78c37754352c3e6235f684bd125069d49cf5827c44350fa8827320ed8",
      "dso": "DSO::1220b1431ef217342db44d516bb9befde802be7d8899637d290895fa58880f19accc",
      "name": "canton-explorer.unverified.cns",
      "url": "",
      "description": "",
      "expiresAt": "2026-01-01T13:17:16.242842Z"
    },
    {
      "user": "auth0_007c68d19a845c180f92912bcaca::12203eeb4af78c37754352c3e6235f684bd125069d49cf5827c44350fa8827320ed8",
      "dso": "DSO::1220b1431ef217342db44d516bb9befde802be7d8899637d290895fa58880f19accc",
      "name": "cantonexplorer.unverified.cns",
      "url": "",
      "description": "",
      "expiresAt": "2026-01-01T14:14:20.667771Z"
    },
    {
      "user": "auth0_007c68d19a845c180f92912bcaca::12203eeb4af78c37754352c3e6235f684bd125069d49cf5827c44350fa8827320ed8",
      "dso": "DSO::1220b1431ef217342db44d516bb9befde802be7d8899637d290895fa58880f19accc",
      "name": "explorer.unverified.cns",
      "url": "",
      "description": "",
      "expiresAt": "2026-01-01T14:17:11.800515Z"
    },
    {
      "user": "CantonSwap::122096fe076cc065af0cb38f94caa60e8ddfecbe8f0cfe10655ae7aa06fab99c66b7",
      "dso": "DSO::1220b1431ef217342db44d516bb9befde802be7d8899637d290895fa58880f19accc",
      "name": "cantonswap.unverified.cns",
      "url": "",
      "description": "",
      "expiresAt": "2026-02-01T20:00:14.618159Z"
    },
    {
      "user": "sendmainnet1::12203726c4d6a2041bc700b91effb7baea3fa3af720edabb5dd3e6e8b56867f9b016",
      "dso": "DSO::1220b1431ef217342db44d516bb9befde802be7d8899637d290895fa58880f19accc",
      "name": "send.unverified.cns",
      "url": "",
      "description": "",
      "expiresAt": "2026-02-01T21:45:06.861070Z"
    },
    {
      "user": "sendmainnet1::12203726c4d6a2041bc700b91effb7baea3fa3af720edabb5dd3e6e8b56867f9b016",
      "dso": "DSO::1220b1431ef217342db44d516bb9befde802be7d8899637d290895fa58880f19accc",
      "name": "sendapp.unverified.cns",
      "url": "",
      "description": "",
      "expiresAt": "2026-02-01T21:45:31.098795Z"
    },
    {
      "user": "sendmainnet1::12203726c4d6a2041bc700b91effb7baea3fa3af720edabb5dd3e6e8b56867f9b016",
      "dso": "DSO::1220b1431ef217342db44d516bb9befde802be7d8899637d290895fa58880f19accc",
      "name": "canton.unverified.cns",
      "url": "",
      "description": "",
      "expiresAt": "2026-02-03T00:24:39.380758Z"
    },
    {
      "user": "sendmainnet1::12203726c4d6a2041bc700b91effb7baea3fa3af720edabb5dd3e6e8b56867f9b016",
      "dso": "DSO::1220b1431ef217342db44d516bb9befde802be7d8899637d290895fa58880f19accc",
      "name": "cantonnetwork.unverified.cns",
      "url": "",
      "description": "",
      "expiresAt": "2026-02-03T00:25:25.065879Z"
    },
    {
      "user": "blocknbones-mnwallet-1::1220a9c13cb9e1629140e199b4ba43db36e6b34f463ec2f6018aaa4ef735c4dd2eea",
      "dso": "DSO::1220b1431ef217342db44d516bb9befde802be7d8899637d290895fa58880f19accc",
      "name": "blocknbones.unverified.cns",
      "url": "",
      "description": "",
      "expiresAt": "2026-01-05T13:10:53.699973Z"
    },
    {
      "user": "sendmainnet1::12203726c4d6a2041bc700b91effb7baea3fa3af720edabb5dd3e6e8b56867f9b016",
      "dso": "DSO::1220b1431ef217342db44d516bb9befde802be7d8899637d290895fa58880f19accc",
      "name": "cc.unverified.cns",
      "url": "",
      "description": "",
      "expiresAt": "2026-02-04T16:29:58.340751Z"
    },
    {
      "user": "sendmainnet1::12203726c4d6a2041bc700b91effb7baea3fa3af720edabb5dd3e6e8b56867f9b016",
      "dso": "DSO::1220b1431ef217342db44d516bb9befde802be7d8899637d290895fa58880f19accc",
      "name": "cantoncoin.unverified.cns",
      "url": "",
      "description": "",
      "expiresAt": "2026-02-04T16:30:27.181857Z"
    },
    {
      "user": "sendmainnet1::12203726c4d6a2041bc700b91effb7baea3fa3af720edabb5dd3e6e8b56867f9b016",
      "dso": "DSO::1220b1431ef217342db44d516bb9befde802be7d8899637d290895fa58880f19accc",
      "name": "cumberland.unverified.cns",
      "url": "",
      "description": "",
      "expiresAt": "2026-02-04T16:31:02.132987Z"
    },
    {
      "user": "sendmainnet1::12203726c4d6a2041bc700b91effb7baea3fa3af720edabb5dd3e6e8b56867f9b016",
      "dso": "DSO::1220b1431ef217342db44d516bb9befde802be7d8899637d290895fa58880f19accc",
      "name": "wallet.unverified.cns",
      "url": "",
      "description": "",
      "expiresAt": "2026-02-04T16:54:29.725061Z"
    },
    {
      "user": "sendmainnet1::12203726c4d6a2041bc700b91effb7baea3fa3af720edabb5dd3e6e8b56867f9b016",
      "dso": "DSO::1220b1431ef217342db44d516bb9befde802be7d8899637d290895fa58880f19accc",
      "name": "otc.unverified.cns",
      "url": "",
      "description": "",
      "expiresAt": "2026-02-06T07:56:21.765899Z"
    },
    {
      "user": "n1stake-mainnetValidator-1::1220ee74e8644fbc2b26a455f9e88de9798113c2a97d2d47745cc22729b23892f304",
      "dso": "DSO::1220b1431ef217342db44d516bb9befde802be7d8899637d290895fa58880f19accc",
      "name": "n1stake.unverified.cns",
      "url": "",
      "description": "",
      "expiresAt": "2026-01-07T10:45:31.066513Z"
    },
    {
      "user": "google-oauth2_007c113921405981227640393::1220033a73546fc1302dd3a07c3cce519fe43b9f48898b0ffa0476643e95be3d6586",
      "dso": "DSO::1220b1431ef217342db44d516bb9befde802be7d8899637d290895fa58880f19accc",
      "name": "globalstake.unverified.cns",
      "url": "",
      "description": "",
      "expiresAt": "2026-01-10T21:51:38.309054Z"
    },
    {
      "user": "GlobalStake-MainNetValidator-1::1220033a73546fc1302dd3a07c3cce519fe43b9f48898b0ffa0476643e95be3d6586",
      "dso": "DSO::1220b1431ef217342db44d516bb9befde802be7d8899637d290895fa58880f19accc",
      "name": "globalstakevalidator.unverified.cns",
      "url": "",
      "description": "",
      "expiresAt": "2026-01-10T21:54:29.379836Z"
    },
    {
      "user": "amberdata-finance-1::122068040540cba70223a55c6e168b6a9a7b1bb222523cc0c6a465dfe5e11a5e55a4",
      "dso": "DSO::1220b1431ef217342db44d516bb9befde802be7d8899637d290895fa58880f19accc",
      "name": "amberdata.unverified.cns",
      "url": "",
      "description": "",
      "expiresAt": "2026-02-10T10:21:01.622810Z"
    },
    {
      "user": "auth0_007c68eef45abb567dd5c29ee853::1220547efb49bf5c371b68aaed9a9089d69761dd3a4ff5b08d2b49673170e1efdeb3",
      "dso": "DSO::1220b1431ef217342db44d516bb9befde802be7d8899637d290895fa58880f19accc",
      "name": "pwm-thetie.unverified.cns",
      "url": "",
      "description": "",
      "expiresAt": "2026-01-13T01:28:00.531356Z"
    }
  ]
}