{
  "metadata": {
    "template_id": "1446ffdf23326cef2de97923df96618eb615792bea36cf1431f03639448f1645:Splice.Amulet:LockedAmulet",
    "canonical_package": "3ca1343ab26b453d38c8adb70dca5f1ead8440c42b59b68f070786955cbf9ec1",
    "migration_id": 3,
    "record_time": "2025-10-30T21:00:00Z",
    "timestamp": "2025-10-30T23:52:55.547Z",
    "entry_count": 3
  },
  "data": [
    {
      "amulet": {
        "dso": "DSO::1220b1431ef217342db44d516bb9befde802be7d8899637d290895fa58880f19accc",
        "owner": "iestateGroup-validator-1::12208a323619193ca65b21293e66667f87e29b7b2f1698f9340c87613a1889aaed55",
        "amount": {
          "initialAmount": "81623.2876672020",
          "createdAt": {
            "number": "53609"
          },
          "ratePerRound": {
            "rate": "0.0003805180"
          }
        }
      },
      "lock": {
        "holders": [
          "auth0_007c6643538f2eadd3e573dd05b9::12205bcc106efa0eaa7f18dc491e5c6f5fb9b0cc68dc110ae66f4ed6467475d7c78e",
          "auth0_007c683dbd71f9d177d5fdd09f3c::1220d3016091c253f526645cce3a0633837b685da083bac4459dad63e61d5c97b5fa"
        ],
        "expiresAt": "2025-08-15T15:15:15.981350Z",
        "optContext": null
      }
    },
    {
      "amulet": {
        "dso": "DSO::1220b1431ef217342db44d516bb9befde802be7d8899637d290895fa58880f19accc",
        "owner": "auth0_007c685f70b79c841234d028150b::12201cf4d44f54d386b382ae3deabec790d477bbc7e1857b94b5a44f04c286840353",
        "amount": {
          "initialAmount": "117522.8310511180",
          "createdAt": {
            "number": "53609"
          },
          "ratePerRound": {
            "rate": "0.0003805180"
          }
        }
      },
      "lock": {
        "holders": [
          "auth0_007c6643538f2eadd3e573dd05b9::12205bcc106efa0eaa7f18dc491e5c6f5fb9b0cc68dc110ae66f4ed6467475d7c78e",
          "auth0_007c683dbd71f9d177d5fdd09f3c::1220d3016091c253f526645cce3a0633837b685da083bac4459dad63e61d5c97b5fa"
        ],
        "expiresAt": "2025-08-15T15:15:33.377255Z",
        "optContext": null
      }
    },
    {
      "amulet": {
        "dso": "DSO::1220b1431ef217342db44d516bb9befde802be7d8899637d290895fa58880f19accc",
        "owner": "Redstone-validator-1::1220a6f7c2315ed7ba230397a459b036bfe9f36763a0e848dad741c4e9d20d85687c",
        "amount": {
          "initialAmount": "110472.6027428460",
          "createdAt": {
            "number": "53609"
          },
          "ratePerRound": {
            "rate": "0.0003805180"
          }
        }
      },
      "lock": {
        "holders": [
          "auth0_007c6643538f2eadd3e573dd05b9::12205bcc106efa0eaa7f18dc491e5c6f5fb9b0cc68dc110ae66f4ed6467475d7c78e",
          "auth0_007c683dbd71f9d177d5fdd09f3c::1220d3016091c253f526645cce3a0633837b685da083bac4459dad63e61d5c97b5fa"
        ],
        "expiresAt": "2025-08-15T15:17:06.468151Z",
        "optContext": null
      }
    }
  ]
}