{
  "metadata": {
    "template_id": "1446ffdf23326cef2de97923df96618eb615792bea36cf1431f03639448f1645:Splice.ValidatorLicense:ValidatorFaucetCoupon",
    "canonical_package": "3ca1343ab26b453d38c8adb70dca5f1ead8440c42b59b68f070786955cbf9ec1",
    "migration_id": 3,
    "record_time": "2025-10-30T21:00:00Z",
    "timestamp": "2025-10-30T23:52:55.500Z",
    "entry_count": 31
  },
  "data": [
    {
      "dso": "DSO::1220b1431ef217342db44d516bb9befde802be7d8899637d290895fa58880f19accc",
      "validator": "3trade_validator_admin::122060327be2fbbda7498a867507bf4d1cd83cd079382fa8af1d4be5cad79248c102",
      "round": {
        "number": "0"
      }
    },
    {
      "dso": "DSO::1220b1431ef217342db44d516bb9befde802be7d8899637d290895fa58880f19accc",
      "validator": "3trade_validator_admin::122060327be2fbbda7498a867507bf4d1cd83cd079382fa8af1d4be5cad79248c102",
      "round": {
        "number": "1"
      }
    },
    {
      "dso": "DSO::1220b1431ef217342db44d516bb9befde802be7d8899637d290895fa58880f19accc",
      "validator": "the_tie_validator::1220d3016091c253f526645cce3a0633837b685da083bac4459dad63e61d5c97b5fa",
      "round": {
        "number": "393"
      }
    },
    {
      "dso": "DSO::1220b1431ef217342db44d516bb9befde802be7d8899637d290895fa58880f19accc",
      "validator": "the_tie_validator::1220d3016091c253f526645cce3a0633837b685da083bac4459dad63e61d5c97b5fa",
      "round": {
        "number": "394"
      }
    },
    {
      "dso": "DSO::1220b1431ef217342db44d516bb9befde802be7d8899637d290895fa58880f19accc",
      "validator": "the_tie_validator::1220d3016091c253f526645cce3a0633837b685da083bac4459dad63e61d5c97b5fa",
      "round": {
        "number": "395"
      }
    },
    {
      "dso": "DSO::1220b1431ef217342db44d516bb9befde802be7d8899637d290895fa58880f19accc",
      "validator": "z__app__prod__property__validator::122016a49a3f5b4525128439e09a929ccd7296a2eb80d2f65409d06fddf2d6fa4e8d",
      "round": {
        "number": "4817"
      }
    },
    {
      "dso": "DSO::1220b1431ef217342db44d516bb9befde802be7d8899637d290895fa58880f19accc",
      "validator": "z__app__prod__property__validator::122016a49a3f5b4525128439e09a929ccd7296a2eb80d2f65409d06fddf2d6fa4e8d",
      "round": {
        "number": "4818"
      }
    },
    {
      "dso": "DSO::1220b1431ef217342db44d516bb9befde802be7d8899637d290895fa58880f19accc",
      "validator": "z__app__prod__property__validator::122016a49a3f5b4525128439e09a929ccd7296a2eb80d2f65409d06fddf2d6fa4e8d",
      "round": {
        "number": "4819"
      }
    },
    {
      "dso": "DSO::1220b1431ef217342db44d516bb9befde802be7d8899637d290895fa58880f19accc",
      "validator": "Cumberland-Property-1::1220643de8d9bfdeb9187da2f770897fa50b34e17a39c0110edf91fe70d242853c25",
      "round": {
        "number": "5703"
      }
    },
    {
      "dso": "DSO::1220b1431ef217342db44d516bb9befde802be7d8899637d290895fa58880f19accc",
      "validator": "Cumberland-Property-1::1220643de8d9bfdeb9187da2f770897fa50b34e17a39c0110edf91fe70d242853c25",
      "round": {
        "number": "5704"
      }
    },
    {
      "dso": "DSO::1220b1431ef217342db44d516bb9befde802be7d8899637d290895fa58880f19accc",
      "validator": "Cumberland-Property-1::1220643de8d9bfdeb9187da2f770897fa50b34e17a39c0110edf91fe70d242853c25",
      "round": {
        "number": "5705"
      }
    },
    {
      "dso": "DSO::1220b1431ef217342db44d516bb9befde802be7d8899637d290895fa58880f19accc",
      "validator": "Digital-Asset-1::1220a32c8c98a33fab1f7fac9f63790b22df62647c30ebc3b644dbdf2936fcc88419",
      "round": {
        "number": "6087"
      }
    },
    {
      "dso": "DSO::1220b1431ef217342db44d516bb9befde802be7d8899637d290895fa58880f19accc",
      "validator": "Digital-Asset-1::1220a32c8c98a33fab1f7fac9f63790b22df62647c30ebc3b644dbdf2936fcc88419",
      "round": {
        "number": "6409"
      }
    },
    {
      "dso": "DSO::1220b1431ef217342db44d516bb9befde802be7d8899637d290895fa58880f19accc",
      "validator": "Digital-Asset-1::1220a32c8c98a33fab1f7fac9f63790b22df62647c30ebc3b644dbdf2936fcc88419",
      "round": {
        "number": "6410"
      }
    },
    {
      "dso": "DSO::1220b1431ef217342db44d516bb9befde802be7d8899637d290895fa58880f19accc",
      "validator": "Digital-Asset-1::1220a32c8c98a33fab1f7fac9f63790b22df62647c30ebc3b644dbdf2936fcc88419",
      "round": {
        "number": "6411"
      }
    },
    {
      "dso": "DSO::1220b1431ef217342db44d516bb9befde802be7d8899637d290895fa58880f19accc",
      "validator": "3trade_validator_admin::122060327be2fbbda7498a867507bf4d1cd83cd079382fa8af1d4be5cad79248c102",
      "round": {
        "number": "6751"
      }
    },
    {
      "dso": "DSO::1220b1431ef217342db44d516bb9befde802be7d8899637d290895fa58880f19accc",
      "validator": "3trade_validator_admin::122060327be2fbbda7498a867507bf4d1cd83cd079382fa8af1d4be5cad79248c102",
      "round": {
        "number": "6752"
      }
    },
    {
      "dso": "DSO::1220b1431ef217342db44d516bb9befde802be7d8899637d290895fa58880f19accc",
      "validator": "3trade_validator_admin::122060327be2fbbda7498a867507bf4d1cd83cd079382fa8af1d4be5cad79248c102",
      "round": {
        "number": "6753"
      }
    },
    {
      "dso": "DSO::1220b1431ef217342db44d516bb9befde802be7d8899637d290895fa58880f19accc",
      "validator": "Cumberland-Oracle-1::1220b556be7038f6dbd1ce5795ba452ad70c61c3ba3a574998a35bba23a01703dc52",
      "round": {
        "number": "7010"
      }
    },
    {
      "dso": "DSO::1220b1431ef217342db44d516bb9befde802be7d8899637d290895fa58880f19accc",
      "validator": "Cumberland-Oracle-1::1220b556be7038f6dbd1ce5795ba452ad70c61c3ba3a574998a35bba23a01703dc52",
      "round": {
        "number": "7011"
      }
    },
    {
      "dso": "DSO::1220b1431ef217342db44d516bb9befde802be7d8899637d290895fa58880f19accc",
      "validator": "Cumberland-Oracle-1::1220b556be7038f6dbd1ce5795ba452ad70c61c3ba3a574998a35bba23a01703dc52",
      "round": {
        "number": "7012"
      }
    },
    {
      "dso": "DSO::1220b1431ef217342db44d516bb9befde802be7d8899637d290895fa58880f19accc",
      "validator": "Cumberland-Oracle-1::1220b556be7038f6dbd1ce5795ba452ad70c61c3ba3a574998a35bba23a01703dc52",
      "round": {
        "number": "7013"
      }
    },
    {
      "dso": "DSO::1220b1431ef217342db44d516bb9befde802be7d8899637d290895fa58880f19accc",
      "validator": "qcp-wallet-hosting-mainnet-1::12200e37ac6b165ebd4b09c4d74476234791031a6a92e1afe5a38ef3dc2b667a4948",
      "round": {
        "number": "9644"
      }
    },
    {
      "dso": "DSO::1220b1431ef217342db44d516bb9befde802be7d8899637d290895fa58880f19accc",
      "validator": "qcp-wallet-hosting-mainnet-1::12200e37ac6b165ebd4b09c4d74476234791031a6a92e1afe5a38ef3dc2b667a4948",
      "round": {
        "number": "9645"
      }
    },
    {
      "dso": "DSO::1220b1431ef217342db44d516bb9befde802be7d8899637d290895fa58880f19accc",
      "validator": "qcp-wallet-hosting-mainnet-1::12200e37ac6b165ebd4b09c4d74476234791031a6a92e1afe5a38ef3dc2b667a4948",
      "round": {
        "number": "9646"
      }
    },
    {
      "dso": "DSO::1220b1431ef217342db44d516bb9befde802be7d8899637d290895fa58880f19accc",
      "validator": "validator-gravityteam-1::1220492a7d0ab2c31738750961f1442dd4c64ea5a42c6ac22823215b21aec249a654",
      "round": {
        "number": "10920"
      }
    },
    {
      "dso": "DSO::1220b1431ef217342db44d516bb9befde802be7d8899637d290895fa58880f19accc",
      "validator": "validator-gravityteam-1::1220492a7d0ab2c31738750961f1442dd4c64ea5a42c6ac22823215b21aec249a654",
      "round": {
        "number": "10921"
      }
    },
    {
      "dso": "DSO::1220b1431ef217342db44d516bb9befde802be7d8899637d290895fa58880f19accc",
      "validator": "validator-gravityteam-1::1220492a7d0ab2c31738750961f1442dd4c64ea5a42c6ac22823215b21aec249a654",
      "round": {
        "number": "10922"
      }
    },
    {
      "dso": "DSO::1220b1431ef217342db44d516bb9befde802be7d8899637d290895fa58880f19accc",
      "validator": "validator_validator_service_user::12209f5d4662034c84373c5637177dc62f1b4816f84619555bb2df658bf1ec83b856",
      "round": {
        "number": "10926"
      }
    },
    {
      "dso": "DSO::1220b1431ef217342db44d516bb9befde802be7d8899637d290895fa58880f19accc",
      "validator": "validator_validator_service_user::12209f5d4662034c84373c5637177dc62f1b4816f84619555bb2df658bf1ec83b856",
      "round": {
        "number": "10927"
      }
    },
    {
      "dso": "DSO::1220b1431ef217342db44d516bb9befde802be7d8899637d290895fa58880f19accc",
      "validator": "validator_validator_service_user::12209f5d4662034c84373c5637177dc62f1b4816f84619555bb2df658bf1ec83b856",
      "round": {
        "number": "10928"
      }
    }
  ]
}