{
  "metadata": {
    "template_id": "1446ffdf23326cef2de97923df96618eb615792bea36cf1431f03639448f1645:Splice.Amulet:FeaturedAppRight",
    "canonical_package": "3ca1343ab26b453d38c8adb70dca5f1ead8440c42b59b68f070786955cbf9ec1",
    "migration_id": 3,
    "record_time": "2025-10-30T21:00:00Z",
    "timestamp": "2025-10-30T23:52:55.501Z",
    "entry_count": 1
  },
  "data": [
    {
      "dso": "DSO::1220b1431ef217342db44d516bb9befde802be7d8899637d290895fa58880f19accc",
      "provider": "3trade_validator_admin::122060327be2fbbda7498a867507bf4d1cd83cd079382fa8af1d4be5cad79248c102"
    }
  ]
}