{
  "metadata": {
    "template_id": "1446ffdf23326cef2de97923df96618eb615792bea36cf1431f03639448f1645:Splice.ValidatorLicense:ValidatorLicense",
    "canonical_package": "3ca1343ab26b453d38c8adb70dca5f1ead8440c42b59b68f070786955cbf9ec1",
    "migration_id": 3,
    "record_time": "2025-10-30T21:00:00Z",
    "timestamp": "2025-10-30T23:52:55.501Z",
    "entry_count": 3
  },
  "data": [
    {
      "validator": "z__app__prod__property__validator::122016a49a3f5b4525128439e09a929ccd7296a2eb80d2f65409d06fddf2d6fa4e8d",
      "sponsor": "Cumberland-1::12201aa8a23046d5740c9edd58f7e820c83e7f5c58f25551f955f3252d3a04240860",
      "dso": "DSO::1220b1431ef217342db44d516bb9befde802be7d8899637d290895fa58880f19accc",
      "faucetState": {
        "firstReceivedFor": {
          "number": "0"
        },
        "lastReceivedFor": {
          "number": "4819"
        },
        "numCouponsMissed": "0"
      },
      "metadata": null,
      "lastActiveAt": null
    },
    {
      "validator": "validator-gravityteam-1::1220492a7d0ab2c31738750961f1442dd4c64ea5a42c6ac22823215b21aec249a654",
      "sponsor": "Global-Synchronizer-Foundation::1220b0867964b602f2cc7ea61324a95f000f0060e735cfaf4f23f424fdab02c170ac",
      "dso": "DSO::1220b1431ef217342db44d516bb9befde802be7d8899637d290895fa58880f19accc",
      "faucetState": {
        "firstReceivedFor": {
          "number": "10674"
        },
        "lastReceivedFor": {
          "number": "10922"
        },
        "numCouponsMissed": "0"
      },
      "metadata": null,
      "lastActiveAt": null
    },
    {
      "validator": "validator_validator_service_user::12209f5d4662034c84373c5637177dc62f1b4816f84619555bb2df658bf1ec83b856",
      "sponsor": "Digital-Asset-2::12209b21d512c6a7e2f5d215266fe6568cb732caaef7ff04e308f990a652340d3529",
      "dso": "DSO::1220b1431ef217342db44d516bb9befde802be7d8899637d290895fa58880f19accc",
      "faucetState": {
        "firstReceivedFor": {
          "number": "0"
        },
        "lastReceivedFor": {
          "number": "10928"
        },
        "numCouponsMissed": "0"
      },
      "metadata": null,
      "lastActiveAt": null
    }
  ]
}