{
  "metadata": {
    "template_id": "1446ffdf23326cef2de97923df96618eb615792bea36cf1431f03639448f1645:Splice.DecentralizedSynchronizer:MemberTraffic",
    "canonical_package": "3ca1343ab26b453d38c8adb70dca5f1ead8440c42b59b68f070786955cbf9ec1",
    "migration_id": 3,
    "record_time": "2025-10-30T21:00:00Z",
    "timestamp": "2025-10-30T23:52:55.501Z",
    "entry_count": 26
  },
  "data": [
    {
      "dso": "DSO::1220b1431ef217342db44d516bb9befde802be7d8899637d290895fa58880f19accc",
      "memberId": "PAR::LCV-1::122015ee76ddfe8ea1741edf044ba2019341fc22b58a6148af01010f7588b008f802",
      "synchronizerId": "global-domain::1220b1431ef217342db44d516bb9befde802be7d8899637d290895fa58880f19accc",
      "migrationId": "0",
      "totalPurchased": "1200000",
      "numPurchases": "1",
      "amuletSpent": "4000.8000000000",
      "usdSpent": "20.0040000000"
    },
    {
      "dso": "DSO::1220b1431ef217342db44d516bb9befde802be7d8899637d290895fa58880f19accc",
      "memberId": "PAR::tw-cn-mainnet-participant-1::1220bc64ba15ae75f050cf758a509ada5dc72c9be3779461db273916070391caebf5",
      "synchronizerId": "global-domain::1220b1431ef217342db44d516bb9befde802be7d8899637d290895fa58880f19accc",
      "migrationId": "0",
      "totalPurchased": "1999800",
      "numPurchases": "1",
      "amuletSpent": "6667.3332000000",
      "usdSpent": "33.3366660000"
    },
    {
      "dso": "DSO::1220b1431ef217342db44d516bb9befde802be7d8899637d290895fa58880f19accc",
      "memberId": "PAR::the_tie_validator::1220d3016091c253f526645cce3a0633837b685da083bac4459dad63e61d5c97b5fa",
      "synchronizerId": "global-domain::1220b1431ef217342db44d516bb9befde802be7d8899637d290895fa58880f19accc",
      "migrationId": "0",
      "totalPurchased": "1200000",
      "numPurchases": "1",
      "amuletSpent": "4000.8000000000",
      "usdSpent": "20.0040000000"
    },
    {
      "dso": "DSO::1220b1431ef217342db44d516bb9befde802be7d8899637d290895fa58880f19accc",
      "memberId": "PAR::MPCH::1220e2afe646e512f1ff486447365b782a42f3c72cd4fdaa026d9e09c3a71998eec8",
      "synchronizerId": "global-domain::1220b1431ef217342db44d516bb9befde802be7d8899637d290895fa58880f19accc",
      "migrationId": "0",
      "totalPurchased": "1200000",
      "numPurchases": "1",
      "amuletSpent": "4000.8000000000",
      "usdSpent": "20.0040000000"
    },
    {
      "dso": "DSO::1220b1431ef217342db44d516bb9befde802be7d8899637d290895fa58880f19accc",
      "memberId": "PAR::7Ridge::12200603421ea6db7ba6afb458dda46a28432cf58d7d24afbe126d61b43c9b4e8dfc",
      "synchronizerId": "global-domain::1220b1431ef217342db44d516bb9befde802be7d8899637d290895fa58880f19accc",
      "migrationId": "0",
      "totalPurchased": "1200000",
      "numPurchases": "1",
      "amuletSpent": "4000.8000000000",
      "usdSpent": "20.0040000000"
    },
    {
      "dso": "DSO::1220b1431ef217342db44d516bb9befde802be7d8899637d290895fa58880f19accc",
      "memberId": "PAR::Orb-1-LP::1220a7d341c65963ac599be7a6505f805e844e1cdfb5895bc73272db8230b74529fd",
      "synchronizerId": "global-domain::1220b1431ef217342db44d516bb9befde802be7d8899637d290895fa58880f19accc",
      "migrationId": "0",
      "totalPurchased": "1200000",
      "numPurchases": "1",
      "amuletSpent": "4000.8000000000",
      "usdSpent": "20.0040000000"
    },
    {
      "dso": "DSO::1220b1431ef217342db44d516bb9befde802be7d8899637d290895fa58880f19accc",
      "memberId": "PAR::copper-canton-mainnet::122038dd7fcbdd68bde47034abfd582cbe38854d94dec10c18a7589706914e2b6e61",
      "synchronizerId": "global-domain::1220b1431ef217342db44d516bb9befde802be7d8899637d290895fa58880f19accc",
      "migrationId": "0",
      "totalPurchased": "1200000",
      "numPurchases": "1",
      "amuletSpent": "4000.8000000000",
      "usdSpent": "20.0040000000"
    },
    {
      "dso": "DSO::1220b1431ef217342db44d516bb9befde802be7d8899637d290895fa58880f19accc",
      "memberId": "PAR::GSF-1::12201725270d497ab23ceffd0d2acce46cc9da44586fd494786ef53cc58b6e4abd79",
      "synchronizerId": "global-domain::1220b1431ef217342db44d516bb9befde802be7d8899637d290895fa58880f19accc",
      "migrationId": "0",
      "totalPurchased": "1200000",
      "numPurchases": "1",
      "amuletSpent": "4000.8000000000",
      "usdSpent": "20.0040000000"
    },
    {
      "dso": "DSO::1220b1431ef217342db44d516bb9befde802be7d8899637d290895fa58880f19accc",
      "memberId": "PAR::Orb-1-LP::122014e5b5217dd355c338a471faaa2cf9dc6a9f312eb0843ee0b67be8d7b056c846",
      "synchronizerId": "global-domain::1220b1431ef217342db44d516bb9befde802be7d8899637d290895fa58880f19accc",
      "migrationId": "0",
      "totalPurchased": "1200000",
      "numPurchases": "1",
      "amuletSpent": "4000.8000000000",
      "usdSpent": "20.0040000000"
    },
    {
      "dso": "DSO::1220b1431ef217342db44d516bb9befde802be7d8899637d290895fa58880f19accc",
      "memberId": "PAR::DFNS::122055a1a137eacd142f00d72a7bd9c6b83ad00f65d97cb79a343d42c2077ae29ca6",
      "synchronizerId": "global-domain::1220b1431ef217342db44d516bb9befde802be7d8899637d290895fa58880f19accc",
      "migrationId": "0",
      "totalPurchased": "1200000",
      "numPurchases": "1",
      "amuletSpent": "4000.8000000000",
      "usdSpent": "20.0040000000"
    },
    {
      "dso": "DSO::1220b1431ef217342db44d516bb9befde802be7d8899637d290895fa58880f19accc",
      "memberId": "PAR::Broadridge::1220b0008ea5531b9e47d3315a822ca8b923b5bdd568c934557402d7160b8af4815d",
      "synchronizerId": "global-domain::1220b1431ef217342db44d516bb9befde802be7d8899637d290895fa58880f19accc",
      "migrationId": "0",
      "totalPurchased": "1200000",
      "numPurchases": "1",
      "amuletSpent": "4000.8000000000",
      "usdSpent": "20.0040000000"
    },
    {
      "dso": "DSO::1220b1431ef217342db44d516bb9befde802be7d8899637d290895fa58880f19accc",
      "memberId": "PAR::da-wallet::12206750ba8ed320d15bfed65ec62b0d3de6b954f0569283d4672b98fb5a8bf07f0b",
      "synchronizerId": "global-domain::1220b1431ef217342db44d516bb9befde802be7d8899637d290895fa58880f19accc",
      "migrationId": "0",
      "totalPurchased": "1200000",
      "numPurchases": "1",
      "amuletSpent": "4000.8000000000",
      "usdSpent": "20.0040000000"
    },
    {
      "dso": "DSO::1220b1431ef217342db44d516bb9befde802be7d8899637d290895fa58880f19accc",
      "memberId": "PAR::kaleido-1::12209f5d4662034c84373c5637177dc62f1b4816f84619555bb2df658bf1ec83b856",
      "synchronizerId": "global-domain::1220b1431ef217342db44d516bb9befde802be7d8899637d290895fa58880f19accc",
      "migrationId": "0",
      "totalPurchased": "1200000",
      "numPurchases": "1",
      "amuletSpent": "4000.8000000000",
      "usdSpent": "20.0040000000"
    },
    {
      "dso": "DSO::1220b1431ef217342db44d516bb9befde802be7d8899637d290895fa58880f19accc",
      "memberId": "PAR::the_tie_validator::1220d3016091c253f526645cce3a0633837b685da083bac4459dad63e61d5c97b5fa",
      "synchronizerId": "global-domain::1220b1431ef217342db44d516bb9befde802be7d8899637d290895fa58880f19accc",
      "migrationId": "0",
      "totalPurchased": "1200000",
      "numPurchases": "1",
      "amuletSpent": "4000.8000000000",
      "usdSpent": "20.0040000000"
    },
    {
      "dso": "DSO::1220b1431ef217342db44d516bb9befde802be7d8899637d290895fa58880f19accc",
      "memberId": "PAR::the_tie_validator::1220d3016091c253f526645cce3a0633837b685da083bac4459dad63e61d5c97b5fa",
      "synchronizerId": "global-domain::1220b1431ef217342db44d516bb9befde802be7d8899637d290895fa58880f19accc",
      "migrationId": "0",
      "totalPurchased": "1200000",
      "numPurchases": "1",
      "amuletSpent": "4000.8000000000",
      "usdSpent": "20.0040000000"
    },
    {
      "dso": "DSO::1220b1431ef217342db44d516bb9befde802be7d8899637d290895fa58880f19accc",
      "memberId": "PAR::Cumberland-Property-1::1220643de8d9bfdeb9187da2f770897fa50b34e17a39c0110edf91fe70d242853c25",
      "synchronizerId": "global-domain::1220b1431ef217342db44d516bb9befde802be7d8899637d290895fa58880f19accc",
      "migrationId": "0",
      "totalPurchased": "500000",
      "numPurchases": "1",
      "amuletSpent": "1667.0000000000",
      "usdSpent": "8.3350000000"
    },
    {
      "dso": "DSO::1220b1431ef217342db44d516bb9befde802be7d8899637d290895fa58880f19accc",
      "memberId": "PAR::Cumberland-Hashnote-1::1220ae792056579461b0b7314f8d9bb6354bcc6e7a297a5ead19b47488982729ec2e",
      "synchronizerId": "global-domain::1220b1431ef217342db44d516bb9befde802be7d8899637d290895fa58880f19accc",
      "migrationId": "0",
      "totalPurchased": "500000",
      "numPurchases": "1",
      "amuletSpent": "1667.0000000000",
      "usdSpent": "8.3350000000"
    },
    {
      "dso": "DSO::1220b1431ef217342db44d516bb9befde802be7d8899637d290895fa58880f19accc",
      "memberId": "PAR::QCP::12200e37ac6b165ebd4b09c4d74476234791031a6a92e1afe5a38ef3dc2b667a4948",
      "synchronizerId": "global-domain::1220b1431ef217342db44d516bb9befde802be7d8899637d290895fa58880f19accc",
      "migrationId": "0",
      "totalPurchased": "1200000",
      "numPurchases": "1",
      "amuletSpent": "4000.8000000000",
      "usdSpent": "20.0040000000"
    },
    {
      "dso": "DSO::1220b1431ef217342db44d516bb9befde802be7d8899637d290895fa58880f19accc",
      "memberId": "PAR::Hashnote::12202eacbd060e2e22ab198cb9f337ccfe049e16a90968576e15b8bab4317cf17259",
      "synchronizerId": "global-domain::1220b1431ef217342db44d516bb9befde802be7d8899637d290895fa58880f19accc",
      "migrationId": "0",
      "totalPurchased": "1200000",
      "numPurchases": "1",
      "amuletSpent": "4000.8000000000",
      "usdSpent": "20.0040000000"
    },
    {
      "dso": "DSO::1220b1431ef217342db44d516bb9befde802be7d8899637d290895fa58880f19accc",
      "memberId": "PAR::Cumberland-Oracle-1::1220b556be7038f6dbd1ce5795ba452ad70c61c3ba3a574998a35bba23a01703dc52",
      "synchronizerId": "global-domain::1220b1431ef217342db44d516bb9befde802be7d8899637d290895fa58880f19accc",
      "migrationId": "0",
      "totalPurchased": "500000",
      "numPurchases": "1",
      "amuletSpent": "1667.0000000000",
      "usdSpent": "8.3350000000"
    },
    {
      "dso": "DSO::1220b1431ef217342db44d516bb9befde802be7d8899637d290895fa58880f19accc",
      "memberId": "PAR::lukka::1220728cfb80bd69d5c18bd2059a62afd4375c8585b0a379d1189813d5ea558573be",
      "synchronizerId": "global-domain::1220b1431ef217342db44d516bb9befde802be7d8899637d290895fa58880f19accc",
      "migrationId": "0",
      "totalPurchased": "1200000",
      "numPurchases": "1",
      "amuletSpent": "4000.8000000000",
      "usdSpent": "20.0040000000"
    },
    {
      "dso": "DSO::1220b1431ef217342db44d516bb9befde802be7d8899637d290895fa58880f19accc",
      "memberId": "PAR::love::122066b7e9da24a1018a348a57833fcc5f4f943931452ee4ea18f7923af943b07626",
      "synchronizerId": "global-domain::1220b1431ef217342db44d516bb9befde802be7d8899637d290895fa58880f19accc",
      "migrationId": "0",
      "totalPurchased": "1200000",
      "numPurchases": "1",
      "amuletSpent": "4000.8000000000",
      "usdSpent": "20.0040000000"
    },
    {
      "dso": "DSO::1220b1431ef217342db44d516bb9befde802be7d8899637d290895fa58880f19accc",
      "memberId": "PAR::hx-canton-main-participant::1220921c9c5579f2648609d8b007793ffbe31efb311c79c53cbc68571827c1c5ebee",
      "synchronizerId": "global-domain::1220b1431ef217342db44d516bb9befde802be7d8899637d290895fa58880f19accc",
      "migrationId": "0",
      "totalPurchased": "1200000",
      "numPurchases": "1",
      "amuletSpent": "4000.8000000000",
      "usdSpent": "20.0040000000"
    },
    {
      "dso": "DSO::1220b1431ef217342db44d516bb9befde802be7d8899637d290895fa58880f19accc",
      "memberId": "PAR::QCP::12200e37ac6b165ebd4b09c4d74476234791031a6a92e1afe5a38ef3dc2b667a4948",
      "synchronizerId": "global-domain::1220b1431ef217342db44d516bb9befde802be7d8899637d290895fa58880f19accc",
      "migrationId": "0",
      "totalPurchased": "1200000",
      "numPurchases": "1",
      "amuletSpent": "4000.8000000000",
      "usdSpent": "20.0040000000"
    },
    {
      "dso": "DSO::1220b1431ef217342db44d516bb9befde802be7d8899637d290895fa58880f19accc",
      "memberId": "PAR::T-RIZE Group Mainnet Node::12206ab3bf15b14410220357d6a6375eb1015f2e7fade1deb449463c2f2a25304889",
      "synchronizerId": "global-domain::1220b1431ef217342db44d516bb9befde802be7d8899637d290895fa58880f19accc",
      "migrationId": "0",
      "totalPurchased": "1200000",
      "numPurchases": "1",
      "amuletSpent": "4000.8000000000",
      "usdSpent": "20.0040000000"
    },
    {
      "dso": "DSO::1220b1431ef217342db44d516bb9befde802be7d8899637d290895fa58880f19accc",
      "memberId": "PAR::validator-gravityteam::1220492a7d0ab2c31738750961f1442dd4c64ea5a42c6ac22823215b21aec249a654",
      "synchronizerId": "global-domain::1220b1431ef217342db44d516bb9befde802be7d8899637d290895fa58880f19accc",
      "migrationId": "0",
      "totalPurchased": "1999800",
      "numPurchases": "1",
      "amuletSpent": "6667.3332000000",
      "usdSpent": "33.3366660000"
    }
  ]
}