{
  "metadata": {
    "template_id": "1446ffdf23326cef2de97923df96618eb615792bea36cf1431f03639448f1645:Splice.Amulet:Amulet",
    "canonical_package": "3ca1343ab26b453d38c8adb70dca5f1ead8440c42b59b68f070786955cbf9ec1",
    "migration_id": 3,
    "record_time": "2025-10-30T21:00:00Z",
    "timestamp": "2025-10-30T23:52:55.501Z",
    "entry_count": 12
  },
  "data": [
    {
      "dso": "DSO::1220b1431ef217342db44d516bb9befde802be7d8899637d290895fa58880f19accc",
      "owner": "z__app__prod__property__validator::122016a49a3f5b4525128439e09a929ccd7296a2eb80d2f65409d06fddf2d6fa4e8d",
      "amount": {
        "initialAmount": "12.0672273082",
        "createdAt": {
          "number": "4819"
        },
        "ratePerRound": {
          "rate": "0.0038051800"
        }
      }
    },
    {
      "dso": "DSO::1220b1431ef217342db44d516bb9befde802be7d8899637d290895fa58880f19accc",
      "owner": "validator-gravityteam-1::1220492a7d0ab2c31738750961f1442dd4c64ea5a42c6ac22823215b21aec249a654",
      "amount": {
        "initialAmount": "133403.2011709000",
        "createdAt": {
          "number": "10922"
        },
        "ratePerRound": {
          "rate": "0.0038051800"
        }
      }
    },
    {
      "dso": "DSO::1220b1431ef217342db44d516bb9befde802be7d8899637d290895fa58880f19accc",
      "owner": "validator_validator_service_user::12209f5d4662034c84373c5637177dc62f1b4816f84619555bb2df658bf1ec83b856",
      "amount": {
        "initialAmount": "6158781.0280076882",
        "createdAt": {
          "number": "10928"
        },
        "ratePerRound": {
          "rate": "0.0038051800"
        }
      }
    },
    {
      "dso": "DSO::1220b1431ef217342db44d516bb9befde802be7d8899637d290895fa58880f19accc",
      "owner": "party-6b38bdfd-7f30-41db-a5b2-5f1c6f961274::1220b8301e18aa8a401d6e34e6c20f8b0243183c514373bca8f1b6b9270246341a9e",
      "amount": {
        "initialAmount": "8326.1087433600",
        "createdAt": {
          "number": "34441"
        },
        "ratePerRound": {
          "rate": "0.0038051800"
        }
      }
    },
    {
      "dso": "DSO::1220b1431ef217342db44d516bb9befde802be7d8899637d290895fa58880f19accc",
      "owner": "5e242a43-ab0c-4ec1-b551-3e82c48f9f10::1220921c9c5579f2648609d8b007793ffbe31efb311c79c53cbc68571827c1c5ebee",
      "amount": {
        "initialAmount": "9998.5988584460",
        "createdAt": {
          "number": "47835"
        },
        "ratePerRound": {
          "rate": "0.0003805180"
        }
      }
    },
    {
      "dso": "DSO::1220b1431ef217342db44d516bb9befde802be7d8899637d290895fa58880f19accc",
      "owner": "791ae51f-9d81-4226-8242-7ce23d153132::1220921c9c5579f2648609d8b007793ffbe31efb311c79c53cbc68571827c1c5ebee",
      "amount": {
        "initialAmount": "9998.5988584460",
        "createdAt": {
          "number": "47835"
        },
        "ratePerRound": {
          "rate": "0.0003805180"
        }
      }
    },
    {
      "dso": "DSO::1220b1431ef217342db44d516bb9befde802be7d8899637d290895fa58880f19accc",
      "owner": "c1ee22a3-e07f-4a9b-85be-fb5b087c8cdb::1220921c9c5579f2648609d8b007793ffbe31efb311c79c53cbc68571827c1c5ebee",
      "amount": {
        "initialAmount": "9998.5988584460",
        "createdAt": {
          "number": "47835"
        },
        "ratePerRound": {
          "rate": "0.0003805180"
        }
      }
    },
    {
      "dso": "DSO::1220b1431ef217342db44d516bb9befde802be7d8899637d290895fa58880f19accc",
      "owner": "9ecb89a9-41cf-4ae6-bed9-970f7209cc44::1220921c9c5579f2648609d8b007793ffbe31efb311c79c53cbc68571827c1c5ebee",
      "amount": {
        "initialAmount": "9998.5988584460",
        "createdAt": {
          "number": "47835"
        },
        "ratePerRound": {
          "rate": "0.0003805180"
        }
      }
    },
    {
      "dso": "DSO::1220b1431ef217342db44d516bb9befde802be7d8899637d290895fa58880f19accc",
      "owner": "d56b1e0a-26c2-4049-be5f-304526d33b66::1220921c9c5579f2648609d8b007793ffbe31efb311c79c53cbc68571827c1c5ebee",
      "amount": {
        "initialAmount": "9998.5988584460",
        "createdAt": {
          "number": "47835"
        },
        "ratePerRound": {
          "rate": "0.0003805180"
        }
      }
    },
    {
      "dso": "DSO::1220b1431ef217342db44d516bb9befde802be7d8899637d290895fa58880f19accc",
      "owner": "06aa1544-a9d6-45fa-8fab-0f46b0182666::1220921c9c5579f2648609d8b007793ffbe31efb311c79c53cbc68571827c1c5ebee",
      "amount": {
        "initialAmount": "9998.5988584460",
        "createdAt": {
          "number": "47835"
        },
        "ratePerRound": {
          "rate": "0.0003805180"
        }
      }
    },
    {
      "dso": "DSO::1220b1431ef217342db44d516bb9befde802be7d8899637d290895fa58880f19accc",
      "owner": "3075d7a7-7b9f-48fc-9bca-a3888efd880a::1220921c9c5579f2648609d8b007793ffbe31efb311c79c53cbc68571827c1c5ebee",
      "amount": {
        "initialAmount": "9998.5874429060",
        "createdAt": {
          "number": "48424"
        },
        "ratePerRound": {
          "rate": "0.0003805180"
        }
      }
    },
    {
      "dso": "DSO::1220b1431ef217342db44d516bb9befde802be7d8899637d290895fa58880f19accc",
      "owner": "c01f6feb-3369-44f8-93e9-b902f94c739f::1220921c9c5579f2648609d8b007793ffbe31efb311c79c53cbc68571827c1c5ebee",
      "amount": {
        "initialAmount": "9998.5874429060",
        "createdAt": {
          "number": "48424"
        },
        "ratePerRound": {
          "rate": "0.0003805180"
        }
      }
    }
  ]
}