{
  "metadata": {
    "template_id": "3ca1343ab26b453d38c8adb70dca5f1ead8440c42b59b68f070786955cbf9ec1:Splice.AmuletRules:AmuletRules",
    "canonical_package": "3ca1343ab26b453d38c8adb70dca5f1ead8440c42b59b68f070786955cbf9ec1",
    "migration_id": 3,
    "record_time": "2025-10-30T21:00:00Z",
    "timestamp": "2025-10-30T23:52:55.957Z",
    "entry_count": 1
  },
  "data": [
    {
      "dso": "DSO::1220b1431ef217342db44d516bb9befde802be7d8899637d290895fa58880f19accc",
      "configSchedule": {
        "initialValue": {
          "transferConfig": {
            "createFee": {
              "fee": "0E-10"
            },
            "holdingFee": {
              "rate": "0.0000190259"
            },
            "transferFee": {
              "initialRate": "0E-10",
              "steps": [
                {
                  "_1": "100.0000000000",
                  "_2": "0E-10"
                },
                {
                  "_1": "1000.0000000000",
                  "_2": "0E-10"
                },
                {
                  "_1": "1000000.0000000000",
                  "_2": "0E-10"
                }
              ]
            },
            "lockHolderFee": {
              "fee": "0E-10"
            },
            "extraFeaturedAppRewardAmount": "1.0000000000",
            "maxNumInputs": "100",
            "maxNumOutputs": "100",
            "maxNumLockHolders": "50"
          },
          "issuanceCurve": {
            "initialValue": {
              "amuletToIssuePerYear": "40000000000.0000000000",
              "validatorRewardPercentage": "0.0500000000",
              "appRewardPercentage": "0.1500000000",
              "validatorRewardCap": "0.2000000000",
              "featuredAppRewardCap": "20000.0000000000",
              "unfeaturedAppRewardCap": "0.6000000000",
              "optValidatorFaucetCap": "570.0000000000"
            },
            "futureValues": [
              {
                "_1": {
                  "microseconds": "15768000000000"
                },
                "_2": {
                  "amuletToIssuePerYear": "20000000000.0000000000",
                  "validatorRewardPercentage": "0.1200000000",
                  "appRewardPercentage": "0.4000000000",
                  "validatorRewardCap": "0.2000000000",
                  "featuredAppRewardCap": "20000.0000000000",
                  "unfeaturedAppRewardCap": "0.6000000000",
                  "optValidatorFaucetCap": "570.0000000000"
                }
              },
              {
                "_1": {
                  "microseconds": "47304000000000"
                },
                "_2": {
                  "amuletToIssuePerYear": "10000000000.0000000000",
                  "validatorRewardPercentage": "0.1800000000",
                  "appRewardPercentage": "0.6200000000",
                  "validatorRewardCap": "0.2000000000",
                  "featuredAppRewardCap": "20000.0000000000",
                  "unfeaturedAppRewardCap": "0.6000000000",
                  "optValidatorFaucetCap": "570.0000000000"
                }
              },
              {
                "_1": {
                  "microseconds": "157680000000000"
                },
                "_2": {
                  "amuletToIssuePerYear": "5000000000.0000000000",
                  "validatorRewardPercentage": "0.2100000000",
                  "appRewardPercentage": "0.6900000000",
                  "validatorRewardCap": "0.2000000000",
                  "featuredAppRewardCap": "20000.0000000000",
                  "unfeaturedAppRewardCap": "0.6000000000",
                  "optValidatorFaucetCap": "570.0000000000"
                }
              },
              {
                "_1": {
                  "microseconds": "315360000000000"
                },
                "_2": {
                  "amuletToIssuePerYear": "2500000000.0000000000",
                  "validatorRewardPercentage": "0.2000000000",
                  "appRewardPercentage": "0.7500000000",
                  "validatorRewardCap": "0.2000000000",
                  "featuredAppRewardCap": "20000.0000000000",
                  "unfeaturedAppRewardCap": "0.6000000000",
                  "optValidatorFaucetCap": "570.0000000000"
                }
              }
            ]
          },
          "decentralizedSynchronizer": {
            "requiredSynchronizers": {
              "map": [
                [
                  "global-domain::1220b1431ef217342db44d516bb9befde802be7d8899637d290895fa58880f19accc",
                  {}
                ]
              ]
            },
            "activeSynchronizer": "global-domain::1220b1431ef217342db44d516bb9befde802be7d8899637d290895fa58880f19accc",
            "fees": {
              "baseRateTrafficLimits": {
                "burstAmount": "200000",
                "burstWindow": {
                  "microseconds": "1200000000"
                }
              },
              "extraTrafficPrice": "60.0000000000",
              "readVsWriteScalingFactor": "4",
              "minTopupAmount": "200000"
            }
          },
          "tickDuration": {
            "microseconds": "600000000"
          },
          "packageConfig": {
            "amulet": "0.1.14",
            "amuletNameService": "0.1.15",
            "dsoGovernance": "0.1.20",
            "validatorLifecycle": "0.1.5",
            "wallet": "0.1.14",
            "walletPayments": "0.1.14"
          },
          "transferPreapprovalFee": null,
          "featuredAppActivityMarkerAmount": "1.0000000000"
        },
        "futureValues": []
      },
      "isDevNet": false
    }
  ]
}