{
  "metadata": {
    "template_id": "3ca1343ab26b453d38c8adb70dca5f1ead8440c42b59b68f070786955cbf9ec1:Splice.Round:ClosedMiningRound",
    "canonical_package": "3ca1343ab26b453d38c8adb70dca5f1ead8440c42b59b68f070786955cbf9ec1",
    "migration_id": 3,
    "record_time": "2025-10-30T21:00:00Z",
    "timestamp": "2025-10-30T23:52:55.952Z",
    "entry_count": 4
  },
  "data": [
    {
      "dso": "DSO::1220b1431ef217342db44d516bb9befde802be7d8899637d290895fa58880f19accc",
      "round": {
        "number": "66481"
      },
      "issuancePerValidatorRewardCoupon": "0.2000000000",
      "issuancePerFeaturedAppRewardCoupon": "3.8947587798",
      "issuancePerUnfeaturedAppRewardCoupon": "0.6000000000",
      "issuancePerSvRewardCoupon": "0.0779882160",
      "optIssuancePerValidatorFaucetCoupon": "69.3919677077"
    },
    {
      "dso": "DSO::1220b1431ef217342db44d516bb9befde802be7d8899637d290895fa58880f19accc",
      "round": {
        "number": "66482"
      },
      "issuancePerValidatorRewardCoupon": "0.2000000000",
      "issuancePerFeaturedAppRewardCoupon": "4.0175896906",
      "issuancePerUnfeaturedAppRewardCoupon": "0.6000000000",
      "issuancePerSvRewardCoupon": "0.0779882160",
      "optIssuancePerValidatorFaucetCoupon": "64.6433272963"
    },
    {
      "dso": "DSO::1220b1431ef217342db44d516bb9befde802be7d8899637d290895fa58880f19accc",
      "round": {
        "number": "66483"
      },
      "issuancePerValidatorRewardCoupon": "0.2000000000",
      "issuancePerFeaturedAppRewardCoupon": "5.7062506692",
      "issuancePerUnfeaturedAppRewardCoupon": "0.6000000000",
      "issuancePerSvRewardCoupon": "0.0779882160",
      "optIssuancePerValidatorFaucetCoupon": "72.3309087676"
    },
    {
      "dso": "DSO::1220b1431ef217342db44d516bb9befde802be7d8899637d290895fa58880f19accc",
      "round": {
        "number": "66484"
      },
      "issuancePerValidatorRewardCoupon": "0.2000000000",
      "issuancePerFeaturedAppRewardCoupon": "4.7225086603",
      "issuancePerUnfeaturedAppRewardCoupon": "0.6000000000",
      "issuancePerSvRewardCoupon": "0.0779882160",
      "optIssuancePerValidatorFaucetCoupon": "66.8968953441"
    }
  ]
}