{
  "metadata": {
    "template_id": "3ca1343ab26b453d38c8adb70dca5f1ead8440c42b59b68f070786955cbf9ec1:Splice.Round:OpenMiningRound",
    "canonical_package": "3ca1343ab26b453d38c8adb70dca5f1ead8440c42b59b68f070786955cbf9ec1",
    "migration_id": 3,
    "record_time": "2025-10-30T21:00:00Z",
    "timestamp": "2025-10-30T23:52:55.979Z",
    "entry_count": 3
  },
  "data": [
    {
      "dso": "DSO::1220b1431ef217342db44d516bb9befde802be7d8899637d290895fa58880f19accc",
      "round": {
        "number": "68517"
      },
      "amuletPrice": "0.1250000000",
      "opensAt": "2025-10-30T20:43:43.034648Z",
      "targetClosesAt": "2025-10-30T21:03:43.034648Z",
      "issuingFor": {
        "microseconds": "41110200000000"
      },
      "transferConfigUsd": {
        "createFee": {
          "fee": "0E-10"
        },
        "holdingFee": {
          "rate": "0.0000190259"
        },
        "transferFee": {
          "initialRate": "0E-10",
          "steps": [
            {
              "_1": "100.0000000000",
              "_2": "0E-10"
            },
            {
              "_1": "1000.0000000000",
              "_2": "0E-10"
            },
            {
              "_1": "1000000.0000000000",
              "_2": "0E-10"
            }
          ]
        },
        "lockHolderFee": {
          "fee": "0E-10"
        },
        "extraFeaturedAppRewardAmount": "1.0000000000",
        "maxNumInputs": "100",
        "maxNumOutputs": "100",
        "maxNumLockHolders": "50"
      },
      "issuanceConfig": {
        "amuletToIssuePerYear": "20000000000.0000000000",
        "validatorRewardPercentage": "0.1200000000",
        "appRewardPercentage": "0.4000000000",
        "validatorRewardCap": "0.2000000000",
        "featuredAppRewardCap": "20000.0000000000",
        "unfeaturedAppRewardCap": "0.6000000000",
        "optValidatorFaucetCap": "570.0000000000"
      },
      "tickDuration": {
        "microseconds": "600000000"
      }
    },
    {
      "dso": "DSO::1220b1431ef217342db44d516bb9befde802be7d8899637d290895fa58880f19accc",
      "round": {
        "number": "68518"
      },
      "amuletPrice": "0.1250000000",
      "opensAt": "2025-10-30T20:54:02.057035Z",
      "targetClosesAt": "2025-10-30T21:14:02.057035Z",
      "issuingFor": {
        "microseconds": "41110800000000"
      },
      "transferConfigUsd": {
        "createFee": {
          "fee": "0E-10"
        },
        "holdingFee": {
          "rate": "0.0000190259"
        },
        "transferFee": {
          "initialRate": "0E-10",
          "steps": [
            {
              "_1": "100.0000000000",
              "_2": "0E-10"
            },
            {
              "_1": "1000.0000000000",
              "_2": "0E-10"
            },
            {
              "_1": "1000000.0000000000",
              "_2": "0E-10"
            }
          ]
        },
        "lockHolderFee": {
          "fee": "0E-10"
        },
        "extraFeaturedAppRewardAmount": "1.0000000000",
        "maxNumInputs": "100",
        "maxNumOutputs": "100",
        "maxNumLockHolders": "50"
      },
      "issuanceConfig": {
        "amuletToIssuePerYear": "20000000000.0000000000",
        "validatorRewardPercentage": "0.1200000000",
        "appRewardPercentage": "0.4000000000",
        "validatorRewardCap": "0.2000000000",
        "featuredAppRewardCap": "20000.0000000000",
        "unfeaturedAppRewardCap": "0.6000000000",
        "optValidatorFaucetCap": "570.0000000000"
      },
      "tickDuration": {
        "microseconds": "600000000"
      }
    },
    {
      "dso": "DSO::1220b1431ef217342db44d516bb9befde802be7d8899637d290895fa58880f19accc",
      "round": {
        "number": "68519"
      },
      "amuletPrice": "0.1250000000",
      "opensAt": "2025-10-30T21:04:13.863472Z",
      "targetClosesAt": "2025-10-30T21:24:13.863472Z",
      "issuingFor": {
        "microseconds": "41111400000000"
      },
      "transferConfigUsd": {
        "createFee": {
          "fee": "0E-10"
        },
        "holdingFee": {
          "rate": "0.0000190259"
        },
        "transferFee": {
          "initialRate": "0E-10",
          "steps": [
            {
              "_1": "100.0000000000",
              "_2": "0E-10"
            },
            {
              "_1": "1000.0000000000",
              "_2": "0E-10"
            },
            {
              "_1": "1000000.0000000000",
              "_2": "0E-10"
            }
          ]
        },
        "lockHolderFee": {
          "fee": "0E-10"
        },
        "extraFeaturedAppRewardAmount": "1.0000000000",
        "maxNumInputs": "100",
        "maxNumOutputs": "100",
        "maxNumLockHolders": "50"
      },
      "issuanceConfig": {
        "amuletToIssuePerYear": "20000000000.0000000000",
        "validatorRewardPercentage": "0.1200000000",
        "appRewardPercentage": "0.4000000000",
        "validatorRewardCap": "0.2000000000",
        "featuredAppRewardCap": "20000.0000000000",
        "unfeaturedAppRewardCap": "0.6000000000",
        "optValidatorFaucetCap": "570.0000000000"
      },
      "tickDuration": {
        "microseconds": "600000000"
      }
    }
  ]
}