{
  "metadata": {
    "template_id": "3ca1343ab26b453d38c8adb70dca5f1ead8440c42b59b68f070786955cbf9ec1:Splice.Round:IssuingMiningRound",
    "canonical_package": "3ca1343ab26b453d38c8adb70dca5f1ead8440c42b59b68f070786955cbf9ec1",
    "migration_id": 3,
    "record_time": "2025-10-30T21:00:00Z",
    "timestamp": "2025-10-30T23:52:55.980Z",
    "entry_count": 3
  },
  "data": [
    {
      "dso": "DSO::1220b1431ef217342db44d516bb9befde802be7d8899637d290895fa58880f19accc",
      "round": {
        "number": "68514"
      },
      "issuancePerValidatorRewardCoupon": "0.1459944092",
      "issuancePerFeaturedAppRewardCoupon": "1.9595718690",
      "issuancePerUnfeaturedAppRewardCoupon": "0.6000000000",
      "issuancePerSvRewardCoupon": "0.0744895603",
      "opensAt": "2025-10-30T20:44:57.629837Z",
      "targetClosesAt": "2025-10-30T21:04:57.629837Z",
      "optIssuancePerValidatorFaucetCoupon": "0E-10"
    },
    {
      "dso": "DSO::1220b1431ef217342db44d516bb9befde802be7d8899637d290895fa58880f19accc",
      "round": {
        "number": "68515"
      },
      "issuancePerValidatorRewardCoupon": "0.2000000000",
      "issuancePerFeaturedAppRewardCoupon": "1.9795525210",
      "issuancePerUnfeaturedAppRewardCoupon": "0.6000000000",
      "issuancePerSvRewardCoupon": "0.0744895603",
      "opensAt": "2025-10-30T20:54:44.587299Z",
      "targetClosesAt": "2025-10-30T21:14:44.587299Z",
      "optIssuancePerValidatorFaucetCoupon": "63.8284278046"
    },
    {
      "dso": "DSO::1220b1431ef217342db44d516bb9befde802be7d8899637d290895fa58880f19accc",
      "round": {
        "number": "68516"
      },
      "issuancePerValidatorRewardCoupon": "0.2000000000",
      "issuancePerFeaturedAppRewardCoupon": "2.0953145515",
      "issuancePerUnfeaturedAppRewardCoupon": "0.6000000000",
      "issuancePerSvRewardCoupon": "0.0744895603",
      "opensAt": "2025-10-30T21:05:27.460491Z",
      "targetClosesAt": "2025-10-30T21:25:27.460491Z",
      "optIssuancePerValidatorFaucetCoupon": "68.9829041370"
    }
  ]
}