{
  "metadata": {
    "template_id": "3ca1343ab26b453d38c8adb70dca5f1ead8440c42b59b68f070786955cbf9ec1:Splice.Amulet:SvRewardCoupon",
    "canonical_package": "3ca1343ab26b453d38c8adb70dca5f1ead8440c42b59b68f070786955cbf9ec1",
    "migration_id": 3,
    "record_time": "2025-10-30T21:00:00Z",
    "timestamp": "2025-10-30T23:52:55.960Z",
    "entry_count": 142
  },
  "data": [
    {
      "dso": "DSO::1220b1431ef217342db44d516bb9befde802be7d8899637d290895fa58880f19accc",
      "sv": "Global-Synchronizer-Foundation::1220b0867964b602f2cc7ea61324a95f000f0060e735cfaf4f23f424fdab02c170ac",
      "beneficiary": "MonsteraFZE-ghost-1::1220f5cf298f609f538b46a2a0347d299028ddca7ea008aaed65e0ca862db974c5e2",
      "round": {
        "number": "68514"
      },
      "weight": "50000"
    },
    {
      "dso": "DSO::1220b1431ef217342db44d516bb9befde802be7d8899637d290895fa58880f19accc",
      "sv": "Global-Synchronizer-Foundation::1220b0867964b602f2cc7ea61324a95f000f0060e735cfaf4f23f424fdab02c170ac",
      "beneficiary": "Kaiko-ghost-1::1220f5cf298f609f538b46a2a0347d299028ddca7ea008aaed65e0ca862db974c5e2",
      "round": {
        "number": "68514"
      },
      "weight": "25000"
    },
    {
      "dso": "DSO::1220b1431ef217342db44d516bb9befde802be7d8899637d290895fa58880f19accc",
      "sv": "Global-Synchronizer-Foundation::1220b0867964b602f2cc7ea61324a95f000f0060e735cfaf4f23f424fdab02c170ac",
      "beneficiary": "Chainlink-ghost-1::1220f5cf298f609f538b46a2a0347d299028ddca7ea008aaed65e0ca862db974c5e2",
      "round": {
        "number": "68514"
      },
      "weight": "75000"
    },
    {
      "dso": "DSO::1220b1431ef217342db44d516bb9befde802be7d8899637d290895fa58880f19accc",
      "sv": "Global-Synchronizer-Foundation::1220b0867964b602f2cc7ea61324a95f000f0060e735cfaf4f23f424fdab02c170ac",
      "beneficiary": "ZeroHash-ghost-1::1220f5cf298f609f538b46a2a0347d299028ddca7ea008aaed65e0ca862db974c5e2",
      "round": {
        "number": "68514"
      },
      "weight": "75000"
    },
    {
      "dso": "DSO::1220b1431ef217342db44d516bb9befde802be7d8899637d290895fa58880f19accc",
      "sv": "Global-Synchronizer-Foundation::1220b0867964b602f2cc7ea61324a95f000f0060e735cfaf4f23f424fdab02c170ac",
      "beneficiary": "LayerZero-ghost-1::1220f5cf298f609f538b46a2a0347d299028ddca7ea008aaed65e0ca862db974c5e2",
      "round": {
        "number": "68514"
      },
      "weight": "30000"
    },
    {
      "dso": "DSO::1220b1431ef217342db44d516bb9befde802be7d8899637d290895fa58880f19accc",
      "sv": "Global-Synchronizer-Foundation::1220b0867964b602f2cc7ea61324a95f000f0060e735cfaf4f23f424fdab02c170ac",
      "beneficiary": "Ubyx-ghost-1::1220f5cf298f609f538b46a2a0347d299028ddca7ea008aaed65e0ca862db974c5e2",
      "round": {
        "number": "68514"
      },
      "weight": "50000"
    },
    {
      "dso": "DSO::1220b1431ef217342db44d516bb9befde802be7d8899637d290895fa58880f19accc",
      "sv": "Global-Synchronizer-Foundation::1220b0867964b602f2cc7ea61324a95f000f0060e735cfaf4f23f424fdab02c170ac",
      "beneficiary": "Hypernative-ghost-1::1220f5cf298f609f538b46a2a0347d299028ddca7ea008aaed65e0ca862db974c5e2",
      "round": {
        "number": "68514"
      },
      "weight": "10000"
    },
    {
      "dso": "DSO::1220b1431ef217342db44d516bb9befde802be7d8899637d290895fa58880f19accc",
      "sv": "Global-Synchronizer-Foundation::1220b0867964b602f2cc7ea61324a95f000f0060e735cfaf4f23f424fdab02c170ac",
      "beneficiary": "Fireblocks-ghost-1::1220f5cf298f609f538b46a2a0347d299028ddca7ea008aaed65e0ca862db974c5e2",
      "round": {
        "number": "68514"
      },
      "weight": "50000"
    },
    {
      "dso": "DSO::1220b1431ef217342db44d516bb9befde802be7d8899637d290895fa58880f19accc",
      "sv": "Global-Synchronizer-Foundation::1220b0867964b602f2cc7ea61324a95f000f0060e735cfaf4f23f424fdab02c170ac",
      "beneficiary": "Republic-ghost-1::1220f5cf298f609f538b46a2a0347d299028ddca7ea008aaed65e0ca862db974c5e2",
      "round": {
        "number": "68514"
      },
      "weight": "60000"
    },
    {
      "dso": "DSO::1220b1431ef217342db44d516bb9befde802be7d8899637d290895fa58880f19accc",
      "sv": "Global-Synchronizer-Foundation::1220b0867964b602f2cc7ea61324a95f000f0060e735cfaf4f23f424fdab02c170ac",
      "beneficiary": "AngelHack-ghost-1::1220f5cf298f609f538b46a2a0347d299028ddca7ea008aaed65e0ca862db974c5e2",
      "round": {
        "number": "68514"
      },
      "weight": "15000"
    },
    {
      "dso": "DSO::1220b1431ef217342db44d516bb9befde802be7d8899637d290895fa58880f19accc",
      "sv": "Global-Synchronizer-Foundation::1220b0867964b602f2cc7ea61324a95f000f0060e735cfaf4f23f424fdab02c170ac",
      "beneficiary": "BitGo-ghost-1::1220f5cf298f609f538b46a2a0347d299028ddca7ea008aaed65e0ca862db974c5e2",
      "round": {
        "number": "68514"
      },
      "weight": "50000"
    },
    {
      "dso": "DSO::1220b1431ef217342db44d516bb9befde802be7d8899637d290895fa58880f19accc",
      "sv": "Global-Synchronizer-Foundation::1220b0867964b602f2cc7ea61324a95f000f0060e735cfaf4f23f424fdab02c170ac",
      "beneficiary": "Chainlink-ghost-2::1220f5cf298f609f538b46a2a0347d299028ddca7ea008aaed65e0ca862db974c5e2",
      "round": {
        "number": "68514"
      },
      "weight": "30000"
    },
    {
      "dso": "DSO::1220b1431ef217342db44d516bb9befde802be7d8899637d290895fa58880f19accc",
      "sv": "Global-Synchronizer-Foundation::1220b0867964b602f2cc7ea61324a95f000f0060e735cfaf4f23f424fdab02c170ac",
      "beneficiary": "Taurus-ghost-1::1220f5cf298f609f538b46a2a0347d299028ddca7ea008aaed65e0ca862db974c5e2",
      "round": {
        "number": "68514"
      },
      "weight": "50000"
    },
    {
      "dso": "DSO::1220b1431ef217342db44d516bb9befde802be7d8899637d290895fa58880f19accc",
      "sv": "Global-Synchronizer-Foundation::1220b0867964b602f2cc7ea61324a95f000f0060e735cfaf4f23f424fdab02c170ac",
      "beneficiary": "Wormhole-ghost-1::1220f5cf298f609f538b46a2a0347d299028ddca7ea008aaed65e0ca862db974c5e2",
      "round": {
        "number": "68514"
      },
      "weight": "30000"
    },
    {
      "dso": "DSO::1220b1431ef217342db44d516bb9befde802be7d8899637d290895fa58880f19accc",
      "sv": "Global-Synchronizer-Foundation::1220b0867964b602f2cc7ea61324a95f000f0060e735cfaf4f23f424fdab02c170ac",
      "beneficiary": "Zodia-ghost-1::1220f5cf298f609f538b46a2a0347d299028ddca7ea008aaed65e0ca862db974c5e2",
      "round": {
        "number": "68514"
      },
      "weight": "50000"
    },
    {
      "dso": "DSO::1220b1431ef217342db44d516bb9befde802be7d8899637d290895fa58880f19accc",
      "sv": "Global-Synchronizer-Foundation::1220b0867964b602f2cc7ea61324a95f000f0060e735cfaf4f23f424fdab02c170ac",
      "beneficiary": "Ledger-ghost-1::1220f5cf298f609f538b46a2a0347d299028ddca7ea008aaed65e0ca862db974c5e2",
      "round": {
        "number": "68514"
      },
      "weight": "50000"
    },
    {
      "dso": "DSO::1220b1431ef217342db44d516bb9befde802be7d8899637d290895fa58880f19accc",
      "sv": "Global-Synchronizer-Foundation::1220b0867964b602f2cc7ea61324a95f000f0060e735cfaf4f23f424fdab02c170ac",
      "beneficiary": "WoodsideAI-ghost-1::1220f5cf298f609f538b46a2a0347d299028ddca7ea008aaed65e0ca862db974c5e2",
      "round": {
        "number": "68514"
      },
      "weight": "100000"
    },
    {
      "dso": "DSO::1220b1431ef217342db44d516bb9befde802be7d8899637d290895fa58880f19accc",
      "sv": "Proof-Group-1::1220a0027410294266f712c1a4787d2dcb9be20b712486dca010d4d9cdbe3e809385",
      "beneficiary": "Proof-Group-1::1220a0027410294266f712c1a4787d2dcb9be20b712486dca010d4d9cdbe3e809385",
      "round": {
        "number": "68515"
      },
      "weight": "12500"
    },
    {
      "dso": "DSO::1220b1431ef217342db44d516bb9befde802be7d8899637d290895fa58880f19accc",
      "sv": "Global-Synchronizer-Foundation::1220b0867964b602f2cc7ea61324a95f000f0060e735cfaf4f23f424fdab02c170ac",
      "beneficiary": "Chainlink-ghost-1::1220f5cf298f609f538b46a2a0347d299028ddca7ea008aaed65e0ca862db974c5e2",
      "round": {
        "number": "68515"
      },
      "weight": "75000"
    },
    {
      "dso": "DSO::1220b1431ef217342db44d516bb9befde802be7d8899637d290895fa58880f19accc",
      "sv": "Global-Synchronizer-Foundation::1220b0867964b602f2cc7ea61324a95f000f0060e735cfaf4f23f424fdab02c170ac",
      "beneficiary": "Fireblocks-ghost-1::1220f5cf298f609f538b46a2a0347d299028ddca7ea008aaed65e0ca862db974c5e2",
      "round": {
        "number": "68515"
      },
      "weight": "50000"
    },
    {
      "dso": "DSO::1220b1431ef217342db44d516bb9befde802be7d8899637d290895fa58880f19accc",
      "sv": "Global-Synchronizer-Foundation::1220b0867964b602f2cc7ea61324a95f000f0060e735cfaf4f23f424fdab02c170ac",
      "beneficiary": "Ubyx-ghost-1::1220f5cf298f609f538b46a2a0347d299028ddca7ea008aaed65e0ca862db974c5e2",
      "round": {
        "number": "68515"
      },
      "weight": "50000"
    },
    {
      "dso": "DSO::1220b1431ef217342db44d516bb9befde802be7d8899637d290895fa58880f19accc",
      "sv": "Global-Synchronizer-Foundation::1220b0867964b602f2cc7ea61324a95f000f0060e735cfaf4f23f424fdab02c170ac",
      "beneficiary": "Kaiko-ghost-1::1220f5cf298f609f538b46a2a0347d299028ddca7ea008aaed65e0ca862db974c5e2",
      "round": {
        "number": "68515"
      },
      "weight": "25000"
    },
    {
      "dso": "DSO::1220b1431ef217342db44d516bb9befde802be7d8899637d290895fa58880f19accc",
      "sv": "Global-Synchronizer-Foundation::1220b0867964b602f2cc7ea61324a95f000f0060e735cfaf4f23f424fdab02c170ac",
      "beneficiary": "Republic-ghost-1::1220f5cf298f609f538b46a2a0347d299028ddca7ea008aaed65e0ca862db974c5e2",
      "round": {
        "number": "68515"
      },
      "weight": "60000"
    },
    {
      "dso": "DSO::1220b1431ef217342db44d516bb9befde802be7d8899637d290895fa58880f19accc",
      "sv": "Global-Synchronizer-Foundation::1220b0867964b602f2cc7ea61324a95f000f0060e735cfaf4f23f424fdab02c170ac",
      "beneficiary": "MonsteraFZE-ghost-1::1220f5cf298f609f538b46a2a0347d299028ddca7ea008aaed65e0ca862db974c5e2",
      "round": {
        "number": "68515"
      },
      "weight": "50000"
    },
    {
      "dso": "DSO::1220b1431ef217342db44d516bb9befde802be7d8899637d290895fa58880f19accc",
      "sv": "Global-Synchronizer-Foundation::1220b0867964b602f2cc7ea61324a95f000f0060e735cfaf4f23f424fdab02c170ac",
      "beneficiary": "Ledger-ghost-1::1220f5cf298f609f538b46a2a0347d299028ddca7ea008aaed65e0ca862db974c5e2",
      "round": {
        "number": "68515"
      },
      "weight": "50000"
    },
    {
      "dso": "DSO::1220b1431ef217342db44d516bb9befde802be7d8899637d290895fa58880f19accc",
      "sv": "Global-Synchronizer-Foundation::1220b0867964b602f2cc7ea61324a95f000f0060e735cfaf4f23f424fdab02c170ac",
      "beneficiary": "Taurus-ghost-1::1220f5cf298f609f538b46a2a0347d299028ddca7ea008aaed65e0ca862db974c5e2",
      "round": {
        "number": "68515"
      },
      "weight": "50000"
    },
    {
      "dso": "DSO::1220b1431ef217342db44d516bb9befde802be7d8899637d290895fa58880f19accc",
      "sv": "Global-Synchronizer-Foundation::1220b0867964b602f2cc7ea61324a95f000f0060e735cfaf4f23f424fdab02c170ac",
      "beneficiary": "ZeroHash-ghost-1::1220f5cf298f609f538b46a2a0347d299028ddca7ea008aaed65e0ca862db974c5e2",
      "round": {
        "number": "68515"
      },
      "weight": "75000"
    },
    {
      "dso": "DSO::1220b1431ef217342db44d516bb9befde802be7d8899637d290895fa58880f19accc",
      "sv": "Global-Synchronizer-Foundation::1220b0867964b602f2cc7ea61324a95f000f0060e735cfaf4f23f424fdab02c170ac",
      "beneficiary": "Hypernative-ghost-1::1220f5cf298f609f538b46a2a0347d299028ddca7ea008aaed65e0ca862db974c5e2",
      "round": {
        "number": "68515"
      },
      "weight": "10000"
    },
    {
      "dso": "DSO::1220b1431ef217342db44d516bb9befde802be7d8899637d290895fa58880f19accc",
      "sv": "Global-Synchronizer-Foundation::1220b0867964b602f2cc7ea61324a95f000f0060e735cfaf4f23f424fdab02c170ac",
      "beneficiary": "LayerZero-ghost-1::1220f5cf298f609f538b46a2a0347d299028ddca7ea008aaed65e0ca862db974c5e2",
      "round": {
        "number": "68515"
      },
      "weight": "30000"
    },
    {
      "dso": "DSO::1220b1431ef217342db44d516bb9befde802be7d8899637d290895fa58880f19accc",
      "sv": "Global-Synchronizer-Foundation::1220b0867964b602f2cc7ea61324a95f000f0060e735cfaf4f23f424fdab02c170ac",
      "beneficiary": "Wormhole-ghost-1::1220f5cf298f609f538b46a2a0347d299028ddca7ea008aaed65e0ca862db974c5e2",
      "round": {
        "number": "68515"
      },
      "weight": "30000"
    },
    {
      "dso": "DSO::1220b1431ef217342db44d516bb9befde802be7d8899637d290895fa58880f19accc",
      "sv": "Global-Synchronizer-Foundation::1220b0867964b602f2cc7ea61324a95f000f0060e735cfaf4f23f424fdab02c170ac",
      "beneficiary": "AngelHack-ghost-1::1220f5cf298f609f538b46a2a0347d299028ddca7ea008aaed65e0ca862db974c5e2",
      "round": {
        "number": "68515"
      },
      "weight": "15000"
    },
    {
      "dso": "DSO::1220b1431ef217342db44d516bb9befde802be7d8899637d290895fa58880f19accc",
      "sv": "Global-Synchronizer-Foundation::1220b0867964b602f2cc7ea61324a95f000f0060e735cfaf4f23f424fdab02c170ac",
      "beneficiary": "Chainlink-ghost-2::1220f5cf298f609f538b46a2a0347d299028ddca7ea008aaed65e0ca862db974c5e2",
      "round": {
        "number": "68515"
      },
      "weight": "30000"
    },
    {
      "dso": "DSO::1220b1431ef217342db44d516bb9befde802be7d8899637d290895fa58880f19accc",
      "sv": "Global-Synchronizer-Foundation::1220b0867964b602f2cc7ea61324a95f000f0060e735cfaf4f23f424fdab02c170ac",
      "beneficiary": "WoodsideAI-ghost-1::1220f5cf298f609f538b46a2a0347d299028ddca7ea008aaed65e0ca862db974c5e2",
      "round": {
        "number": "68515"
      },
      "weight": "100000"
    },
    {
      "dso": "DSO::1220b1431ef217342db44d516bb9befde802be7d8899637d290895fa58880f19accc",
      "sv": "Global-Synchronizer-Foundation::1220b0867964b602f2cc7ea61324a95f000f0060e735cfaf4f23f424fdab02c170ac",
      "beneficiary": "Zodia-ghost-1::1220f5cf298f609f538b46a2a0347d299028ddca7ea008aaed65e0ca862db974c5e2",
      "round": {
        "number": "68515"
      },
      "weight": "50000"
    },
    {
      "dso": "DSO::1220b1431ef217342db44d516bb9befde802be7d8899637d290895fa58880f19accc",
      "sv": "Global-Synchronizer-Foundation::1220b0867964b602f2cc7ea61324a95f000f0060e735cfaf4f23f424fdab02c170ac",
      "beneficiary": "BitGo-ghost-1::1220f5cf298f609f538b46a2a0347d299028ddca7ea008aaed65e0ca862db974c5e2",
      "round": {
        "number": "68515"
      },
      "weight": "50000"
    },
    {
      "dso": "DSO::1220b1431ef217342db44d516bb9befde802be7d8899637d290895fa58880f19accc",
      "sv": "Cumberland-1::12201aa8a23046d5740c9edd58f7e820c83e7f5c58f25551f955f3252d3a04240860",
      "beneficiary": "Cumberland-1::12201aa8a23046d5740c9edd58f7e820c83e7f5c58f25551f955f3252d3a04240860",
      "round": {
        "number": "68516"
      },
      "weight": "136125"
    },
    {
      "dso": "DSO::1220b1431ef217342db44d516bb9befde802be7d8899637d290895fa58880f19accc",
      "sv": "Global-Synchronizer-Foundation::1220b0867964b602f2cc7ea61324a95f000f0060e735cfaf4f23f424fdab02c170ac",
      "beneficiary": "bitwave-finance-1::1220ab03fc0c7f77428d8f568276b64a6e6a04e340c842581a0d4e676ad7e094c1bb",
      "round": {
        "number": "68516"
      },
      "weight": "10000"
    },
    {
      "dso": "DSO::1220b1431ef217342db44d516bb9befde802be7d8899637d290895fa58880f19accc",
      "sv": "Global-Synchronizer-Foundation::1220b0867964b602f2cc7ea61324a95f000f0060e735cfaf4f23f424fdab02c170ac",
      "beneficiary": "Fireblocks-ghost-1::1220f5cf298f609f538b46a2a0347d299028ddca7ea008aaed65e0ca862db974c5e2",
      "round": {
        "number": "68516"
      },
      "weight": "50000"
    },
    {
      "dso": "DSO::1220b1431ef217342db44d516bb9befde802be7d8899637d290895fa58880f19accc",
      "sv": "Global-Synchronizer-Foundation::1220b0867964b602f2cc7ea61324a95f000f0060e735cfaf4f23f424fdab02c170ac",
      "beneficiary": "angelhack-mainnet-1::12205162445638c3f71c9942b74360134b4ebc953b5bea2c25adc99bff130bffd060",
      "round": {
        "number": "68516"
      },
      "weight": "10000"
    },
    {
      "dso": "DSO::1220b1431ef217342db44d516bb9befde802be7d8899637d290895fa58880f19accc",
      "sv": "Global-Synchronizer-Foundation::1220b0867964b602f2cc7ea61324a95f000f0060e735cfaf4f23f424fdab02c170ac",
      "beneficiary": "validator_DFNS::122055a1a137eacd142f00d72a7bd9c6b83ad00f65d97cb79a343d42c2077ae29ca6",
      "round": {
        "number": "68516"
      },
      "weight": "10000"
    },
    {
      "dso": "DSO::1220b1431ef217342db44d516bb9befde802be7d8899637d290895fa58880f19accc",
      "sv": "Global-Synchronizer-Foundation::1220b0867964b602f2cc7ea61324a95f000f0060e735cfaf4f23f424fdab02c170ac",
      "beneficiary": "Chainlink-ghost-1::1220f5cf298f609f538b46a2a0347d299028ddca7ea008aaed65e0ca862db974c5e2",
      "round": {
        "number": "68516"
      },
      "weight": "75000"
    },
    {
      "dso": "DSO::1220b1431ef217342db44d516bb9befde802be7d8899637d290895fa58880f19accc",
      "sv": "Global-Synchronizer-Foundation::1220b0867964b602f2cc7ea61324a95f000f0060e735cfaf4f23f424fdab02c170ac",
      "beneficiary": "AngelHack-ghost-1::1220f5cf298f609f538b46a2a0347d299028ddca7ea008aaed65e0ca862db974c5e2",
      "round": {
        "number": "68516"
      },
      "weight": "15000"
    },
    {
      "dso": "DSO::1220b1431ef217342db44d516bb9befde802be7d8899637d290895fa58880f19accc",
      "sv": "Global-Synchronizer-Foundation::1220b0867964b602f2cc7ea61324a95f000f0060e735cfaf4f23f424fdab02c170ac",
      "beneficiary": "Kaiko-ghost-1::1220f5cf298f609f538b46a2a0347d299028ddca7ea008aaed65e0ca862db974c5e2",
      "round": {
        "number": "68516"
      },
      "weight": "25000"
    },
    {
      "dso": "DSO::1220b1431ef217342db44d516bb9befde802be7d8899637d290895fa58880f19accc",
      "sv": "Global-Synchronizer-Foundation::1220b0867964b602f2cc7ea61324a95f000f0060e735cfaf4f23f424fdab02c170ac",
      "beneficiary": "Quantstamp-validator-1::1220acba2f1ab44b954a6de966678d7cc069e66a3986e4b5f4af29a6445c208f8fb1",
      "round": {
        "number": "68516"
      },
      "weight": "10000"
    },
    {
      "dso": "DSO::1220b1431ef217342db44d516bb9befde802be7d8899637d290895fa58880f19accc",
      "sv": "Global-Synchronizer-Foundation::1220b0867964b602f2cc7ea61324a95f000f0060e735cfaf4f23f424fdab02c170ac",
      "beneficiary": "validator_Broadridge::1220b0008ea5531b9e47d3315a822ca8b923b5bdd568c934557402d7160b8af4815d",
      "round": {
        "number": "68516"
      },
      "weight": "100000"
    },
    {
      "dso": "DSO::1220b1431ef217342db44d516bb9befde802be7d8899637d290895fa58880f19accc",
      "sv": "Global-Synchronizer-Foundation::1220b0867964b602f2cc7ea61324a95f000f0060e735cfaf4f23f424fdab02c170ac",
      "beneficiary": "Chainlink-ghost-2::1220f5cf298f609f538b46a2a0347d299028ddca7ea008aaed65e0ca862db974c5e2",
      "round": {
        "number": "68516"
      },
      "weight": "30000"
    },
    {
      "dso": "DSO::1220b1431ef217342db44d516bb9befde802be7d8899637d290895fa58880f19accc",
      "sv": "Global-Synchronizer-Foundation::1220b0867964b602f2cc7ea61324a95f000f0060e735cfaf4f23f424fdab02c170ac",
      "beneficiary": "validator_GSF-1::12201725270d497ab23ceffd0d2acce46cc9da44586fd494786ef53cc58b6e4abd79",
      "round": {
        "number": "68516"
      },
      "weight": "100000"
    },
    {
      "dso": "DSO::1220b1431ef217342db44d516bb9befde802be7d8899637d290895fa58880f19accc",
      "sv": "Global-Synchronizer-Foundation::1220b0867964b602f2cc7ea61324a95f000f0060e735cfaf4f23f424fdab02c170ac",
      "beneficiary": "kiln-validator-1::12209024881cf76bf1c15342e9e3b4bd751d5582947a58b42a6532eef867f83ceea3",
      "round": {
        "number": "68516"
      },
      "weight": "10000"
    },
    {
      "dso": "DSO::1220b1431ef217342db44d516bb9befde802be7d8899637d290895fa58880f19accc",
      "sv": "Global-Synchronizer-Foundation::1220b0867964b602f2cc7ea61324a95f000f0060e735cfaf4f23f424fdab02c170ac",
      "beneficiary": "BitGo-ghost-1::1220f5cf298f609f538b46a2a0347d299028ddca7ea008aaed65e0ca862db974c5e2",
      "round": {
        "number": "68516"
      },
      "weight": "50000"
    },
    {
      "dso": "DSO::1220b1431ef217342db44d516bb9befde802be7d8899637d290895fa58880f19accc",
      "sv": "Global-Synchronizer-Foundation::1220b0867964b602f2cc7ea61324a95f000f0060e735cfaf4f23f424fdab02c170ac",
      "beneficiary": "LayerZero-ghost-1::1220f5cf298f609f538b46a2a0347d299028ddca7ea008aaed65e0ca862db974c5e2",
      "round": {
        "number": "68516"
      },
      "weight": "30000"
    },
    {
      "dso": "DSO::1220b1431ef217342db44d516bb9befde802be7d8899637d290895fa58880f19accc",
      "sv": "Global-Synchronizer-Foundation::1220b0867964b602f2cc7ea61324a95f000f0060e735cfaf4f23f424fdab02c170ac",
      "beneficiary": "kaiko-mainnet-1::1220f67b4f1c8742d83ac7e12749d98195bf88ff120b2dab369291cf6a2ca27be9a9",
      "round": {
        "number": "68516"
      },
      "weight": "40000"
    },
    {
      "dso": "DSO::1220b1431ef217342db44d516bb9befde802be7d8899637d290895fa58880f19accc",
      "sv": "Global-Synchronizer-Foundation::1220b0867964b602f2cc7ea61324a95f000f0060e735cfaf4f23f424fdab02c170ac",
      "beneficiary": "circle-validator-1::12209d457bab21f1ce3d52f979cdf021c2990cb74cf01ef2dcf41bf87a79ddaf3ba8",
      "round": {
        "number": "68516"
      },
      "weight": "100000"
    },
    {
      "dso": "DSO::1220b1431ef217342db44d516bb9befde802be7d8899637d290895fa58880f19accc",
      "sv": "Global-Synchronizer-Foundation::1220b0867964b602f2cc7ea61324a95f000f0060e735cfaf4f23f424fdab02c170ac",
      "beneficiary": "WoodsideAI-ghost-1::1220f5cf298f609f538b46a2a0347d299028ddca7ea008aaed65e0ca862db974c5e2",
      "round": {
        "number": "68516"
      },
      "weight": "100000"
    },
    {
      "dso": "DSO::1220b1431ef217342db44d516bb9befde802be7d8899637d290895fa58880f19accc",
      "sv": "Global-Synchronizer-Foundation::1220b0867964b602f2cc7ea61324a95f000f0060e735cfaf4f23f424fdab02c170ac",
      "beneficiary": "Zodia-ghost-1::1220f5cf298f609f538b46a2a0347d299028ddca7ea008aaed65e0ca862db974c5e2",
      "round": {
        "number": "68516"
      },
      "weight": "50000"
    },
    {
      "dso": "DSO::1220b1431ef217342db44d516bb9befde802be7d8899637d290895fa58880f19accc",
      "sv": "Global-Synchronizer-Foundation::1220b0867964b602f2cc7ea61324a95f000f0060e735cfaf4f23f424fdab02c170ac",
      "beneficiary": "ObsidianSystems-validator-1::1220f8a24f975dc3d070e3111279bc2bf2d713a77c5570cbdd2064acb6a4d8d6feea",
      "round": {
        "number": "68516"
      },
      "weight": "10000"
    },
    {
      "dso": "DSO::1220b1431ef217342db44d516bb9befde802be7d8899637d290895fa58880f19accc",
      "sv": "Global-Synchronizer-Foundation::1220b0867964b602f2cc7ea61324a95f000f0060e735cfaf4f23f424fdab02c170ac",
      "beneficiary": "Ledger-ghost-1::1220f5cf298f609f538b46a2a0347d299028ddca7ea008aaed65e0ca862db974c5e2",
      "round": {
        "number": "68516"
      },
      "weight": "50000"
    },
    {
      "dso": "DSO::1220b1431ef217342db44d516bb9befde802be7d8899637d290895fa58880f19accc",
      "sv": "Global-Synchronizer-Foundation::1220b0867964b602f2cc7ea61324a95f000f0060e735cfaf4f23f424fdab02c170ac",
      "beneficiary": "Republic-ghost-1::1220f5cf298f609f538b46a2a0347d299028ddca7ea008aaed65e0ca862db974c5e2",
      "round": {
        "number": "68516"
      },
      "weight": "60000"
    },
    {
      "dso": "DSO::1220b1431ef217342db44d516bb9befde802be7d8899637d290895fa58880f19accc",
      "sv": "Global-Synchronizer-Foundation::1220b0867964b602f2cc7ea61324a95f000f0060e735cfaf4f23f424fdab02c170ac",
      "beneficiary": "CoinMetrics-validator-1::1220b6cf34a2c8937dc72403e7a8b57c80049be8aff3e5e2d992063460bdc8636466",
      "round": {
        "number": "68516"
      },
      "weight": "10000"
    },
    {
      "dso": "DSO::1220b1431ef217342db44d516bb9befde802be7d8899637d290895fa58880f19accc",
      "sv": "Global-Synchronizer-Foundation::1220b0867964b602f2cc7ea61324a95f000f0060e735cfaf4f23f424fdab02c170ac",
      "beneficiary": "Elliptic-validator-1::12205ddf609265d68ee694480f86331de14766bdac30800d04e491b93aca1a81d629",
      "round": {
        "number": "68516"
      },
      "weight": "5000"
    },
    {
      "dso": "DSO::1220b1431ef217342db44d516bb9befde802be7d8899637d290895fa58880f19accc",
      "sv": "Global-Synchronizer-Foundation::1220b0867964b602f2cc7ea61324a95f000f0060e735cfaf4f23f424fdab02c170ac",
      "beneficiary": "figment-mainnetValidator-1::1220b46e6ce64f99510274b4aaa573b32089e69cfee0f1e918539f19f78e9ea23ba4",
      "round": {
        "number": "68516"
      },
      "weight": "10000"
    },
    {
      "dso": "DSO::1220b1431ef217342db44d516bb9befde802be7d8899637d290895fa58880f19accc",
      "sv": "Global-Synchronizer-Foundation::1220b0867964b602f2cc7ea61324a95f000f0060e735cfaf4f23f424fdab02c170ac",
      "beneficiary": "MonsteraFZE-ghost-1::1220f5cf298f609f538b46a2a0347d299028ddca7ea008aaed65e0ca862db974c5e2",
      "round": {
        "number": "68516"
      },
      "weight": "50000"
    },
    {
      "dso": "DSO::1220b1431ef217342db44d516bb9befde802be7d8899637d290895fa58880f19accc",
      "sv": "Global-Synchronizer-Foundation::1220b0867964b602f2cc7ea61324a95f000f0060e735cfaf4f23f424fdab02c170ac",
      "beneficiary": "IntellectEU-SVrewards-1::122085181345795b9e58122cef90b8df61ddfe128cdaf9abbcb77f8cef92950c1d05",
      "round": {
        "number": "68516"
      },
      "weight": "10000"
    },
    {
      "dso": "DSO::1220b1431ef217342db44d516bb9befde802be7d8899637d290895fa58880f19accc",
      "sv": "Global-Synchronizer-Foundation::1220b0867964b602f2cc7ea61324a95f000f0060e735cfaf4f23f424fdab02c170ac",
      "beneficiary": "Hypernative-ghost-1::1220f5cf298f609f538b46a2a0347d299028ddca7ea008aaed65e0ca862db974c5e2",
      "round": {
        "number": "68516"
      },
      "weight": "10000"
    },
    {
      "dso": "DSO::1220b1431ef217342db44d516bb9befde802be7d8899637d290895fa58880f19accc",
      "sv": "Global-Synchronizer-Foundation::1220b0867964b602f2cc7ea61324a95f000f0060e735cfaf4f23f424fdab02c170ac",
      "beneficiary": "copper-mainnet-validator::122038dd7fcbdd68bde47034abfd582cbe38854d94dec10c18a7589706914e2b6e61",
      "round": {
        "number": "68516"
      },
      "weight": "20000"
    },
    {
      "dso": "DSO::1220b1431ef217342db44d516bb9befde802be7d8899637d290895fa58880f19accc",
      "sv": "Global-Synchronizer-Foundation::1220b0867964b602f2cc7ea61324a95f000f0060e735cfaf4f23f424fdab02c170ac",
      "beneficiary": "Ubyx-ghost-1::1220f5cf298f609f538b46a2a0347d299028ddca7ea008aaed65e0ca862db974c5e2",
      "round": {
        "number": "68516"
      },
      "weight": "50000"
    },
    {
      "dso": "DSO::1220b1431ef217342db44d516bb9befde802be7d8899637d290895fa58880f19accc",
      "sv": "Global-Synchronizer-Foundation::1220b0867964b602f2cc7ea61324a95f000f0060e735cfaf4f23f424fdab02c170ac",
      "beneficiary": "the_tie_validator::1220d3016091c253f526645cce3a0633837b685da083bac4459dad63e61d5c97b5fa",
      "round": {
        "number": "68516"
      },
      "weight": "10000"
    },
    {
      "dso": "DSO::1220b1431ef217342db44d516bb9befde802be7d8899637d290895fa58880f19accc",
      "sv": "Global-Synchronizer-Foundation::1220b0867964b602f2cc7ea61324a95f000f0060e735cfaf4f23f424fdab02c170ac",
      "beneficiary": "Taurus-ghost-1::1220f5cf298f609f538b46a2a0347d299028ddca7ea008aaed65e0ca862db974c5e2",
      "round": {
        "number": "68516"
      },
      "weight": "50000"
    },
    {
      "dso": "DSO::1220b1431ef217342db44d516bb9befde802be7d8899637d290895fa58880f19accc",
      "sv": "Global-Synchronizer-Foundation::1220b0867964b602f2cc7ea61324a95f000f0060e735cfaf4f23f424fdab02c170ac",
      "beneficiary": "ZeroHash-ghost-1::1220f5cf298f609f538b46a2a0347d299028ddca7ea008aaed65e0ca862db974c5e2",
      "round": {
        "number": "68516"
      },
      "weight": "75000"
    },
    {
      "dso": "DSO::1220b1431ef217342db44d516bb9befde802be7d8899637d290895fa58880f19accc",
      "sv": "Global-Synchronizer-Foundation::1220b0867964b602f2cc7ea61324a95f000f0060e735cfaf4f23f424fdab02c170ac",
      "beneficiary": "TRM-validator-1::1220bc3dc0350c7c2479ff1e7dfc67f4af0ee25c9ab63861d953483d9bdbb36691fe",
      "round": {
        "number": "68516"
      },
      "weight": "25000"
    },
    {
      "dso": "DSO::1220b1431ef217342db44d516bb9befde802be7d8899637d290895fa58880f19accc",
      "sv": "Global-Synchronizer-Foundation::1220b0867964b602f2cc7ea61324a95f000f0060e735cfaf4f23f424fdab02c170ac",
      "beneficiary": "Wormhole-ghost-1::1220f5cf298f609f538b46a2a0347d299028ddca7ea008aaed65e0ca862db974c5e2",
      "round": {
        "number": "68516"
      },
      "weight": "30000"
    },
    {
      "dso": "DSO::1220b1431ef217342db44d516bb9befde802be7d8899637d290895fa58880f19accc",
      "sv": "Liberty-City-Ventures-1::1220c8a81a9d60198fd67aa596f8af90cfe57f5966964427e32f2dab1570ad0d9a25",
      "beneficiary": "auth0_007c684b4b8ad82363a45f6ccbb3::122078c40a05ac97e98209750599560884c916e3c89878d6e5a0df3e708588b7525f",
      "round": {
        "number": "68516"
      },
      "weight": "100000"
    },
    {
      "dso": "DSO::1220b1431ef217342db44d516bb9befde802be7d8899637d290895fa58880f19accc",
      "sv": "MPC-Holding-Inc::12204783725aa3adcd787311531134baed8b9b28ccf76b100c62b8d4995842aabd6b",
      "beneficiary": "auth0_007c684c0bbea5e9c9e5a9ad16f6::12204783725aa3adcd787311531134baed8b9b28ccf76b100c62b8d4995842aabd6b",
      "round": {
        "number": "68516"
      },
      "weight": "2500"
    },
    {
      "dso": "DSO::1220b1431ef217342db44d516bb9befde802be7d8899637d290895fa58880f19accc",
      "sv": "MPC-Holding-Inc::12204783725aa3adcd787311531134baed8b9b28ccf76b100c62b8d4995842aabd6b",
      "beneficiary": "auth0_007c6882116872613fe1d8b0aeb6::12204783725aa3adcd787311531134baed8b9b28ccf76b100c62b8d4995842aabd6b",
      "round": {
        "number": "68516"
      },
      "weight": "7500"
    },
    {
      "dso": "DSO::1220b1431ef217342db44d516bb9befde802be7d8899637d290895fa58880f19accc",
      "sv": "MPC-Holding-Inc::12204783725aa3adcd787311531134baed8b9b28ccf76b100c62b8d4995842aabd6b",
      "beneficiary": "auth0_007c66f47b4f7dbebab8f2af6967::12204783725aa3adcd787311531134baed8b9b28ccf76b100c62b8d4995842aabd6b",
      "round": {
        "number": "68516"
      },
      "weight": "10000"
    },
    {
      "dso": "DSO::1220b1431ef217342db44d516bb9befde802be7d8899637d290895fa58880f19accc",
      "sv": "Digital-Asset-2::12209b21d512c6a7e2f5d215266fe6568cb732caaef7ff04e308f990a652340d3529",
      "beneficiary": "Digital-Asset-2::12209b21d512c6a7e2f5d215266fe6568cb732caaef7ff04e308f990a652340d3529",
      "round": {
        "number": "68516"
      },
      "weight": "318500"
    },
    {
      "dso": "DSO::1220b1431ef217342db44d516bb9befde802be7d8899637d290895fa58880f19accc",
      "sv": "Proof-Group-1::1220a0027410294266f712c1a4787d2dcb9be20b712486dca010d4d9cdbe3e809385",
      "beneficiary": "Proof-Group-1::1220a0027410294266f712c1a4787d2dcb9be20b712486dca010d4d9cdbe3e809385",
      "round": {
        "number": "68516"
      },
      "weight": "12500"
    },
    {
      "dso": "DSO::1220b1431ef217342db44d516bb9befde802be7d8899637d290895fa58880f19accc",
      "sv": "Orb-1-LP-1::122059e5d9c6036656bba13299bf959ed190fc51e2564024b9872ecd84001f87ea92",
      "beneficiary": "auth0_007c67acae90ab8ef9d344b817b4::12205d4d358e9de3351c74419d9746ea9083854c113f826240fe2b2ce808a51a3a7e",
      "round": {
        "number": "68516"
      },
      "weight": "50000"
    },
    {
      "dso": "DSO::1220b1431ef217342db44d516bb9befde802be7d8899637d290895fa58880f19accc",
      "sv": "Orb-1-LP-1::122059e5d9c6036656bba13299bf959ed190fc51e2564024b9872ecd84001f87ea92",
      "beneficiary": "auth0_007c6723cbcc5cee3153df57da4d::122039b0120dda65f350bbd22731b636ffe2eb757a4f04bf41a18d689c6e9351633a",
      "round": {
        "number": "68516"
      },
      "weight": "50000"
    },
    {
      "dso": "DSO::1220b1431ef217342db44d516bb9befde802be7d8899637d290895fa58880f19accc",
      "sv": "Tradeweb-Markets-1::12203cd253ff9f6526c871dd6a9b3af8d1f0484ff0910e6cae75e9bcf76d1be5ff99",
      "beneficiary": "tw-canton-main1::1220bc64ba15ae75f050cf758a509ada5dc72c9be3779461db273916070391caebf5",
      "round": {
        "number": "68516"
      },
      "weight": "100000"
    },
    {
      "dso": "DSO::1220b1431ef217342db44d516bb9befde802be7d8899637d290895fa58880f19accc",
      "sv": "Five-North-1::1220520b6d396b91c4b13a1786bd5f317e4240001632d4a628c1c4f53a0b5165ba98",
      "beneficiary": "fivenorth-mainnet1-1::12208a2c7404062865085b75b9e8a3cbca56f272c0103bc55b0e65ca7c2dd855294a",
      "round": {
        "number": "68516"
      },
      "weight": "30500"
    },
    {
      "dso": "DSO::1220b1431ef217342db44d516bb9befde802be7d8899637d290895fa58880f19accc",
      "sv": "C7-Technology-Services-Limited::122027859595a9f295312977656425f2360813ce5a2681aadc7605d2e198dc82a877",
      "beneficiary": "C7-validator-1::1220597867c9c8594630ce44b8b28fa603061c554b65cfc1a17ed74b2f62d0651402",
      "round": {
        "number": "68516"
      },
      "weight": "105750"
    },
    {
      "dso": "DSO::1220b1431ef217342db44d516bb9befde802be7d8899637d290895fa58880f19accc",
      "sv": "Cumberland-2::1220120801da0994334c869a6db19d9321f3d5baf9e40377830a90c2af78658aede6",
      "beneficiary": "Cumberland-2::1220120801da0994334c869a6db19d9321f3d5baf9e40377830a90c2af78658aede6",
      "round": {
        "number": "68516"
      },
      "weight": "136125"
    },
    {
      "dso": "DSO::1220b1431ef217342db44d516bb9befde802be7d8899637d290895fa58880f19accc",
      "sv": "SV-Nodeops-Limited::1220734414a4b0658bb2be4caf33205e5a45bf8dc5207e3bfc769d361582dc72feef",
      "beneficiary": "SV-Nodeops-Limited::1220734414a4b0658bb2be4caf33205e5a45bf8dc5207e3bfc769d361582dc72feef",
      "round": {
        "number": "68516"
      },
      "weight": "102500"
    },
    {
      "dso": "DSO::1220b1431ef217342db44d516bb9befde802be7d8899637d290895fa58880f19accc",
      "sv": "Liberty-City-Ventures-1::1220c8a81a9d60198fd67aa596f8af90cfe57f5966964427e32f2dab1570ad0d9a25",
      "beneficiary": "auth0_007c684b4b8ad82363a45f6ccbb3::122078c40a05ac97e98209750599560884c916e3c89878d6e5a0df3e708588b7525f",
      "round": {
        "number": "68517"
      },
      "weight": "100000"
    },
    {
      "dso": "DSO::1220b1431ef217342db44d516bb9befde802be7d8899637d290895fa58880f19accc",
      "sv": "SV-Nodeops-Limited::1220734414a4b0658bb2be4caf33205e5a45bf8dc5207e3bfc769d361582dc72feef",
      "beneficiary": "SV-Nodeops-Limited::1220734414a4b0658bb2be4caf33205e5a45bf8dc5207e3bfc769d361582dc72feef",
      "round": {
        "number": "68517"
      },
      "weight": "102500"
    },
    {
      "dso": "DSO::1220b1431ef217342db44d516bb9befde802be7d8899637d290895fa58880f19accc",
      "sv": "Orb-1-LP-1::122059e5d9c6036656bba13299bf959ed190fc51e2564024b9872ecd84001f87ea92",
      "beneficiary": "auth0_007c6723cbcc5cee3153df57da4d::122039b0120dda65f350bbd22731b636ffe2eb757a4f04bf41a18d689c6e9351633a",
      "round": {
        "number": "68517"
      },
      "weight": "50000"
    },
    {
      "dso": "DSO::1220b1431ef217342db44d516bb9befde802be7d8899637d290895fa58880f19accc",
      "sv": "Orb-1-LP-1::122059e5d9c6036656bba13299bf959ed190fc51e2564024b9872ecd84001f87ea92",
      "beneficiary": "auth0_007c67acae90ab8ef9d344b817b4::12205d4d358e9de3351c74419d9746ea9083854c113f826240fe2b2ce808a51a3a7e",
      "round": {
        "number": "68517"
      },
      "weight": "50000"
    },
    {
      "dso": "DSO::1220b1431ef217342db44d516bb9befde802be7d8899637d290895fa58880f19accc",
      "sv": "Cumberland-2::1220120801da0994334c869a6db19d9321f3d5baf9e40377830a90c2af78658aede6",
      "beneficiary": "Cumberland-2::1220120801da0994334c869a6db19d9321f3d5baf9e40377830a90c2af78658aede6",
      "round": {
        "number": "68517"
      },
      "weight": "136125"
    },
    {
      "dso": "DSO::1220b1431ef217342db44d516bb9befde802be7d8899637d290895fa58880f19accc",
      "sv": "Cumberland-1::12201aa8a23046d5740c9edd58f7e820c83e7f5c58f25551f955f3252d3a04240860",
      "beneficiary": "Cumberland-1::12201aa8a23046d5740c9edd58f7e820c83e7f5c58f25551f955f3252d3a04240860",
      "round": {
        "number": "68517"
      },
      "weight": "136125"
    },
    {
      "dso": "DSO::1220b1431ef217342db44d516bb9befde802be7d8899637d290895fa58880f19accc",
      "sv": "C7-Technology-Services-Limited::122027859595a9f295312977656425f2360813ce5a2681aadc7605d2e198dc82a877",
      "beneficiary": "C7-validator-1::1220597867c9c8594630ce44b8b28fa603061c554b65cfc1a17ed74b2f62d0651402",
      "round": {
        "number": "68517"
      },
      "weight": "105750"
    },
    {
      "dso": "DSO::1220b1431ef217342db44d516bb9befde802be7d8899637d290895fa58880f19accc",
      "sv": "Five-North-1::1220520b6d396b91c4b13a1786bd5f317e4240001632d4a628c1c4f53a0b5165ba98",
      "beneficiary": "fivenorth-mainnet1-1::12208a2c7404062865085b75b9e8a3cbca56f272c0103bc55b0e65ca7c2dd855294a",
      "round": {
        "number": "68517"
      },
      "weight": "30500"
    },
    {
      "dso": "DSO::1220b1431ef217342db44d516bb9befde802be7d8899637d290895fa58880f19accc",
      "sv": "Global-Synchronizer-Foundation::1220b0867964b602f2cc7ea61324a95f000f0060e735cfaf4f23f424fdab02c170ac",
      "beneficiary": "kaiko-mainnet-1::1220f67b4f1c8742d83ac7e12749d98195bf88ff120b2dab369291cf6a2ca27be9a9",
      "round": {
        "number": "68517"
      },
      "weight": "40000"
    },
    {
      "dso": "DSO::1220b1431ef217342db44d516bb9befde802be7d8899637d290895fa58880f19accc",
      "sv": "Global-Synchronizer-Foundation::1220b0867964b602f2cc7ea61324a95f000f0060e735cfaf4f23f424fdab02c170ac",
      "beneficiary": "ZeroHash-ghost-1::1220f5cf298f609f538b46a2a0347d299028ddca7ea008aaed65e0ca862db974c5e2",
      "round": {
        "number": "68517"
      },
      "weight": "75000"
    },
    {
      "dso": "DSO::1220b1431ef217342db44d516bb9befde802be7d8899637d290895fa58880f19accc",
      "sv": "Global-Synchronizer-Foundation::1220b0867964b602f2cc7ea61324a95f000f0060e735cfaf4f23f424fdab02c170ac",
      "beneficiary": "Elliptic-validator-1::12205ddf609265d68ee694480f86331de14766bdac30800d04e491b93aca1a81d629",
      "round": {
        "number": "68517"
      },
      "weight": "5000"
    },
    {
      "dso": "DSO::1220b1431ef217342db44d516bb9befde802be7d8899637d290895fa58880f19accc",
      "sv": "Global-Synchronizer-Foundation::1220b0867964b602f2cc7ea61324a95f000f0060e735cfaf4f23f424fdab02c170ac",
      "beneficiary": "ObsidianSystems-validator-1::1220f8a24f975dc3d070e3111279bc2bf2d713a77c5570cbdd2064acb6a4d8d6feea",
      "round": {
        "number": "68517"
      },
      "weight": "10000"
    },
    {
      "dso": "DSO::1220b1431ef217342db44d516bb9befde802be7d8899637d290895fa58880f19accc",
      "sv": "Global-Synchronizer-Foundation::1220b0867964b602f2cc7ea61324a95f000f0060e735cfaf4f23f424fdab02c170ac",
      "beneficiary": "CoinMetrics-validator-1::1220b6cf34a2c8937dc72403e7a8b57c80049be8aff3e5e2d992063460bdc8636466",
      "round": {
        "number": "68517"
      },
      "weight": "10000"
    },
    {
      "dso": "DSO::1220b1431ef217342db44d516bb9befde802be7d8899637d290895fa58880f19accc",
      "sv": "Global-Synchronizer-Foundation::1220b0867964b602f2cc7ea61324a95f000f0060e735cfaf4f23f424fdab02c170ac",
      "beneficiary": "WoodsideAI-ghost-1::1220f5cf298f609f538b46a2a0347d299028ddca7ea008aaed65e0ca862db974c5e2",
      "round": {
        "number": "68517"
      },
      "weight": "100000"
    },
    {
      "dso": "DSO::1220b1431ef217342db44d516bb9befde802be7d8899637d290895fa58880f19accc",
      "sv": "Global-Synchronizer-Foundation::1220b0867964b602f2cc7ea61324a95f000f0060e735cfaf4f23f424fdab02c170ac",
      "beneficiary": "angelhack-mainnet-1::12205162445638c3f71c9942b74360134b4ebc953b5bea2c25adc99bff130bffd060",
      "round": {
        "number": "68517"
      },
      "weight": "10000"
    },
    {
      "dso": "DSO::1220b1431ef217342db44d516bb9befde802be7d8899637d290895fa58880f19accc",
      "sv": "Global-Synchronizer-Foundation::1220b0867964b602f2cc7ea61324a95f000f0060e735cfaf4f23f424fdab02c170ac",
      "beneficiary": "Quantstamp-validator-1::1220acba2f1ab44b954a6de966678d7cc069e66a3986e4b5f4af29a6445c208f8fb1",
      "round": {
        "number": "68517"
      },
      "weight": "10000"
    },
    {
      "dso": "DSO::1220b1431ef217342db44d516bb9befde802be7d8899637d290895fa58880f19accc",
      "sv": "Global-Synchronizer-Foundation::1220b0867964b602f2cc7ea61324a95f000f0060e735cfaf4f23f424fdab02c170ac",
      "beneficiary": "MonsteraFZE-ghost-1::1220f5cf298f609f538b46a2a0347d299028ddca7ea008aaed65e0ca862db974c5e2",
      "round": {
        "number": "68517"
      },
      "weight": "50000"
    },
    {
      "dso": "DSO::1220b1431ef217342db44d516bb9befde802be7d8899637d290895fa58880f19accc",
      "sv": "Global-Synchronizer-Foundation::1220b0867964b602f2cc7ea61324a95f000f0060e735cfaf4f23f424fdab02c170ac",
      "beneficiary": "BitGo-ghost-1::1220f5cf298f609f538b46a2a0347d299028ddca7ea008aaed65e0ca862db974c5e2",
      "round": {
        "number": "68517"
      },
      "weight": "50000"
    },
    {
      "dso": "DSO::1220b1431ef217342db44d516bb9befde802be7d8899637d290895fa58880f19accc",
      "sv": "Global-Synchronizer-Foundation::1220b0867964b602f2cc7ea61324a95f000f0060e735cfaf4f23f424fdab02c170ac",
      "beneficiary": "Chainlink-ghost-2::1220f5cf298f609f538b46a2a0347d299028ddca7ea008aaed65e0ca862db974c5e2",
      "round": {
        "number": "68517"
      },
      "weight": "30000"
    },
    {
      "dso": "DSO::1220b1431ef217342db44d516bb9befde802be7d8899637d290895fa58880f19accc",
      "sv": "Global-Synchronizer-Foundation::1220b0867964b602f2cc7ea61324a95f000f0060e735cfaf4f23f424fdab02c170ac",
      "beneficiary": "Taurus-ghost-1::1220f5cf298f609f538b46a2a0347d299028ddca7ea008aaed65e0ca862db974c5e2",
      "round": {
        "number": "68517"
      },
      "weight": "50000"
    },
    {
      "dso": "DSO::1220b1431ef217342db44d516bb9befde802be7d8899637d290895fa58880f19accc",
      "sv": "Global-Synchronizer-Foundation::1220b0867964b602f2cc7ea61324a95f000f0060e735cfaf4f23f424fdab02c170ac",
      "beneficiary": "figment-mainnetValidator-1::1220b46e6ce64f99510274b4aaa573b32089e69cfee0f1e918539f19f78e9ea23ba4",
      "round": {
        "number": "68517"
      },
      "weight": "10000"
    },
    {
      "dso": "DSO::1220b1431ef217342db44d516bb9befde802be7d8899637d290895fa58880f19accc",
      "sv": "Global-Synchronizer-Foundation::1220b0867964b602f2cc7ea61324a95f000f0060e735cfaf4f23f424fdab02c170ac",
      "beneficiary": "TRM-validator-1::1220bc3dc0350c7c2479ff1e7dfc67f4af0ee25c9ab63861d953483d9bdbb36691fe",
      "round": {
        "number": "68517"
      },
      "weight": "25000"
    },
    {
      "dso": "DSO::1220b1431ef217342db44d516bb9befde802be7d8899637d290895fa58880f19accc",
      "sv": "Global-Synchronizer-Foundation::1220b0867964b602f2cc7ea61324a95f000f0060e735cfaf4f23f424fdab02c170ac",
      "beneficiary": "validator_GSF-1::12201725270d497ab23ceffd0d2acce46cc9da44586fd494786ef53cc58b6e4abd79",
      "round": {
        "number": "68517"
      },
      "weight": "100000"
    },
    {
      "dso": "DSO::1220b1431ef217342db44d516bb9befde802be7d8899637d290895fa58880f19accc",
      "sv": "Global-Synchronizer-Foundation::1220b0867964b602f2cc7ea61324a95f000f0060e735cfaf4f23f424fdab02c170ac",
      "beneficiary": "validator_DFNS::122055a1a137eacd142f00d72a7bd9c6b83ad00f65d97cb79a343d42c2077ae29ca6",
      "round": {
        "number": "68517"
      },
      "weight": "10000"
    },
    {
      "dso": "DSO::1220b1431ef217342db44d516bb9befde802be7d8899637d290895fa58880f19accc",
      "sv": "Global-Synchronizer-Foundation::1220b0867964b602f2cc7ea61324a95f000f0060e735cfaf4f23f424fdab02c170ac",
      "beneficiary": "Ubyx-ghost-1::1220f5cf298f609f538b46a2a0347d299028ddca7ea008aaed65e0ca862db974c5e2",
      "round": {
        "number": "68517"
      },
      "weight": "50000"
    },
    {
      "dso": "DSO::1220b1431ef217342db44d516bb9befde802be7d8899637d290895fa58880f19accc",
      "sv": "Global-Synchronizer-Foundation::1220b0867964b602f2cc7ea61324a95f000f0060e735cfaf4f23f424fdab02c170ac",
      "beneficiary": "Wormhole-ghost-1::1220f5cf298f609f538b46a2a0347d299028ddca7ea008aaed65e0ca862db974c5e2",
      "round": {
        "number": "68517"
      },
      "weight": "30000"
    },
    {
      "dso": "DSO::1220b1431ef217342db44d516bb9befde802be7d8899637d290895fa58880f19accc",
      "sv": "Global-Synchronizer-Foundation::1220b0867964b602f2cc7ea61324a95f000f0060e735cfaf4f23f424fdab02c170ac",
      "beneficiary": "kiln-validator-1::12209024881cf76bf1c15342e9e3b4bd751d5582947a58b42a6532eef867f83ceea3",
      "round": {
        "number": "68517"
      },
      "weight": "10000"
    },
    {
      "dso": "DSO::1220b1431ef217342db44d516bb9befde802be7d8899637d290895fa58880f19accc",
      "sv": "Global-Synchronizer-Foundation::1220b0867964b602f2cc7ea61324a95f000f0060e735cfaf4f23f424fdab02c170ac",
      "beneficiary": "validator_Broadridge::1220b0008ea5531b9e47d3315a822ca8b923b5bdd568c934557402d7160b8af4815d",
      "round": {
        "number": "68517"
      },
      "weight": "100000"
    },
    {
      "dso": "DSO::1220b1431ef217342db44d516bb9befde802be7d8899637d290895fa58880f19accc",
      "sv": "Global-Synchronizer-Foundation::1220b0867964b602f2cc7ea61324a95f000f0060e735cfaf4f23f424fdab02c170ac",
      "beneficiary": "Zodia-ghost-1::1220f5cf298f609f538b46a2a0347d299028ddca7ea008aaed65e0ca862db974c5e2",
      "round": {
        "number": "68517"
      },
      "weight": "50000"
    },
    {
      "dso": "DSO::1220b1431ef217342db44d516bb9befde802be7d8899637d290895fa58880f19accc",
      "sv": "Global-Synchronizer-Foundation::1220b0867964b602f2cc7ea61324a95f000f0060e735cfaf4f23f424fdab02c170ac",
      "beneficiary": "Kaiko-ghost-1::1220f5cf298f609f538b46a2a0347d299028ddca7ea008aaed65e0ca862db974c5e2",
      "round": {
        "number": "68517"
      },
      "weight": "25000"
    },
    {
      "dso": "DSO::1220b1431ef217342db44d516bb9befde802be7d8899637d290895fa58880f19accc",
      "sv": "Global-Synchronizer-Foundation::1220b0867964b602f2cc7ea61324a95f000f0060e735cfaf4f23f424fdab02c170ac",
      "beneficiary": "Republic-ghost-1::1220f5cf298f609f538b46a2a0347d299028ddca7ea008aaed65e0ca862db974c5e2",
      "round": {
        "number": "68517"
      },
      "weight": "60000"
    },
    {
      "dso": "DSO::1220b1431ef217342db44d516bb9befde802be7d8899637d290895fa58880f19accc",
      "sv": "Global-Synchronizer-Foundation::1220b0867964b602f2cc7ea61324a95f000f0060e735cfaf4f23f424fdab02c170ac",
      "beneficiary": "AngelHack-ghost-1::1220f5cf298f609f538b46a2a0347d299028ddca7ea008aaed65e0ca862db974c5e2",
      "round": {
        "number": "68517"
      },
      "weight": "15000"
    },
    {
      "dso": "DSO::1220b1431ef217342db44d516bb9befde802be7d8899637d290895fa58880f19accc",
      "sv": "Global-Synchronizer-Foundation::1220b0867964b602f2cc7ea61324a95f000f0060e735cfaf4f23f424fdab02c170ac",
      "beneficiary": "IntellectEU-SVrewards-1::122085181345795b9e58122cef90b8df61ddfe128cdaf9abbcb77f8cef92950c1d05",
      "round": {
        "number": "68517"
      },
      "weight": "10000"
    },
    {
      "dso": "DSO::1220b1431ef217342db44d516bb9befde802be7d8899637d290895fa58880f19accc",
      "sv": "Global-Synchronizer-Foundation::1220b0867964b602f2cc7ea61324a95f000f0060e735cfaf4f23f424fdab02c170ac",
      "beneficiary": "copper-mainnet-validator::122038dd7fcbdd68bde47034abfd582cbe38854d94dec10c18a7589706914e2b6e61",
      "round": {
        "number": "68517"
      },
      "weight": "20000"
    },
    {
      "dso": "DSO::1220b1431ef217342db44d516bb9befde802be7d8899637d290895fa58880f19accc",
      "sv": "Global-Synchronizer-Foundation::1220b0867964b602f2cc7ea61324a95f000f0060e735cfaf4f23f424fdab02c170ac",
      "beneficiary": "Chainlink-ghost-1::1220f5cf298f609f538b46a2a0347d299028ddca7ea008aaed65e0ca862db974c5e2",
      "round": {
        "number": "68517"
      },
      "weight": "75000"
    },
    {
      "dso": "DSO::1220b1431ef217342db44d516bb9befde802be7d8899637d290895fa58880f19accc",
      "sv": "Global-Synchronizer-Foundation::1220b0867964b602f2cc7ea61324a95f000f0060e735cfaf4f23f424fdab02c170ac",
      "beneficiary": "Ledger-ghost-1::1220f5cf298f609f538b46a2a0347d299028ddca7ea008aaed65e0ca862db974c5e2",
      "round": {
        "number": "68517"
      },
      "weight": "50000"
    },
    {
      "dso": "DSO::1220b1431ef217342db44d516bb9befde802be7d8899637d290895fa58880f19accc",
      "sv": "Global-Synchronizer-Foundation::1220b0867964b602f2cc7ea61324a95f000f0060e735cfaf4f23f424fdab02c170ac",
      "beneficiary": "bitwave-finance-1::1220ab03fc0c7f77428d8f568276b64a6e6a04e340c842581a0d4e676ad7e094c1bb",
      "round": {
        "number": "68517"
      },
      "weight": "10000"
    },
    {
      "dso": "DSO::1220b1431ef217342db44d516bb9befde802be7d8899637d290895fa58880f19accc",
      "sv": "Global-Synchronizer-Foundation::1220b0867964b602f2cc7ea61324a95f000f0060e735cfaf4f23f424fdab02c170ac",
      "beneficiary": "circle-validator-1::12209d457bab21f1ce3d52f979cdf021c2990cb74cf01ef2dcf41bf87a79ddaf3ba8",
      "round": {
        "number": "68517"
      },
      "weight": "100000"
    },
    {
      "dso": "DSO::1220b1431ef217342db44d516bb9befde802be7d8899637d290895fa58880f19accc",
      "sv": "Global-Synchronizer-Foundation::1220b0867964b602f2cc7ea61324a95f000f0060e735cfaf4f23f424fdab02c170ac",
      "beneficiary": "Fireblocks-ghost-1::1220f5cf298f609f538b46a2a0347d299028ddca7ea008aaed65e0ca862db974c5e2",
      "round": {
        "number": "68517"
      },
      "weight": "50000"
    },
    {
      "dso": "DSO::1220b1431ef217342db44d516bb9befde802be7d8899637d290895fa58880f19accc",
      "sv": "Global-Synchronizer-Foundation::1220b0867964b602f2cc7ea61324a95f000f0060e735cfaf4f23f424fdab02c170ac",
      "beneficiary": "LayerZero-ghost-1::1220f5cf298f609f538b46a2a0347d299028ddca7ea008aaed65e0ca862db974c5e2",
      "round": {
        "number": "68517"
      },
      "weight": "30000"
    },
    {
      "dso": "DSO::1220b1431ef217342db44d516bb9befde802be7d8899637d290895fa58880f19accc",
      "sv": "Global-Synchronizer-Foundation::1220b0867964b602f2cc7ea61324a95f000f0060e735cfaf4f23f424fdab02c170ac",
      "beneficiary": "the_tie_validator::1220d3016091c253f526645cce3a0633837b685da083bac4459dad63e61d5c97b5fa",
      "round": {
        "number": "68517"
      },
      "weight": "10000"
    },
    {
      "dso": "DSO::1220b1431ef217342db44d516bb9befde802be7d8899637d290895fa58880f19accc",
      "sv": "Global-Synchronizer-Foundation::1220b0867964b602f2cc7ea61324a95f000f0060e735cfaf4f23f424fdab02c170ac",
      "beneficiary": "Hypernative-ghost-1::1220f5cf298f609f538b46a2a0347d299028ddca7ea008aaed65e0ca862db974c5e2",
      "round": {
        "number": "68517"
      },
      "weight": "10000"
    },
    {
      "dso": "DSO::1220b1431ef217342db44d516bb9befde802be7d8899637d290895fa58880f19accc",
      "sv": "Tradeweb-Markets-1::12203cd253ff9f6526c871dd6a9b3af8d1f0484ff0910e6cae75e9bcf76d1be5ff99",
      "beneficiary": "tw-canton-main1::1220bc64ba15ae75f050cf758a509ada5dc72c9be3779461db273916070391caebf5",
      "round": {
        "number": "68517"
      },
      "weight": "100000"
    },
    {
      "dso": "DSO::1220b1431ef217342db44d516bb9befde802be7d8899637d290895fa58880f19accc",
      "sv": "Digital-Asset-2::12209b21d512c6a7e2f5d215266fe6568cb732caaef7ff04e308f990a652340d3529",
      "beneficiary": "Digital-Asset-2::12209b21d512c6a7e2f5d215266fe6568cb732caaef7ff04e308f990a652340d3529",
      "round": {
        "number": "68517"
      },
      "weight": "318500"
    },
    {
      "dso": "DSO::1220b1431ef217342db44d516bb9befde802be7d8899637d290895fa58880f19accc",
      "sv": "Proof-Group-1::1220a0027410294266f712c1a4787d2dcb9be20b712486dca010d4d9cdbe3e809385",
      "beneficiary": "Proof-Group-1::1220a0027410294266f712c1a4787d2dcb9be20b712486dca010d4d9cdbe3e809385",
      "round": {
        "number": "68517"
      },
      "weight": "12500"
    },
    {
      "dso": "DSO::1220b1431ef217342db44d516bb9befde802be7d8899637d290895fa58880f19accc",
      "sv": "MPC-Holding-Inc::12204783725aa3adcd787311531134baed8b9b28ccf76b100c62b8d4995842aabd6b",
      "beneficiary": "auth0_007c66f47b4f7dbebab8f2af6967::12204783725aa3adcd787311531134baed8b9b28ccf76b100c62b8d4995842aabd6b",
      "round": {
        "number": "68517"
      },
      "weight": "10000"
    },
    {
      "dso": "DSO::1220b1431ef217342db44d516bb9befde802be7d8899637d290895fa58880f19accc",
      "sv": "MPC-Holding-Inc::12204783725aa3adcd787311531134baed8b9b28ccf76b100c62b8d4995842aabd6b",
      "beneficiary": "auth0_007c6882116872613fe1d8b0aeb6::12204783725aa3adcd787311531134baed8b9b28ccf76b100c62b8d4995842aabd6b",
      "round": {
        "number": "68517"
      },
      "weight": "7500"
    },
    {
      "dso": "DSO::1220b1431ef217342db44d516bb9befde802be7d8899637d290895fa58880f19accc",
      "sv": "MPC-Holding-Inc::12204783725aa3adcd787311531134baed8b9b28ccf76b100c62b8d4995842aabd6b",
      "beneficiary": "auth0_007c684c0bbea5e9c9e5a9ad16f6::12204783725aa3adcd787311531134baed8b9b28ccf76b100c62b8d4995842aabd6b",
      "round": {
        "number": "68517"
      },
      "weight": "2500"
    },
    {
      "dso": "DSO::1220b1431ef217342db44d516bb9befde802be7d8899637d290895fa58880f19accc",
      "sv": "MPC-Holding-Inc::12204783725aa3adcd787311531134baed8b9b28ccf76b100c62b8d4995842aabd6b",
      "beneficiary": "auth0_007c66f47b4f7dbebab8f2af6967::12204783725aa3adcd787311531134baed8b9b28ccf76b100c62b8d4995842aabd6b",
      "round": {
        "number": "68518"
      },
      "weight": "10000"
    },
    {
      "dso": "DSO::1220b1431ef217342db44d516bb9befde802be7d8899637d290895fa58880f19accc",
      "sv": "MPC-Holding-Inc::12204783725aa3adcd787311531134baed8b9b28ccf76b100c62b8d4995842aabd6b",
      "beneficiary": "auth0_007c684c0bbea5e9c9e5a9ad16f6::12204783725aa3adcd787311531134baed8b9b28ccf76b100c62b8d4995842aabd6b",
      "round": {
        "number": "68518"
      },
      "weight": "2500"
    },
    {
      "dso": "DSO::1220b1431ef217342db44d516bb9befde802be7d8899637d290895fa58880f19accc",
      "sv": "MPC-Holding-Inc::12204783725aa3adcd787311531134baed8b9b28ccf76b100c62b8d4995842aabd6b",
      "beneficiary": "auth0_007c6882116872613fe1d8b0aeb6::12204783725aa3adcd787311531134baed8b9b28ccf76b100c62b8d4995842aabd6b",
      "round": {
        "number": "68518"
      },
      "weight": "7500"
    },
    {
      "dso": "DSO::1220b1431ef217342db44d516bb9befde802be7d8899637d290895fa58880f19accc",
      "sv": "Proof-Group-1::1220a0027410294266f712c1a4787d2dcb9be20b712486dca010d4d9cdbe3e809385",
      "beneficiary": "Proof-Group-1::1220a0027410294266f712c1a4787d2dcb9be20b712486dca010d4d9cdbe3e809385",
      "round": {
        "number": "68518"
      },
      "weight": "12500"
    },
    {
      "dso": "DSO::1220b1431ef217342db44d516bb9befde802be7d8899637d290895fa58880f19accc",
      "sv": "Cumberland-2::1220120801da0994334c869a6db19d9321f3d5baf9e40377830a90c2af78658aede6",
      "beneficiary": "Cumberland-2::1220120801da0994334c869a6db19d9321f3d5baf9e40377830a90c2af78658aede6",
      "round": {
        "number": "68518"
      },
      "weight": "136125"
    },
    {
      "dso": "DSO::1220b1431ef217342db44d516bb9befde802be7d8899637d290895fa58880f19accc",
      "sv": "Orb-1-LP-1::122059e5d9c6036656bba13299bf959ed190fc51e2564024b9872ecd84001f87ea92",
      "beneficiary": "auth0_007c6723cbcc5cee3153df57da4d::122039b0120dda65f350bbd22731b636ffe2eb757a4f04bf41a18d689c6e9351633a",
      "round": {
        "number": "68518"
      },
      "weight": "50000"
    },
    {
      "dso": "DSO::1220b1431ef217342db44d516bb9befde802be7d8899637d290895fa58880f19accc",
      "sv": "Orb-1-LP-1::122059e5d9c6036656bba13299bf959ed190fc51e2564024b9872ecd84001f87ea92",
      "beneficiary": "auth0_007c67acae90ab8ef9d344b817b4::12205d4d358e9de3351c74419d9746ea9083854c113f826240fe2b2ce808a51a3a7e",
      "round": {
        "number": "68518"
      },
      "weight": "50000"
    },
    {
      "dso": "DSO::1220b1431ef217342db44d516bb9befde802be7d8899637d290895fa58880f19accc",
      "sv": "Five-North-1::1220520b6d396b91c4b13a1786bd5f317e4240001632d4a628c1c4f53a0b5165ba98",
      "beneficiary": "fivenorth-mainnet1-1::12208a2c7404062865085b75b9e8a3cbca56f272c0103bc55b0e65ca7c2dd855294a",
      "round": {
        "number": "68518"
      },
      "weight": "30500"
    },
    {
      "dso": "DSO::1220b1431ef217342db44d516bb9befde802be7d8899637d290895fa58880f19accc",
      "sv": "C7-Technology-Services-Limited::122027859595a9f295312977656425f2360813ce5a2681aadc7605d2e198dc82a877",
      "beneficiary": "C7-validator-1::1220597867c9c8594630ce44b8b28fa603061c554b65cfc1a17ed74b2f62d0651402",
      "round": {
        "number": "68518"
      },
      "weight": "105750"
    },
    {
      "dso": "DSO::1220b1431ef217342db44d516bb9befde802be7d8899637d290895fa58880f19accc",
      "sv": "Digital-Asset-2::12209b21d512c6a7e2f5d215266fe6568cb732caaef7ff04e308f990a652340d3529",
      "beneficiary": "Digital-Asset-2::12209b21d512c6a7e2f5d215266fe6568cb732caaef7ff04e308f990a652340d3529",
      "round": {
        "number": "68518"
      },
      "weight": "318500"
    },
    {
      "dso": "DSO::1220b1431ef217342db44d516bb9befde802be7d8899637d290895fa58880f19accc",
      "sv": "Cumberland-1::12201aa8a23046d5740c9edd58f7e820c83e7f5c58f25551f955f3252d3a04240860",
      "beneficiary": "Cumberland-1::12201aa8a23046d5740c9edd58f7e820c83e7f5c58f25551f955f3252d3a04240860",
      "round": {
        "number": "68518"
      },
      "weight": "136125"
    }
  ]
}