{
  "metadata": {
    "template_id": "511bd3bf23fab4e5171edb22dceabe3061f7faf78a44f8af44f3b87f977c61f6:Splice.ValidatorLicense:ValidatorLicense",
    "canonical_package": "3ca1343ab26b453d38c8adb70dca5f1ead8440c42b59b68f070786955cbf9ec1",
    "migration_id": 3,
    "record_time": "2025-10-30T21:00:00Z",
    "timestamp": "2025-10-30T23:52:55.506Z",
    "entry_count": 9
  },
  "data": [
    {
      "validator": "cohen-validator-1::12202720a37a100708470d6623ee4001672eec114cfca39b18ce3f6d91643496fab5",
      "sponsor": "Digital-Asset-2::12209b21d512c6a7e2f5d215266fe6568cb732caaef7ff04e308f990a652340d3529",
      "dso": "DSO::1220b1431ef217342db44d516bb9befde802be7d8899637d290895fa58880f19accc",
      "faucetState": {
        "firstReceivedFor": {
          "number": "37757"
        },
        "lastReceivedFor": {
          "number": "45009"
        },
        "numCouponsMissed": "143"
      },
      "metadata": {
        "lastUpdatedAt": "2025-05-05T18:06:08.092115Z",
        "version": "0.3.21",
        "contactPoint": "thomas@proofgroup.xyz"
      },
      "lastActiveAt": "2025-05-15T19:29:31.562863Z"
    },
    {
      "validator": "nodeMonster-wallet-1::1220b7f95d638bfd2f43b0ecb9df89dd8e4240bd3729b0e650df5e67dd06e28d0dda",
      "sponsor": "Digital-Asset-2::12209b21d512c6a7e2f5d215266fe6568cb732caaef7ff04e308f990a652340d3529",
      "dso": "DSO::1220b1431ef217342db44d516bb9befde802be7d8899637d290895fa58880f19accc",
      "faucetState": {
        "firstReceivedFor": {
          "number": "45917"
        },
        "lastReceivedFor": {
          "number": "45920"
        },
        "numCouponsMissed": "0"
      },
      "metadata": {
        "lastUpdatedAt": "2025-05-22T08:21:29.188879Z",
        "version": "0.3.21",
        "contactPoint": ""
      },
      "lastActiveAt": "2025-05-22T08:42:05.355008Z"
    },
    {
      "validator": "Cumberland-Home-4::122057334c0df552290ac29939532950d60a6619f5aa1d5aeda2ae2219c5f1fd4d66",
      "sponsor": "Cumberland-1::12201aa8a23046d5740c9edd58f7e820c83e7f5c58f25551f955f3252d3a04240860",
      "dso": "DSO::1220b1431ef217342db44d516bb9befde802be7d8899637d290895fa58880f19accc",
      "faucetState": {
        "firstReceivedFor": {
          "number": "45139"
        },
        "lastReceivedFor": {
          "number": "46082"
        },
        "numCouponsMissed": "0"
      },
      "metadata": {
        "lastUpdatedAt": "2025-05-16T18:09:06.587741Z",
        "version": "0.3.21",
        "contactPoint": ""
      },
      "lastActiveAt": "2025-05-23T12:34:01.031272Z"
    },
    {
      "validator": "SquareFootToken-validator-1::1220f1ad878724b3bf97cf18dcdff07f7eca4cdebe9889295fef356927777f3ed8f8",
      "sponsor": "Digital-Asset-2::12209b21d512c6a7e2f5d215266fe6568cb732caaef7ff04e308f990a652340d3529",
      "dso": "DSO::1220b1431ef217342db44d516bb9befde802be7d8899637d290895fa58880f19accc",
      "faucetState": {
        "firstReceivedFor": {
          "number": "44057"
        },
        "lastReceivedFor": {
          "number": "47479"
        },
        "numCouponsMissed": "513"
      },
      "metadata": {
        "lastUpdatedAt": "2025-05-08T23:20:54.473466Z",
        "version": "0.3.21",
        "contactPoint": ""
      },
      "lastActiveAt": "2025-06-02T13:23:01.245220Z"
    },
    {
      "validator": "apus-validator-1::1220b26f062ec87f09818b230616440e890f670979d900fc1b5b10ac201cfaca123e",
      "sponsor": "Proof-Group-1::1220a0027410294266f712c1a4787d2dcb9be20b712486dca010d4d9cdbe3e809385",
      "dso": "DSO::1220b1431ef217342db44d516bb9befde802be7d8899637d290895fa58880f19accc",
      "faucetState": {
        "firstReceivedFor": {
          "number": "47537"
        },
        "lastReceivedFor": {
          "number": "47916"
        },
        "numCouponsMissed": "0"
      },
      "metadata": {
        "lastUpdatedAt": "2025-06-02T23:38:08.741578Z",
        "version": "0.3.21",
        "contactPoint": "thomas@proofgroup.xyz"
      },
      "lastActiveAt": "2025-06-05T16:49:02.113248Z"
    },
    {
      "validator": "LCV-SVvalidator-1::1220c75867697df9fc5fed191b34ee931be05aa4b6fcc465927d81c841baa75f2ab5",
      "sponsor": "MPC-Holding-Inc::12204783725aa3adcd787311531134baed8b9b28ccf76b100c62b8d4995842aabd6b",
      "dso": "DSO::1220b1431ef217342db44d516bb9befde802be7d8899637d290895fa58880f19accc",
      "faucetState": {
        "firstReceivedFor": {
          "number": "21466"
        },
        "lastReceivedFor": {
          "number": "48843"
        },
        "numCouponsMissed": "9"
      },
      "metadata": {
        "lastUpdatedAt": "2025-05-13T14:19:02.070921Z",
        "version": "0.3.21",
        "contactPoint": "sv-ops@mpch.io"
      },
      "lastActiveAt": "2025-06-12T08:38:06.677228Z"
    },
    {
      "validator": "MPCH-BRONvalidator-1::122001ec00d642b30f6bf002a8079138b350f8ad34cb71e534141a62652778ae4273",
      "sponsor": "MPC-Holding-Inc::12204783725aa3adcd787311531134baed8b9b28ccf76b100c62b8d4995842aabd6b",
      "dso": "DSO::1220b1431ef217342db44d516bb9befde802be7d8899637d290895fa58880f19accc",
      "faucetState": {
        "firstReceivedFor": {
          "number": "44724"
        },
        "lastReceivedFor": {
          "number": "48871"
        },
        "numCouponsMissed": "0"
      },
      "metadata": {
        "lastUpdatedAt": "2025-05-13T18:36:02.977535Z",
        "version": "0.3.21",
        "contactPoint": "sv-ops@mpch.io"
      },
      "lastActiveAt": "2025-06-12T13:26:54.233135Z"
    },
    {
      "validator": "Cumberland-Home-5::12201a8c84adc2e413f3dcadce3aa2fbbad6ad4c049a693ee77071693974806212f2",
      "sponsor": "Cumberland-1::12201aa8a23046d5740c9edd58f7e820c83e7f5c58f25551f955f3252d3a04240860",
      "dso": "DSO::1220b1431ef217342db44d516bb9befde802be7d8899637d290895fa58880f19accc",
      "faucetState": {
        "firstReceivedFor": {
          "number": "50723"
        },
        "lastReceivedFor": {
          "number": "50724"
        },
        "numCouponsMissed": "0"
      },
      "metadata": {
        "lastUpdatedAt": "2025-06-25T21:44:14.211368Z",
        "version": "0.4.1",
        "contactPoint": ""
      },
      "lastActiveAt": "2025-06-25T21:46:47.903311Z"
    },
    {
      "validator": "Thetanuts-Options-1::1220df09409bfe8d1008ec023c19415a2afb89c56476bd0467d4f76864592cf53341",
      "sponsor": "Digital-Asset-2::12209b21d512c6a7e2f5d215266fe6568cb732caaef7ff04e308f990a652340d3529",
      "dso": "DSO::1220b1431ef217342db44d516bb9befde802be7d8899637d290895fa58880f19accc",
      "faucetState": {
        "firstReceivedFor": {
          "number": "42679"
        },
        "lastReceivedFor": {
          "number": "51023"
        },
        "numCouponsMissed": "70"
      },
      "metadata": {
        "lastUpdatedAt": "2025-06-25T14:02:32.055368Z",
        "version": "0.4.1",
        "contactPoint": "brendan@thetanuts.finance"
      },
      "lastActiveAt": "2025-06-28T01:13:34.691311Z"
    }
  ]
}