{
  "metadata": {
    "template_id": "511bd3bf23fab4e5171edb22dceabe3061f7faf78a44f8af44f3b87f977c61f6:Splice.Amulet:Amulet",
    "canonical_package": "3ca1343ab26b453d38c8adb70dca5f1ead8440c42b59b68f070786955cbf9ec1",
    "migration_id": 3,
    "record_time": "2025-10-30T21:00:00Z",
    "timestamp": "2025-10-30T23:52:55.505Z",
    "entry_count": 13
  },
  "data": [
    {
      "dso": "DSO::1220b1431ef217342db44d516bb9befde802be7d8899637d290895fa58880f19accc",
      "owner": "auth0_007c6747419ddfb5909b9802bba9::1220c75867697df9fc5fed191b34ee931be05aa4b6fcc465927d81c841baa75f2ab5",
      "amount": {
        "initialAmount": "0.1281661726",
        "createdAt": {
          "number": "44708"
        },
        "ratePerRound": {
          "rate": "0.0003805180"
        }
      }
    },
    {
      "dso": "DSO::1220b1431ef217342db44d516bb9befde802be7d8899637d290895fa58880f19accc",
      "owner": "google-oauth2_007c106329945944625025767::1220728cfb80bd69d5c18bd2059a62afd4375c8585b0a379d1189813d5ea558573be",
      "amount": {
        "initialAmount": "1.7795271640",
        "createdAt": {
          "number": "44995"
        },
        "ratePerRound": {
          "rate": "0.0003805180"
        }
      }
    },
    {
      "dso": "DSO::1220b1431ef217342db44d516bb9befde802be7d8899637d290895fa58880f19accc",
      "owner": "cohen-validator-1::12202720a37a100708470d6623ee4001672eec114cfca39b18ce3f6d91643496fab5",
      "amount": {
        "initialAmount": "6798.7671322694",
        "createdAt": {
          "number": "45009"
        },
        "ratePerRound": {
          "rate": "0.0003805180"
        }
      }
    },
    {
      "dso": "DSO::1220b1431ef217342db44d516bb9befde802be7d8899637d290895fa58880f19accc",
      "owner": "nodeMonster-wallet-1::1220b7f95d638bfd2f43b0ecb9df89dd8e4240bd3729b0e650df5e67dd06e28d0dda",
      "amount": {
        "initialAmount": "271.9155749386",
        "createdAt": {
          "number": "45920"
        },
        "ratePerRound": {
          "rate": "0.0003805180"
        }
      }
    },
    {
      "dso": "DSO::1220b1431ef217342db44d516bb9befde802be7d8899637d290895fa58880f19accc",
      "owner": "SquareFootToken-validator-1::1220f1ad878724b3bf97cf18dcdff07f7eca4cdebe9889295fef356927777f3ed8f8",
      "amount": {
        "initialAmount": "226.2753184653",
        "createdAt": {
          "number": "47479"
        },
        "ratePerRound": {
          "rate": "0.0003805180"
        }
      }
    },
    {
      "dso": "DSO::1220b1431ef217342db44d516bb9befde802be7d8899637d290895fa58880f19accc",
      "owner": "apus-validator-1::1220b26f062ec87f09818b230616440e890f670979d900fc1b5b10ac201cfaca123e",
      "amount": {
        "initialAmount": "127.9016228213",
        "createdAt": {
          "number": "47917"
        },
        "ratePerRound": {
          "rate": "0.0003805180"
        }
      }
    },
    {
      "dso": "DSO::1220b1431ef217342db44d516bb9befde802be7d8899637d290895fa58880f19accc",
      "owner": "dfns1::1220cc1599896fbea26e6d9461de8f5ff34c4fbcba5aae2a1470c8d148d18e88dac7",
      "amount": {
        "initialAmount": "10.0000000000",
        "createdAt": {
          "number": "48271"
        },
        "ratePerRound": {
          "rate": "0.0003805180"
        }
      }
    },
    {
      "dso": "DSO::1220b1431ef217342db44d516bb9befde802be7d8899637d290895fa58880f19accc",
      "owner": "LCV-SVvalidator-1::1220c75867697df9fc5fed191b34ee931be05aa4b6fcc465927d81c841baa75f2ab5",
      "amount": {
        "initialAmount": "0.0039238685",
        "createdAt": {
          "number": "48843"
        },
        "ratePerRound": {
          "rate": "0.0003805180"
        }
      }
    },
    {
      "dso": "DSO::1220b1431ef217342db44d516bb9befde802be7d8899637d290895fa58880f19accc",
      "owner": "MPCH-BRONvalidator-1::122001ec00d642b30f6bf002a8079138b350f8ad34cb71e534141a62652778ae4273",
      "amount": {
        "initialAmount": "2232.6834515996",
        "createdAt": {
          "number": "48871"
        },
        "ratePerRound": {
          "rate": "0.0003805180"
        }
      }
    },
    {
      "dso": "DSO::1220b1431ef217342db44d516bb9befde802be7d8899637d290895fa58880f19accc",
      "owner": "23d169c2-0909-4c70-81d1-1922de6febaa::1220a2dc771d9e5ac6cade5d3c3401159b37fede7cad987745b8366bffe528ade90c",
      "amount": {
        "initialAmount": "10.0000000000",
        "createdAt": {
          "number": "50861"
        },
        "ratePerRound": {
          "rate": "0.0003805180"
        }
      }
    },
    {
      "dso": "DSO::1220b1431ef217342db44d516bb9befde802be7d8899637d290895fa58880f19accc",
      "owner": "auth0_007c685280cadca6dacb3927039f::1220df09409bfe8d1008ec023c19415a2afb89c56476bd0467d4f76864592cf53341",
      "amount": {
        "initialAmount": "171.2044137480",
        "createdAt": {
          "number": "50910"
        },
        "ratePerRound": {
          "rate": "0.0003805180"
        }
      }
    },
    {
      "dso": "DSO::1220b1431ef217342db44d516bb9befde802be7d8899637d290895fa58880f19accc",
      "owner": "23d169c2-0909-4c70-81d1-1922de6febaa::1220a2dc771d9e5ac6cade5d3c3401159b37fede7cad987745b8366bffe528ade90c",
      "amount": {
        "initialAmount": "4999990.0000000000",
        "createdAt": {
          "number": "50953"
        },
        "ratePerRound": {
          "rate": "0.0003805180"
        }
      }
    },
    {
      "dso": "DSO::1220b1431ef217342db44d516bb9befde802be7d8899637d290895fa58880f19accc",
      "owner": "Thetanuts-Options-1::1220df09409bfe8d1008ec023c19415a2afb89c56476bd0467d4f76864592cf53341",
      "amount": {
        "initialAmount": "244.9355923268",
        "createdAt": {
          "number": "51023"
        },
        "ratePerRound": {
          "rate": "0.0003805180"
        }
      }
    }
  ]
}