{
  "metadata": {
    "template_id": "6cb1318176e758c256c2e385f87b86c5060e80fb68a72e8ceb08ac5f9045fff2:Splice.Ans:AnsEntry",
    "canonical_package": "3ca1343ab26b453d38c8adb70dca5f1ead8440c42b59b68f070786955cbf9ec1",
    "migration_id": 3,
    "record_time": "2025-10-30T21:00:00Z",
    "timestamp": "2025-10-30T23:52:55.955Z",
    "entry_count": 9
  },
  "data": [
    {
      "user": "sendmainnet1::12203726c4d6a2041bc700b91effb7baea3fa3af720edabb5dd3e6e8b56867f9b016",
      "dso": "DSO::1220b1431ef217342db44d516bb9befde802be7d8899637d290895fa58880f19accc",
      "name": "cantonwallet.unverified.cns",
      "url": "",
      "description": "",
      "expiresAt": "2026-02-14T17:11:40.199860Z"
    },
    {
      "user": "auth0_007c68f39afe88776760fe51235d::1220410d9595a1938f6e1843835c5758588fde137d984ffd9b19941142cfbf788d16",
      "dso": "DSO::1220b1431ef217342db44d516bb9befde802be7d8899637d290895fa58880f19accc",
      "name": "pyphicap-ieucpm.unverified.cns",
      "url": "",
      "description": "",
      "expiresAt": "2026-01-16T13:56:58.711081Z"
    },
    {
      "user": "auth0_007c68a52d782bdc202157772788::12203f5b04708d1a567a374034533aa6a6d5804ff337c982f9cb9134e1e74414a0b5",
      "dso": "DSO::1220b1431ef217342db44d516bb9befde802be7d8899637d290895fa58880f19accc",
      "name": "apc-cpm.unverified.cns",
      "url": "",
      "description": "",
      "expiresAt": "2026-02-17T20:52:45.980915Z"
    },
    {
      "user": "auth0_007c68940791d6b46c3c985c3bc2::12203f5b04708d1a567a374034533aa6a6d5804ff337c982f9cb9134e1e74414a0b5",
      "dso": "DSO::1220b1431ef217342db44d516bb9befde802be7d8899637d290895fa58880f19accc",
      "name": "apc-dfns.unverified.cns",
      "url": "",
      "description": "",
      "expiresAt": "2026-02-17T21:06:51.906002Z"
    },
    {
      "user": "kaiko-mainnet-1::1220f67b4f1c8742d83ac7e12749d98195bf88ff120b2dab369291cf6a2ca27be9a9",
      "dso": "DSO::1220b1431ef217342db44d516bb9befde802be7d8899637d290895fa58880f19accc",
      "name": "kaiko-data.unverified.cns",
      "url": "",
      "description": "",
      "expiresAt": "2026-02-21T13:28:19.580525Z"
    },
    {
      "user": "nodefortress-finance-1::12203eeb4af78c37754352c3e6235f684bd125069d49cf5827c44350fa8827320ed8",
      "dso": "DSO::1220b1431ef217342db44d516bb9befde802be7d8899637d290895fa58880f19accc",
      "name": "nodefortress.unverified.cns",
      "url": "",
      "description": "",
      "expiresAt": "2026-02-21T21:03:50.835568Z"
    },
    {
      "user": "cantonloop-mainnet-1::12205fb70ce14897d06baec18a4b889f296c765a8325fd3d99cc084b1f980426ac12",
      "dso": "DSO::1220b1431ef217342db44d516bb9befde802be7d8899637d290895fa58880f19accc",
      "name": "loop.unverified.cns",
      "url": "",
      "description": "",
      "expiresAt": "2026-02-23T06:23:44.399930Z"
    },
    {
      "user": "cantonloop-mainnet-1::12205fb70ce14897d06baec18a4b889f296c765a8325fd3d99cc084b1f980426ac12",
      "dso": "DSO::1220b1431ef217342db44d516bb9befde802be7d8899637d290895fa58880f19accc",
      "name": "cantonloop.unverified.cns",
      "url": "",
      "description": "",
      "expiresAt": "2026-02-23T06:24:23.862109Z"
    },
    {
      "user": "cantonloop-mainnet-1::12205fb70ce14897d06baec18a4b889f296c765a8325fd3d99cc084b1f980426ac12",
      "dso": "DSO::1220b1431ef217342db44d516bb9befde802be7d8899637d290895fa58880f19accc",
      "name": "5n.unverified.cns",
      "url": "",
      "description": "",
      "expiresAt": "2026-02-23T06:25:27.911581Z"
    }
  ]
}