{
  "metadata": {
    "template_id": "6e9fc50fb94e56751b49f09ba2dc84da53a9d7cff08115ebb4f6b7a12d0c990c:Splice.ValidatorLicense:ValidatorLicense",
    "canonical_package": "3ca1343ab26b453d38c8adb70dca5f1ead8440c42b59b68f070786955cbf9ec1",
    "migration_id": 3,
    "record_time": "2025-10-30T21:00:00Z",
    "timestamp": "2025-10-30T23:52:55.646Z",
    "entry_count": 12
  },
  "data": [
    {
      "validator": "MPCH-PITOvalidator-1::1220c8e303505ff29575e34990bf1c7da51369f556e40ddcec5c0e218042f750c5e2",
      "sponsor": "MPC-Holding-Inc::12204783725aa3adcd787311531134baed8b9b28ccf76b100c62b8d4995842aabd6b",
      "dso": "DSO::1220b1431ef217342db44d516bb9befde802be7d8899637d290895fa58880f19accc",
      "faucetState": {
        "firstReceivedFor": {
          "number": "49459"
        },
        "lastReceivedFor": {
          "number": "63278"
        },
        "numCouponsMissed": "129"
      },
      "metadata": {
        "lastUpdatedAt": "2025-09-23T11:39:50.504909Z",
        "version": "0.4.15",
        "contactPoint": "sv-ops@mpch.io"
      },
      "lastActiveAt": "2025-09-23T13:19:31.802737Z"
    },
    {
      "validator": "PotamusEngagement-validator-1::1220381f841e5752e014af9b2846ae0d4c09d2e81a8240b2451a22973324de608c3a",
      "sponsor": "Global-Synchronizer-Foundation::1220b0867964b602f2cc7ea61324a95f000f0060e735cfaf4f23f424fdab02c170ac",
      "dso": "DSO::1220b1431ef217342db44d516bb9befde802be7d8899637d290895fa58880f19accc",
      "faucetState": {
        "firstReceivedFor": {
          "number": "60772"
        },
        "lastReceivedFor": {
          "number": "63293"
        },
        "numCouponsMissed": "73"
      },
      "metadata": {
        "lastUpdatedAt": "2025-09-22T18:21:23.530817Z",
        "version": "0.4.15",
        "contactPoint": ""
      },
      "lastActiveAt": "2025-09-23T15:53:56.198272Z"
    },
    {
      "validator": "CryptoNativeFinance-validator-1::12202c4a35b2f037a26374611f0f079940bf346c4d3e98e6579642449c402bbb7ecd",
      "sponsor": "Global-Synchronizer-Foundation::1220b0867964b602f2cc7ea61324a95f000f0060e735cfaf4f23f424fdab02c170ac",
      "dso": "DSO::1220b1431ef217342db44d516bb9befde802be7d8899637d290895fa58880f19accc",
      "faucetState": {
        "firstReceivedFor": {
          "number": "63272"
        },
        "lastReceivedFor": {
          "number": "63296"
        },
        "numCouponsMissed": "0"
      },
      "metadata": {
        "lastUpdatedAt": "2025-09-23T12:29:28.663437Z",
        "version": "0.4.15",
        "contactPoint": ""
      },
      "lastActiveAt": "2025-09-23T16:25:01.686924Z"
    },
    {
      "validator": "ESOdigital-mainnetValidator-1::1220407dd38ad1baa0401d6765bd383c312bb063135ab7172119a448f3869f8f045d",
      "sponsor": "Digital-Asset-2::12209b21d512c6a7e2f5d215266fe6568cb732caaef7ff04e308f990a652340d3529",
      "dso": "DSO::1220b1431ef217342db44d516bb9befde802be7d8899637d290895fa58880f19accc",
      "faucetState": {
        "firstReceivedFor": {
          "number": "62621"
        },
        "lastReceivedFor": {
          "number": "63299"
        },
        "numCouponsMissed": "648"
      },
      "metadata": {
        "lastUpdatedAt": "2025-09-23T14:31:29.320129Z",
        "version": "0.4.15",
        "contactPoint": "automation@figment.io"
      },
      "lastActiveAt": "2025-09-23T16:57:05.230294Z"
    },
    {
      "validator": "tw-3tradeMainnet-1::1220ef5381d9547718c950ad17caeb79372f06fac7b1ea99a80c7db30f9886f74bad",
      "sponsor": "Tradeweb-Markets-1::12203cd253ff9f6526c871dd6a9b3af8d1f0484ff0910e6cae75e9bcf76d1be5ff99",
      "dso": "DSO::1220b1431ef217342db44d516bb9befde802be7d8899637d290895fa58880f19accc",
      "faucetState": {
        "firstReceivedFor": {
          "number": "35969"
        },
        "lastReceivedFor": {
          "number": "63727"
        },
        "numCouponsMissed": "54"
      },
      "metadata": {
        "lastUpdatedAt": "2025-09-17T17:21:40.377970Z",
        "version": "0.4.14",
        "contactPoint": ""
      },
      "lastActiveAt": "2025-09-26T17:59:49.284659Z"
    },
    {
      "validator": "DigitalAsset-Pool-009::122042c9659c810ebc30f4a449887e50139aa3eeec7df391805a2aee92aa08d7c0c9",
      "sponsor": "Digital-Asset-1::1220a32c8c98a33fab1f7fac9f63790b22df62647c30ebc3b644dbdf2936fcc88419",
      "dso": "DSO::1220b1431ef217342db44d516bb9befde802be7d8899637d290895fa58880f19accc",
      "faucetState": {
        "firstReceivedFor": {
          "number": "37094"
        },
        "lastReceivedFor": {
          "number": "66138"
        },
        "numCouponsMissed": "21"
      },
      "metadata": {
        "lastUpdatedAt": "2025-10-08T15:29:18.348528Z",
        "version": "0.4.17",
        "contactPoint": "cnu-ops@digitalasset.com"
      },
      "lastActiveAt": "2025-10-13T21:56:17.653065Z"
    },
    {
      "validator": "DigitalAsset-Pool-010::12205b22d7f0eba6b02e28af82c37ffa7e5819a010b1e18080c3844d66ec527a994a",
      "sponsor": "Digital-Asset-1::1220a32c8c98a33fab1f7fac9f63790b22df62647c30ebc3b644dbdf2936fcc88419",
      "dso": "DSO::1220b1431ef217342db44d516bb9befde802be7d8899637d290895fa58880f19accc",
      "faucetState": {
        "firstReceivedFor": {
          "number": "37094"
        },
        "lastReceivedFor": {
          "number": "66139"
        },
        "numCouponsMissed": "2671"
      },
      "metadata": {
        "lastUpdatedAt": "2025-10-08T15:29:20.173831Z",
        "version": "0.4.17",
        "contactPoint": "cnu-ops@digitalasset.com"
      },
      "lastActiveAt": "2025-10-13T22:05:47.477864Z"
    },
    {
      "validator": "mexc-mainNetPrimary-01::122046104b833722b8331b328ededf9b437a440f6063bfa2398dae233fc862d80d1f",
      "sponsor": "Digital-Asset-2::12209b21d512c6a7e2f5d215266fe6568cb732caaef7ff04e308f990a652340d3529",
      "dso": "DSO::1220b1431ef217342db44d516bb9befde802be7d8899637d290895fa58880f19accc",
      "faucetState": {
        "firstReceivedFor": {
          "number": "58743"
        },
        "lastReceivedFor": {
          "number": "66327"
        },
        "numCouponsMissed": "52"
      },
      "metadata": {
        "lastUpdatedAt": "2025-10-13T07:35:35.043990Z",
        "version": "0.4.17",
        "contactPoint": ""
      },
      "lastActiveAt": "2025-10-15T06:15:07.048680Z"
    },
    {
      "validator": "virtu-mainnet-1::1220b4d3c8b8ec024768dd1f1cb5e8cc9b01ab5a4eb739e200c7952cf6a12191d2fb",
      "sponsor": "Digital-Asset-2::12209b21d512c6a7e2f5d215266fe6568cb732caaef7ff04e308f990a652340d3529",
      "dso": "DSO::1220b1431ef217342db44d516bb9befde802be7d8899637d290895fa58880f19accc",
      "faucetState": {
        "firstReceivedFor": {
          "number": "59547"
        },
        "lastReceivedFor": {
          "number": "66484"
        },
        "numCouponsMissed": "2391"
      },
      "metadata": {
        "lastUpdatedAt": "2025-09-23T23:18:19.566154Z",
        "version": "0.4.15",
        "contactPoint": ""
      },
      "lastActiveAt": "2025-10-21T08:46:13.037398Z"
    },
    {
      "validator": "rwaxyz-validator-1::1220d3550e89fd8d3b67566e1fd57d2cb02eff78ec42c598feaffb5ffb8eedc0ad18",
      "sponsor": "Digital-Asset-2::12209b21d512c6a7e2f5d215266fe6568cb732caaef7ff04e308f990a652340d3529",
      "dso": "DSO::1220b1431ef217342db44d516bb9befde802be7d8899637d290895fa58880f19accc",
      "faucetState": {
        "firstReceivedFor": {
          "number": "39729"
        },
        "lastReceivedFor": {
          "number": "66484"
        },
        "numCouponsMissed": "1086"
      },
      "metadata": {
        "lastUpdatedAt": "2025-09-29T19:51:26.954507Z",
        "version": "0.4.16",
        "contactPoint": "charlie@rwa.xyz"
      },
      "lastActiveAt": "2025-10-30T20:04:56.512974Z"
    },
    {
      "validator": "vibrantcapital-validator-1::1220c738dcf337a46b16cbf83a77dd7e258593acc3e6fce3d6e76a65ac86c7af868f",
      "sponsor": "Digital-Asset-2::12209b21d512c6a7e2f5d215266fe6568cb732caaef7ff04e308f990a652340d3529",
      "dso": "DSO::1220b1431ef217342db44d516bb9befde802be7d8899637d290895fa58880f19accc",
      "faucetState": {
        "firstReceivedFor": {
          "number": "59784"
        },
        "lastReceivedFor": {
          "number": "66484"
        },
        "numCouponsMissed": "0"
      },
      "metadata": {
        "lastUpdatedAt": "2025-08-29T16:45:57.396294Z",
        "version": "0.4.10",
        "contactPoint": "rchung@vibrantcapitalpartners.com"
      },
      "lastActiveAt": "2025-10-30T20:07:12.420405Z"
    },
    {
      "validator": "DELIGHT-validator-1::122012ac14b35a8a2f411bae342786cb4aff5803677cffd4fb3822a6f9d59f14d659",
      "sponsor": "Global-Synchronizer-Foundation::1220b0867964b602f2cc7ea61324a95f000f0060e735cfaf4f23f424fdab02c170ac",
      "dso": "DSO::1220b1431ef217342db44d516bb9befde802be7d8899637d290895fa58880f19accc",
      "faucetState": {
        "firstReceivedFor": {
          "number": "62229"
        },
        "lastReceivedFor": {
          "number": "66484"
        },
        "numCouponsMissed": "0"
      },
      "metadata": {
        "lastUpdatedAt": "2025-09-16T02:26:15.175439Z",
        "version": "0.4.14",
        "contactPoint": "validator@delightlabs.io"
      },
      "lastActiveAt": "2025-10-30T20:51:07.584668Z"
    }
  ]
}