{
  "metadata": {
    "template_id": "6e9fc50fb94e56751b49f09ba2dc84da53a9d7cff08115ebb4f6b7a12d0c990c:Splice.DecentralizedSynchronizer:MemberTraffic",
    "canonical_package": "3ca1343ab26b453d38c8adb70dca5f1ead8440c42b59b68f070786955cbf9ec1",
    "migration_id": 3,
    "record_time": "2025-10-30T21:00:00Z",
    "timestamp": "2025-10-30T23:52:55.646Z",
    "entry_count": 127
  },
  "data": [
    {
      "dso": "DSO::1220b1431ef217342db44d516bb9befde802be7d8899637d290895fa58880f19accc",
      "memberId": "PAR::ObsidianSystems-validator-1::1220f8a24f975dc3d070e3111279bc2bf2d713a77c5570cbdd2064acb6a4d8d6feea",
      "synchronizerId": "global-domain::1220b1431ef217342db44d516bb9befde802be7d8899637d290895fa58880f19accc",
      "migrationId": "3",
      "totalPurchased": "21997800",
      "numPurchases": "11",
      "amuletSpent": "15731.7600000000",
      "usdSpent": "1319.8680000000"
    },
    {
      "dso": "DSO::1220b1431ef217342db44d516bb9befde802be7d8899637d290895fa58880f19accc",
      "memberId": "PAR::CryptoNativeFinance-validator-1::12202c4a35b2f037a26374611f0f079940bf346c4d3e98e6579642449c402bbb7ecd",
      "synchronizerId": "global-domain::1220b1431ef217342db44d516bb9befde802be7d8899637d290895fa58880f19accc",
      "migrationId": "3",
      "totalPurchased": "1200000",
      "numPurchases": "1",
      "amuletSpent": "800.0000000000",
      "usdSpent": "72.0000000000"
    },
    {
      "dso": "DSO::1220b1431ef217342db44d516bb9befde802be7d8899637d290895fa58880f19accc",
      "memberId": "PAR::ESOdigital-mainnetValidator-1::1220407dd38ad1baa0401d6765bd383c312bb063135ab7172119a448f3869f8f045d",
      "synchronizerId": "global-domain::1220b1431ef217342db44d516bb9befde802be7d8899637d290895fa58880f19accc",
      "migrationId": "3",
      "totalPurchased": "1200000",
      "numPurchases": "1",
      "amuletSpent": "800.0000000000",
      "usdSpent": "72.0000000000"
    },
    {
      "dso": "DSO::1220b1431ef217342db44d516bb9befde802be7d8899637d290895fa58880f19accc",
      "memberId": "PAR::virtu-mainnet-1::1220b4d3c8b8ec024768dd1f1cb5e8cc9b01ab5a4eb739e200c7952cf6a12191d2fb",
      "synchronizerId": "global-domain::1220b1431ef217342db44d516bb9befde802be7d8899637d290895fa58880f19accc",
      "migrationId": "3",
      "totalPurchased": "1200000",
      "numPurchases": "1",
      "amuletSpent": "800.0000000000",
      "usdSpent": "72.0000000000"
    },
    {
      "dso": "DSO::1220b1431ef217342db44d516bb9befde802be7d8899637d290895fa58880f19accc",
      "memberId": "PAR::Zenrock-mainnetValidator-1::12202580011e785e814a368f4d921627f9aa31a51546c6c8134b9f5eee8289c7a999",
      "synchronizerId": "global-domain::1220b1431ef217342db44d516bb9befde802be7d8899637d290895fa58880f19accc",
      "migrationId": "3",
      "totalPurchased": "1200000",
      "numPurchases": "1",
      "amuletSpent": "800.0000000000",
      "usdSpent": "72.0000000000"
    },
    {
      "dso": "DSO::1220b1431ef217342db44d516bb9befde802be7d8899637d290895fa58880f19accc",
      "memberId": "PAR::blockinvest-mainnetValidator-1::12201d78044657cdd3981a75bbaed842950dc4fa2d3e457ad4c00aeb45b160664c40",
      "synchronizerId": "global-domain::1220b1431ef217342db44d516bb9befde802be7d8899637d290895fa58880f19accc",
      "migrationId": "3",
      "totalPurchased": "1200000",
      "numPurchases": "1",
      "amuletSpent": "800.0000000000",
      "usdSpent": "72.0000000000"
    },
    {
      "dso": "DSO::1220b1431ef217342db44d516bb9befde802be7d8899637d290895fa58880f19accc",
      "memberId": "PAR::trustbytes-mainnetValidator-1::12202605ea6e9039060ff8263d8c212ee259e2a207f505d2f2727e2abfaac0bee0d8",
      "synchronizerId": "global-domain::1220b1431ef217342db44d516bb9befde802be7d8899637d290895fa58880f19accc",
      "migrationId": "3",
      "totalPurchased": "1200000",
      "numPurchases": "1",
      "amuletSpent": "800.0000000000",
      "usdSpent": "72.0000000000"
    },
    {
      "dso": "DSO::1220b1431ef217342db44d516bb9befde802be7d8899637d290895fa58880f19accc",
      "memberId": "PAR::CodeJack-mainnetValidator-1::1220c7a6e8dc7567a48734f370ef2e263b3ff044f9c5be10aec2a9d4af97edd8e715",
      "synchronizerId": "global-domain::1220b1431ef217342db44d516bb9befde802be7d8899637d290895fa58880f19accc",
      "migrationId": "3",
      "totalPurchased": "1200000",
      "numPurchases": "1",
      "amuletSpent": "800.0000000000",
      "usdSpent": "72.0000000000"
    },
    {
      "dso": "DSO::1220b1431ef217342db44d516bb9befde802be7d8899637d290895fa58880f19accc",
      "memberId": "PAR::jabcap-validator-1::12203a1e9d0eed913db25d9c8acb6bc25b3296ea9324196db6881b5824b07d6f19a0",
      "synchronizerId": "global-domain::1220b1431ef217342db44d516bb9befde802be7d8899637d290895fa58880f19accc",
      "migrationId": "3",
      "totalPurchased": "1200000",
      "numPurchases": "1",
      "amuletSpent": "800.0000000000",
      "usdSpent": "72.0000000000"
    },
    {
      "dso": "DSO::1220b1431ef217342db44d516bb9befde802be7d8899637d290895fa58880f19accc",
      "memberId": "PAR::Alloyx-Validator-1::1220dd86c926241c607691404ba6a2d957029e308ebc33587cad573737cc83385846",
      "synchronizerId": "global-domain::1220b1431ef217342db44d516bb9befde802be7d8899637d290895fa58880f19accc",
      "migrationId": "3",
      "totalPurchased": "1200000",
      "numPurchases": "1",
      "amuletSpent": "800.0000000000",
      "usdSpent": "72.0000000000"
    },
    {
      "dso": "DSO::1220b1431ef217342db44d516bb9befde802be7d8899637d290895fa58880f19accc",
      "memberId": "PAR::USDX-Validator-1::1220b9fca3fb6a413dfa590220df1da28e4082b3eee1e83c79a2da646bee9763a97f",
      "synchronizerId": "global-domain::1220b1431ef217342db44d516bb9befde802be7d8899637d290895fa58880f19accc",
      "migrationId": "3",
      "totalPurchased": "1200000",
      "numPurchases": "1",
      "amuletSpent": "800.0000000000",
      "usdSpent": "72.0000000000"
    },
    {
      "dso": "DSO::1220b1431ef217342db44d516bb9befde802be7d8899637d290895fa58880f19accc",
      "memberId": "PAR::Holdex-Validator-1::12201bec0b689446a76990af1a32d901e45c3af6b3e721026310d95fbd6922ed87cd",
      "synchronizerId": "global-domain::1220b1431ef217342db44d516bb9befde802be7d8899637d290895fa58880f19accc",
      "migrationId": "3",
      "totalPurchased": "1200000",
      "numPurchases": "1",
      "amuletSpent": "800.0000000000",
      "usdSpent": "72.0000000000"
    },
    {
      "dso": "DSO::1220b1431ef217342db44d516bb9befde802be7d8899637d290895fa58880f19accc",
      "memberId": "PAR::Ledger-validator-2::12200f690addf0aafe7b2f5ed3e8e857c4a9e306ac7e650d383b4daabc50a197ae0f",
      "synchronizerId": "global-domain::1220b1431ef217342db44d516bb9befde802be7d8899637d290895fa58880f19accc",
      "migrationId": "3",
      "totalPurchased": "1200000",
      "numPurchases": "1",
      "amuletSpent": "800.0000000000",
      "usdSpent": "72.0000000000"
    },
    {
      "dso": "DSO::1220b1431ef217342db44d516bb9befde802be7d8899637d290895fa58880f19accc",
      "memberId": "PAR::WavebridgeKR-Validator-1::12207cd17e2ffd1ae5300fe488215071adac792614c120b3a6c7a8a3373088fbb7d1",
      "synchronizerId": "global-domain::1220b1431ef217342db44d516bb9befde802be7d8899637d290895fa58880f19accc",
      "migrationId": "3",
      "totalPurchased": "1200000",
      "numPurchases": "1",
      "amuletSpent": "800.0000000000",
      "usdSpent": "72.0000000000"
    },
    {
      "dso": "DSO::1220b1431ef217342db44d516bb9befde802be7d8899637d290895fa58880f19accc",
      "memberId": "PAR::WavebridgeEUUAB-Validator-1::12204ee53483dc59b8a47f3266fcda3b9e7443f000b467c9e53505359944bbd07840",
      "synchronizerId": "global-domain::1220b1431ef217342db44d516bb9befde802be7d8899637d290895fa58880f19accc",
      "migrationId": "3",
      "totalPurchased": "1200000",
      "numPurchases": "1",
      "amuletSpent": "800.0000000000",
      "usdSpent": "72.0000000000"
    },
    {
      "dso": "DSO::1220b1431ef217342db44d516bb9befde802be7d8899637d290895fa58880f19accc",
      "memberId": "PAR::unit410-validator-1::1220466704cad5ab841c7183e212f8b0d9c1f47debcb1c07318430ff72b0b6d014be",
      "synchronizerId": "global-domain::1220b1431ef217342db44d516bb9befde802be7d8899637d290895fa58880f19accc",
      "migrationId": "3",
      "totalPurchased": "1200000",
      "numPurchases": "1",
      "amuletSpent": "800.0000000000",
      "usdSpent": "72.0000000000"
    },
    {
      "dso": "DSO::1220b1431ef217342db44d516bb9befde802be7d8899637d290895fa58880f19accc",
      "memberId": "PAR::Arkhia-Validator-1::12208f49e6bc2638dc72b1fc7a5cda5380fad110b90c1dbc409296948f14052b2b9e",
      "synchronizerId": "global-domain::1220b1431ef217342db44d516bb9befde802be7d8899637d290895fa58880f19accc",
      "migrationId": "3",
      "totalPurchased": "1200000",
      "numPurchases": "1",
      "amuletSpent": "800.0000000000",
      "usdSpent": "72.0000000000"
    },
    {
      "dso": "DSO::1220b1431ef217342db44d516bb9befde802be7d8899637d290895fa58880f19accc",
      "memberId": "PAR::Protos-Validator-1::122074a51e119aeac464abbd6570ddacaa559a5aea96b9470c67c9cf8b5989e5f83c",
      "synchronizerId": "global-domain::1220b1431ef217342db44d516bb9befde802be7d8899637d290895fa58880f19accc",
      "migrationId": "3",
      "totalPurchased": "1200000",
      "numPurchases": "1",
      "amuletSpent": "800.0000000000",
      "usdSpent": "72.0000000000"
    },
    {
      "dso": "DSO::1220b1431ef217342db44d516bb9befde802be7d8899637d290895fa58880f19accc",
      "memberId": "PAR::coinage_x_daic-validator-1::1220e04a3de91bcdb9e70d8ed1d5db44b1fd70f67b92ea40407b1657ddb89813b0ef",
      "synchronizerId": "global-domain::1220b1431ef217342db44d516bb9befde802be7d8899637d290895fa58880f19accc",
      "migrationId": "3",
      "totalPurchased": "1200000",
      "numPurchases": "1",
      "amuletSpent": "800.0000000000",
      "usdSpent": "72.0000000000"
    },
    {
      "dso": "DSO::1220b1431ef217342db44d516bb9befde802be7d8899637d290895fa58880f19accc",
      "memberId": "PAR::Etherfuse-Validator-1::122030dd1431f7b61b88ef97ca9b49e22d6f33513dcd8f18280505b5a89847f8f9f4",
      "synchronizerId": "global-domain::1220b1431ef217342db44d516bb9befde802be7d8899637d290895fa58880f19accc",
      "migrationId": "3",
      "totalPurchased": "1200000",
      "numPurchases": "1",
      "amuletSpent": "800.0000000000",
      "usdSpent": "72.0000000000"
    },
    {
      "dso": "DSO::1220b1431ef217342db44d516bb9befde802be7d8899637d290895fa58880f19accc",
      "memberId": "PAR::Fenbushi-Validator-1::12205a84804b62ff6b65b081725233c095aad6537a4e5933c593c18470c9a9ddf6e3",
      "synchronizerId": "global-domain::1220b1431ef217342db44d516bb9befde802be7d8899637d290895fa58880f19accc",
      "migrationId": "3",
      "totalPurchased": "1200000",
      "numPurchases": "1",
      "amuletSpent": "800.0000000000",
      "usdSpent": "72.0000000000"
    },
    {
      "dso": "DSO::1220b1431ef217342db44d516bb9befde802be7d8899637d290895fa58880f19accc",
      "memberId": "PAR::Keplr-Validator-1::1220903180e4c79ed1db7e377feb0842aa7385a4a802fc92dbc304b00892704fa82b",
      "synchronizerId": "global-domain::1220b1431ef217342db44d516bb9befde802be7d8899637d290895fa58880f19accc",
      "migrationId": "3",
      "totalPurchased": "1200000",
      "numPurchases": "1",
      "amuletSpent": "800.0000000000",
      "usdSpent": "72.0000000000"
    },
    {
      "dso": "DSO::1220b1431ef217342db44d516bb9befde802be7d8899637d290895fa58880f19accc",
      "memberId": "PAR::OKJ-Validator-1::1220cd5afc90b5827bea8c8b2a5583b482559d0087fc9b9a4efd75461bd08f7b58a0",
      "synchronizerId": "global-domain::1220b1431ef217342db44d516bb9befde802be7d8899637d290895fa58880f19accc",
      "migrationId": "3",
      "totalPurchased": "1200000",
      "numPurchases": "1",
      "amuletSpent": "800.0000000000",
      "usdSpent": "72.0000000000"
    },
    {
      "dso": "DSO::1220b1431ef217342db44d516bb9befde802be7d8899637d290895fa58880f19accc",
      "memberId": "PAR::NodeDao-validator-1::1220406218daf7419cc2b92021f06c4693997354da3a01a5356c9ec0fb240232961d",
      "synchronizerId": "global-domain::1220b1431ef217342db44d516bb9befde802be7d8899637d290895fa58880f19accc",
      "migrationId": "3",
      "totalPurchased": "1200000",
      "numPurchases": "1",
      "amuletSpent": "800.0000000000",
      "usdSpent": "72.0000000000"
    },
    {
      "dso": "DSO::1220b1431ef217342db44d516bb9befde802be7d8899637d290895fa58880f19accc",
      "memberId": "PAR::Coinsph-Validator-1::12203af1c6350c0049527672885039542e1239852758bea9ccf000a11f99ccbf723d",
      "synchronizerId": "global-domain::1220b1431ef217342db44d516bb9befde802be7d8899637d290895fa58880f19accc",
      "migrationId": "3",
      "totalPurchased": "1200000",
      "numPurchases": "1",
      "amuletSpent": "800.0000000000",
      "usdSpent": "72.0000000000"
    },
    {
      "dso": "DSO::1220b1431ef217342db44d516bb9befde802be7d8899637d290895fa58880f19accc",
      "memberId": "PAR::NGC-Validator-1::1220a0a989142f3df477f11764cc6c31ffff62c0478d6f941fb682e6a197f852dbf6",
      "synchronizerId": "global-domain::1220b1431ef217342db44d516bb9befde802be7d8899637d290895fa58880f19accc",
      "migrationId": "3",
      "totalPurchased": "1200000",
      "numPurchases": "1",
      "amuletSpent": "800.0000000000",
      "usdSpent": "72.0000000000"
    },
    {
      "dso": "DSO::1220b1431ef217342db44d516bb9befde802be7d8899637d290895fa58880f19accc",
      "memberId": "PAR::Openeden-validator-1::1220d82217340f1c6304781cc02326c245d840d93cced67a7d3e1d403b1720ce4ad4",
      "synchronizerId": "global-domain::1220b1431ef217342db44d516bb9befde802be7d8899637d290895fa58880f19accc",
      "migrationId": "3",
      "totalPurchased": "1200000",
      "numPurchases": "1",
      "amuletSpent": "800.0000000000",
      "usdSpent": "72.0000000000"
    },
    {
      "dso": "DSO::1220b1431ef217342db44d516bb9befde802be7d8899637d290895fa58880f19accc",
      "memberId": "PAR::Bima-Validator-1::122002c77e3f27565582dc4fbb50dc3960fce4f2352c09fa1fb92f5466f8af40b2f5",
      "synchronizerId": "global-domain::1220b1431ef217342db44d516bb9befde802be7d8899637d290895fa58880f19accc",
      "migrationId": "3",
      "totalPurchased": "1200000",
      "numPurchases": "1",
      "amuletSpent": "800.0000000000",
      "usdSpent": "72.0000000000"
    },
    {
      "dso": "DSO::1220b1431ef217342db44d516bb9befde802be7d8899637d290895fa58880f19accc",
      "memberId": "PAR::Ginco-Validator-1::122032262de98d25ee65b6495bbe95b01c3c1fcdc862e32cda8d1739215d4dcad0e7",
      "synchronizerId": "global-domain::1220b1431ef217342db44d516bb9befde802be7d8899637d290895fa58880f19accc",
      "migrationId": "3",
      "totalPurchased": "1200000",
      "numPurchases": "1",
      "amuletSpent": "800.0000000000",
      "usdSpent": "72.0000000000"
    },
    {
      "dso": "DSO::1220b1431ef217342db44d516bb9befde802be7d8899637d290895fa58880f19accc",
      "memberId": "PAR::Antpool-Validator-1::122096a902f00a8a5dd005a303fdbf709bba9d9539c8436cfe39459f621c1d88fe7d",
      "synchronizerId": "global-domain::1220b1431ef217342db44d516bb9befde802be7d8899637d290895fa58880f19accc",
      "migrationId": "3",
      "totalPurchased": "1200000",
      "numPurchases": "1",
      "amuletSpent": "800.0000000000",
      "usdSpent": "72.0000000000"
    },
    {
      "dso": "DSO::1220b1431ef217342db44d516bb9befde802be7d8899637d290895fa58880f19accc",
      "memberId": "PAR::GlobalStake-MainNetValidator-2::1220033a73546fc1302dd3a07c3cce519fe43b9f48898b0ffa0476643e95be3d6586",
      "synchronizerId": "global-domain::1220b1431ef217342db44d516bb9befde802be7d8899637d290895fa58880f19accc",
      "migrationId": "3",
      "totalPurchased": "1200000",
      "numPurchases": "1",
      "amuletSpent": "800.0000000000",
      "usdSpent": "72.0000000000"
    },
    {
      "dso": "DSO::1220b1431ef217342db44d516bb9befde802be7d8899637d290895fa58880f19accc",
      "memberId": "PAR::validator-clientref-1::12207299ed7d0a22104b7f27fa6fc518866b67d30bacf96a4474e013180bdce67130",
      "synchronizerId": "global-domain::1220b1431ef217342db44d516bb9befde802be7d8899637d290895fa58880f19accc",
      "migrationId": "3",
      "totalPurchased": "1999800",
      "numPurchases": "1",
      "amuletSpent": "1333.2000000000",
      "usdSpent": "119.9880000000"
    },
    {
      "dso": "DSO::1220b1431ef217342db44d516bb9befde802be7d8899637d290895fa58880f19accc",
      "memberId": "PAR::validator-clientref-3::1220791d55fad6dab3d7ab43b7f89a944ef13de374adf34c824dffe0239485293e0b",
      "synchronizerId": "global-domain::1220b1431ef217342db44d516bb9befde802be7d8899637d290895fa58880f19accc",
      "migrationId": "3",
      "totalPurchased": "1999800",
      "numPurchases": "1",
      "amuletSpent": "1333.2000000000",
      "usdSpent": "119.9880000000"
    },
    {
      "dso": "DSO::1220b1431ef217342db44d516bb9befde802be7d8899637d290895fa58880f19accc",
      "memberId": "PAR::validator-clientref-2::1220d3b2fce5fad8743dc56e6f1f486a7c011c1d1bb47b41f5224f58dc7b79350bcb",
      "synchronizerId": "global-domain::1220b1431ef217342db44d516bb9befde802be7d8899637d290895fa58880f19accc",
      "migrationId": "3",
      "totalPurchased": "1999800",
      "numPurchases": "1",
      "amuletSpent": "1333.2000000000",
      "usdSpent": "119.9880000000"
    },
    {
      "dso": "DSO::1220b1431ef217342db44d516bb9befde802be7d8899637d290895fa58880f19accc",
      "memberId": "PAR::validator-clientref-5::1220c29bb6820a3e4213629e506fb226fdd7d212cf86509181704c689069e7722d5b",
      "synchronizerId": "global-domain::1220b1431ef217342db44d516bb9befde802be7d8899637d290895fa58880f19accc",
      "migrationId": "3",
      "totalPurchased": "1999800",
      "numPurchases": "1",
      "amuletSpent": "1333.2000000000",
      "usdSpent": "119.9880000000"
    },
    {
      "dso": "DSO::1220b1431ef217342db44d516bb9befde802be7d8899637d290895fa58880f19accc",
      "memberId": "PAR::validator-clientref-4::1220f2cc852f40908631e9112dc8912b14c76e1d0a1fd0db329873466347dfec3d15",
      "synchronizerId": "global-domain::1220b1431ef217342db44d516bb9befde802be7d8899637d290895fa58880f19accc",
      "migrationId": "3",
      "totalPurchased": "1999800",
      "numPurchases": "1",
      "amuletSpent": "1333.2000000000",
      "usdSpent": "119.9880000000"
    },
    {
      "dso": "DSO::1220b1431ef217342db44d516bb9befde802be7d8899637d290895fa58880f19accc",
      "memberId": "PAR::hypersphere-prod1::1220344361e0561096edb777f6d1ebabf01c9502f1607940e564820d861a4793a1d2",
      "synchronizerId": "global-domain::1220b1431ef217342db44d516bb9befde802be7d8899637d290895fa58880f19accc",
      "migrationId": "3",
      "totalPurchased": "500000",
      "numPurchases": "1",
      "amuletSpent": "333.3333333333",
      "usdSpent": "30.0000000000"
    },
    {
      "dso": "DSO::1220b1431ef217342db44d516bb9befde802be7d8899637d290895fa58880f19accc",
      "memberId": "PAR::rdc-prod1::12206b89cdbb3b0c3f9fadd5d06c5f0975e0237d9a9bcca08b22d39989059ac9595f",
      "synchronizerId": "global-domain::1220b1431ef217342db44d516bb9befde802be7d8899637d290895fa58880f19accc",
      "migrationId": "3",
      "totalPurchased": "500000",
      "numPurchases": "1",
      "amuletSpent": "333.3333333333",
      "usdSpent": "30.0000000000"
    },
    {
      "dso": "DSO::1220b1431ef217342db44d516bb9befde802be7d8899637d290895fa58880f19accc",
      "memberId": "PAR::paperventures-prod1::1220e700c998a904dd524cb4d1a8a39ca08198f0811c25a001f080cbdd4c80d0b261",
      "synchronizerId": "global-domain::1220b1431ef217342db44d516bb9befde802be7d8899637d290895fa58880f19accc",
      "migrationId": "3",
      "totalPurchased": "500000",
      "numPurchases": "1",
      "amuletSpent": "333.3333333333",
      "usdSpent": "30.0000000000"
    },
    {
      "dso": "DSO::1220b1431ef217342db44d516bb9befde802be7d8899637d290895fa58880f19accc",
      "memberId": "PAR::framework-prod1::1220d93e9bba285b1154c0cb2529383a977ac7e6a2b0a753fe1e79f08751ae003461",
      "synchronizerId": "global-domain::1220b1431ef217342db44d516bb9befde802be7d8899637d290895fa58880f19accc",
      "migrationId": "3",
      "totalPurchased": "500000",
      "numPurchases": "1",
      "amuletSpent": "333.3333333333",
      "usdSpent": "30.0000000000"
    },
    {
      "dso": "DSO::1220b1431ef217342db44d516bb9befde802be7d8899637d290895fa58880f19accc",
      "memberId": "PAR::Tungsten-Validator-1::122009b0ee5a0e7c1d71aad7784152c88b0a733eb7a6e0f110205f64cedffa8a72ee",
      "synchronizerId": "global-domain::1220b1431ef217342db44d516bb9befde802be7d8899637d290895fa58880f19accc",
      "migrationId": "3",
      "totalPurchased": "1200000",
      "numPurchases": "1",
      "amuletSpent": "800.0000000000",
      "usdSpent": "72.0000000000"
    },
    {
      "dso": "DSO::1220b1431ef217342db44d516bb9befde802be7d8899637d290895fa58880f19accc",
      "memberId": "PAR::proofgroup-prod2::12209a2fa706cc4c2ab40f25469daeaa39956ad9525b200ed319e1a1dbeca2643cfa",
      "synchronizerId": "global-domain::1220b1431ef217342db44d516bb9befde802be7d8899637d290895fa58880f19accc",
      "migrationId": "3",
      "totalPurchased": "500000",
      "numPurchases": "1",
      "amuletSpent": "333.3333333333",
      "usdSpent": "30.0000000000"
    },
    {
      "dso": "DSO::1220b1431ef217342db44d516bb9befde802be7d8899637d290895fa58880f19accc",
      "memberId": "PAR::cmsholdings-prod1::12205ed9687c9590f1d391aa8150d7ab3b5b9421ad76e217f6c70b2cf493ecf811b1",
      "synchronizerId": "global-domain::1220b1431ef217342db44d516bb9befde802be7d8899637d290895fa58880f19accc",
      "migrationId": "3",
      "totalPurchased": "500000",
      "numPurchases": "1",
      "amuletSpent": "333.3333333333",
      "usdSpent": "30.0000000000"
    },
    {
      "dso": "DSO::1220b1431ef217342db44d516bb9befde802be7d8899637d290895fa58880f19accc",
      "memberId": "PAR::cantonnodes-prod1::12202aabb1637789bf00254a7893853860d8458c7c0235b06433611d6bf41e812b10",
      "synchronizerId": "global-domain::1220b1431ef217342db44d516bb9befde802be7d8899637d290895fa58880f19accc",
      "migrationId": "3",
      "totalPurchased": "500000",
      "numPurchases": "1",
      "amuletSpent": "333.3333333333",
      "usdSpent": "30.0000000000"
    },
    {
      "dso": "DSO::1220b1431ef217342db44d516bb9befde802be7d8899637d290895fa58880f19accc",
      "memberId": "PAR::cantonnodes-prod1::12202aabb1637789bf00254a7893853860d8458c7c0235b06433611d6bf41e812b10",
      "synchronizerId": "global-domain::1220b1431ef217342db44d516bb9befde802be7d8899637d290895fa58880f19accc",
      "migrationId": "3",
      "totalPurchased": "400000",
      "numPurchases": "1",
      "amuletSpent": "266.6666666667",
      "usdSpent": "24.0000000000"
    },
    {
      "dso": "DSO::1220b1431ef217342db44d516bb9befde802be7d8899637d290895fa58880f19accc",
      "memberId": "PAR::eToro-mainnetValidator-1::12209e5264f0c7680d2cdd492b0a45733d8188a626840ad172a3b8033583d2f17b30",
      "synchronizerId": "global-domain::1220b1431ef217342db44d516bb9befde802be7d8899637d290895fa58880f19accc",
      "migrationId": "3",
      "totalPurchased": "1200000",
      "numPurchases": "1",
      "amuletSpent": "800.0000000000",
      "usdSpent": "72.0000000000"
    },
    {
      "dso": "DSO::1220b1431ef217342db44d516bb9befde802be7d8899637d290895fa58880f19accc",
      "memberId": "PAR::GlobalLedger-mainnetValidator-1::1220de0c5de1264b342c3e9f767182c1ec9bdd3d5a9b6e2e6bcf988ab68a3f8d036f",
      "synchronizerId": "global-domain::1220b1431ef217342db44d516bb9befde802be7d8899637d290895fa58880f19accc",
      "migrationId": "3",
      "totalPurchased": "1200000",
      "numPurchases": "1",
      "amuletSpent": "800.0000000000",
      "usdSpent": "72.0000000000"
    },
    {
      "dso": "DSO::1220b1431ef217342db44d516bb9befde802be7d8899637d290895fa58880f19accc",
      "memberId": "PAR::trustbytes-validator-1::1220ea9855fa0547c601dad4618c9ceace75b1ddd159f81c76edece035c149bed707",
      "synchronizerId": "global-domain::1220b1431ef217342db44d516bb9befde802be7d8899637d290895fa58880f19accc",
      "migrationId": "3",
      "totalPurchased": "1200000",
      "numPurchases": "1",
      "amuletSpent": "800.0000000000",
      "usdSpent": "72.0000000000"
    },
    {
      "dso": "DSO::1220b1431ef217342db44d516bb9befde802be7d8899637d290895fa58880f19accc",
      "memberId": "PAR::layerzero-validator-1::1220f7e3c56d422868c140223e0c05a9c4e322f7d3d47b4c0d2ba1d5517b138ec1fe",
      "synchronizerId": "global-domain::1220b1431ef217342db44d516bb9befde802be7d8899637d290895fa58880f19accc",
      "migrationId": "3",
      "totalPurchased": "1200000",
      "numPurchases": "1",
      "amuletSpent": "800.0000000000",
      "usdSpent": "72.0000000000"
    },
    {
      "dso": "DSO::1220b1431ef217342db44d516bb9befde802be7d8899637d290895fa58880f19accc",
      "memberId": "PAR::karatage-validator-1::1220e6e9a4df69af2e136790f14e444eec6bfb596995118f1a641596a1567c38f99c",
      "synchronizerId": "global-domain::1220b1431ef217342db44d516bb9befde802be7d8899637d290895fa58880f19accc",
      "migrationId": "3",
      "totalPurchased": "1200000",
      "numPurchases": "1",
      "amuletSpent": "800.0000000000",
      "usdSpent": "72.0000000000"
    },
    {
      "dso": "DSO::1220b1431ef217342db44d516bb9befde802be7d8899637d290895fa58880f19accc",
      "memberId": "PAR::artemis-validator-1::1220671e1ff223c3a35926bc83f6e16947fbad142d137a541b3f16f0f92739770b5c",
      "synchronizerId": "global-domain::1220b1431ef217342db44d516bb9befde802be7d8899637d290895fa58880f19accc",
      "migrationId": "3",
      "totalPurchased": "1200000",
      "numPurchases": "1",
      "amuletSpent": "800.0000000000",
      "usdSpent": "72.0000000000"
    },
    {
      "dso": "DSO::1220b1431ef217342db44d516bb9befde802be7d8899637d290895fa58880f19accc",
      "memberId": "PAR::PotamusEngagement-validator-1::1220558dc6c852c1f9b355ba0b7c1ad8b605d011895eb404e53ef8e913b8f06e94ce",
      "synchronizerId": "global-domain::1220b1431ef217342db44d516bb9befde802be7d8899637d290895fa58880f19accc",
      "migrationId": "3",
      "totalPurchased": "1200000",
      "numPurchases": "1",
      "amuletSpent": "800.0000000000",
      "usdSpent": "72.0000000000"
    },
    {
      "dso": "DSO::1220b1431ef217342db44d516bb9befde802be7d8899637d290895fa58880f19accc",
      "memberId": "PAR::117a-mainnet-1::1220940ccaf484be99fc67387ce461bd358aa6c76e43224e959a4bd20fe30a0b11c6",
      "synchronizerId": "global-domain::1220b1431ef217342db44d516bb9befde802be7d8899637d290895fa58880f19accc",
      "migrationId": "3",
      "totalPurchased": "1200000",
      "numPurchases": "1",
      "amuletSpent": "800.0000000000",
      "usdSpent": "72.0000000000"
    },
    {
      "dso": "DSO::1220b1431ef217342db44d516bb9befde802be7d8899637d290895fa58880f19accc",
      "memberId": "PAR::aqexgroup-mainnet-1::1220867fb55e2c93096c093f657f14d44ae70fb9fc70525a5ede7b69ab751211b1bd",
      "synchronizerId": "global-domain::1220b1431ef217342db44d516bb9befde802be7d8899637d290895fa58880f19accc",
      "migrationId": "3",
      "totalPurchased": "1200000",
      "numPurchases": "1",
      "amuletSpent": "800.0000000000",
      "usdSpent": "72.0000000000"
    },
    {
      "dso": "DSO::1220b1431ef217342db44d516bb9befde802be7d8899637d290895fa58880f19accc",
      "memberId": "PAR::gadescapital-mainnet-1::1220ed84f0e65e5925a922bd2331102c90216d7612ffbbbf16b3ffb0f9cb03fcbad1",
      "synchronizerId": "global-domain::1220b1431ef217342db44d516bb9befde802be7d8899637d290895fa58880f19accc",
      "migrationId": "3",
      "totalPurchased": "1200000",
      "numPurchases": "1",
      "amuletSpent": "800.0000000000",
      "usdSpent": "72.0000000000"
    },
    {
      "dso": "DSO::1220b1431ef217342db44d516bb9befde802be7d8899637d290895fa58880f19accc",
      "memberId": "PAR::tempest-mainnet-1::1220d31be80db0860ae98ba4f8b307060484e0137cd7da0c55ffe7e4cb351494378d",
      "synchronizerId": "global-domain::1220b1431ef217342db44d516bb9befde802be7d8899637d290895fa58880f19accc",
      "migrationId": "3",
      "totalPurchased": "1200000",
      "numPurchases": "1",
      "amuletSpent": "800.0000000000",
      "usdSpent": "72.0000000000"
    },
    {
      "dso": "DSO::1220b1431ef217342db44d516bb9befde802be7d8899637d290895fa58880f19accc",
      "memberId": "PAR::caviarnine-mainnet-1::1220b574a6e92e97d5498242065e5df0f7453b416bfcc97ca024d6de0dcc0ebe52ee",
      "synchronizerId": "global-domain::1220b1431ef217342db44d516bb9befde802be7d8899637d290895fa58880f19accc",
      "migrationId": "3",
      "totalPurchased": "1200000",
      "numPurchases": "1",
      "amuletSpent": "800.0000000000",
      "usdSpent": "72.0000000000"
    },
    {
      "dso": "DSO::1220b1431ef217342db44d516bb9befde802be7d8899637d290895fa58880f19accc",
      "memberId": "PAR::axymos-main-1::122046d30acaaa01b3a0aae069cbfb5983660360af866dd76b335570acacb2b31c3a",
      "synchronizerId": "global-domain::1220b1431ef217342db44d516bb9befde802be7d8899637d290895fa58880f19accc",
      "migrationId": "3",
      "totalPurchased": "1200000",
      "numPurchases": "1",
      "amuletSpent": "800.0000000000",
      "usdSpent": "72.0000000000"
    },
    {
      "dso": "DSO::1220b1431ef217342db44d516bb9befde802be7d8899637d290895fa58880f19accc",
      "memberId": "PAR::proofgroup-prod2::12209a2fa706cc4c2ab40f25469daeaa39956ad9525b200ed319e1a1dbeca2643cfa",
      "synchronizerId": "global-domain::1220b1431ef217342db44d516bb9befde802be7d8899637d290895fa58880f19accc",
      "migrationId": "3",
      "totalPurchased": "400000",
      "numPurchases": "1",
      "amuletSpent": "266.6666666667",
      "usdSpent": "24.0000000000"
    },
    {
      "dso": "DSO::1220b1431ef217342db44d516bb9befde802be7d8899637d290895fa58880f19accc",
      "memberId": "PAR::blackSandTechnologies-main-1::12200da4aedd7299b2a81be6b634813fd3f0cd81ea2e0b36582e8524f48ecc5fd1dd",
      "synchronizerId": "global-domain::1220b1431ef217342db44d516bb9befde802be7d8899637d290895fa58880f19accc",
      "migrationId": "3",
      "totalPurchased": "1200000",
      "numPurchases": "1",
      "amuletSpent": "800.0000000000",
      "usdSpent": "72.0000000000"
    },
    {
      "dso": "DSO::1220b1431ef217342db44d516bb9befde802be7d8899637d290895fa58880f19accc",
      "memberId": "PAR::validator-deltafinance::12201dca6b3fd47ff8eb28c1bd1cbc75904d07337fd4a66e44a19be48bc2368f10d0",
      "synchronizerId": "global-domain::1220b1431ef217342db44d516bb9befde802be7d8899637d290895fa58880f19accc",
      "migrationId": "3",
      "totalPurchased": "1999800",
      "numPurchases": "1",
      "amuletSpent": "1333.2000000000",
      "usdSpent": "119.9880000000"
    },
    {
      "dso": "DSO::1220b1431ef217342db44d516bb9befde802be7d8899637d290895fa58880f19accc",
      "memberId": "PAR::CapitalProcure-mainnet-1::122064bf771820e6b695e2739736416e647541a1d8b7511cb6b33d636b0df1cfb6c5",
      "synchronizerId": "global-domain::1220b1431ef217342db44d516bb9befde802be7d8899637d290895fa58880f19accc",
      "migrationId": "3",
      "totalPurchased": "1200000",
      "numPurchases": "1",
      "amuletSpent": "800.0000000000",
      "usdSpent": "72.0000000000"
    },
    {
      "dso": "DSO::1220b1431ef217342db44d516bb9befde802be7d8899637d290895fa58880f19accc",
      "memberId": "PAR::validator-ukudala::1220ad24561a4711f68b4ba676d3edf6048a29c6d22e0d2016f4eec0306a3a1795d0",
      "synchronizerId": "global-domain::1220b1431ef217342db44d516bb9befde802be7d8899637d290895fa58880f19accc",
      "migrationId": "3",
      "totalPurchased": "1999800",
      "numPurchases": "1",
      "amuletSpent": "1333.2000000000",
      "usdSpent": "119.9880000000"
    },
    {
      "dso": "DSO::1220b1431ef217342db44d516bb9befde802be7d8899637d290895fa58880f19accc",
      "memberId": "PAR::WhiteStarCapital-Validator-1::12201a375bfd4b06d2c8739ce65f80dd09e67d1d8c7fecbc9fbc7038676bcc300151",
      "synchronizerId": "global-domain::1220b1431ef217342db44d516bb9befde802be7d8899637d290895fa58880f19accc",
      "migrationId": "3",
      "totalPurchased": "1200000",
      "numPurchases": "1",
      "amuletSpent": "800.0000000000",
      "usdSpent": "72.0000000000"
    },
    {
      "dso": "DSO::1220b1431ef217342db44d516bb9befde802be7d8899637d290895fa58880f19accc",
      "memberId": "PAR::validator-archax::12202614b10695969f1bedcd7caea046863caf9d264fb3648c511b06010335d523d9",
      "synchronizerId": "global-domain::1220b1431ef217342db44d516bb9befde802be7d8899637d290895fa58880f19accc",
      "migrationId": "3",
      "totalPurchased": "1999800",
      "numPurchases": "1",
      "amuletSpent": "1333.2000000000",
      "usdSpent": "119.9880000000"
    },
    {
      "dso": "DSO::1220b1431ef217342db44d516bb9befde802be7d8899637d290895fa58880f19accc",
      "memberId": "PAR::validator-rentok::122039e187ec1b33414ed35b53fdbe6d8bb8a625e402f6fdfe436ee3e06ef7745742",
      "synchronizerId": "global-domain::1220b1431ef217342db44d516bb9befde802be7d8899637d290895fa58880f19accc",
      "migrationId": "3",
      "totalPurchased": "1999800",
      "numPurchases": "1",
      "amuletSpent": "1333.2000000000",
      "usdSpent": "119.9880000000"
    },
    {
      "dso": "DSO::1220b1431ef217342db44d516bb9befde802be7d8899637d290895fa58880f19accc",
      "memberId": "PAR::ByBit-MainNetValidator-6::12207a47194e6d093d7cf92711f3a7b57aaaf6e4642ecbb176f8dcc6207ba0edbab8",
      "synchronizerId": "global-domain::1220b1431ef217342db44d516bb9befde802be7d8899637d290895fa58880f19accc",
      "migrationId": "3",
      "totalPurchased": "1200000",
      "numPurchases": "1",
      "amuletSpent": "800.0000000000",
      "usdSpent": "72.0000000000"
    },
    {
      "dso": "DSO::1220b1431ef217342db44d516bb9befde802be7d8899637d290895fa58880f19accc",
      "memberId": "PAR::Acheron-Validator-1::12201719663975fe231c81f0376832046207905b47b4341eafd89174545713c3fcee",
      "synchronizerId": "global-domain::1220b1431ef217342db44d516bb9befde802be7d8899637d290895fa58880f19accc",
      "migrationId": "3",
      "totalPurchased": "1200000",
      "numPurchases": "1",
      "amuletSpent": "800.0000000000",
      "usdSpent": "72.0000000000"
    },
    {
      "dso": "DSO::1220b1431ef217342db44d516bb9befde802be7d8899637d290895fa58880f19accc",
      "memberId": "PAR::DeSyn-Validator-1::1220bebe6b8479c85c3a859c23ce4492d61627cb2cb0f31a9424a8ed142f540f227c",
      "synchronizerId": "global-domain::1220b1431ef217342db44d516bb9befde802be7d8899637d290895fa58880f19accc",
      "migrationId": "3",
      "totalPurchased": "1200000",
      "numPurchases": "1",
      "amuletSpent": "800.0000000000",
      "usdSpent": "72.0000000000"
    },
    {
      "dso": "DSO::1220b1431ef217342db44d516bb9befde802be7d8899637d290895fa58880f19accc",
      "memberId": "PAR::Longhash-Validator-1::122018741c49e575dd1697f3d8adfeceffcf595dc65054d2270ccbd8df978cadf60b",
      "synchronizerId": "global-domain::1220b1431ef217342db44d516bb9befde802be7d8899637d290895fa58880f19accc",
      "migrationId": "3",
      "totalPurchased": "1200000",
      "numPurchases": "1",
      "amuletSpent": "800.0000000000",
      "usdSpent": "72.0000000000"
    },
    {
      "dso": "DSO::1220b1431ef217342db44d516bb9befde802be7d8899637d290895fa58880f19accc",
      "memberId": "PAR::HelloMoon-validator-1::1220a7daf7140e112f15a46f2daa52fe9c8651024ff8705bb23c494275dd02209596",
      "synchronizerId": "global-domain::1220b1431ef217342db44d516bb9befde802be7d8899637d290895fa58880f19accc",
      "migrationId": "3",
      "totalPurchased": "36000000",
      "numPurchases": "1",
      "amuletSpent": "24000.0000000000",
      "usdSpent": "2160.0000000000"
    },
    {
      "dso": "DSO::1220b1431ef217342db44d516bb9befde802be7d8899637d290895fa58880f19accc",
      "memberId": "PAR::ByBit-MainNetValidator-4::1220144a5cd85363f08816538c42353b010fef86f99034fe2bcfd9a8c0275be0cabd",
      "synchronizerId": "global-domain::1220b1431ef217342db44d516bb9befde802be7d8899637d290895fa58880f19accc",
      "migrationId": "3",
      "totalPurchased": "1200000",
      "numPurchases": "1",
      "amuletSpent": "800.0000000000",
      "usdSpent": "72.0000000000"
    },
    {
      "dso": "DSO::1220b1431ef217342db44d516bb9befde802be7d8899637d290895fa58880f19accc",
      "memberId": "PAR::ByBit-MainNetValidator-3::1220a969ac5d97f56552c386316161d6c32e63e7ab472ab8fbdf65625a2e8d95065b",
      "synchronizerId": "global-domain::1220b1431ef217342db44d516bb9befde802be7d8899637d290895fa58880f19accc",
      "migrationId": "3",
      "totalPurchased": "1200000",
      "numPurchases": "1",
      "amuletSpent": "800.0000000000",
      "usdSpent": "72.0000000000"
    },
    {
      "dso": "DSO::1220b1431ef217342db44d516bb9befde802be7d8899637d290895fa58880f19accc",
      "memberId": "PAR::zarcos-cantor8-1::122012ad4c64a35e4eacc4bfcf09e08f40adb7037378f24f4008b7f2ba8b76a648d2",
      "synchronizerId": "global-domain::1220b1431ef217342db44d516bb9befde802be7d8899637d290895fa58880f19accc",
      "migrationId": "3",
      "totalPurchased": "1200000",
      "numPurchases": "1",
      "amuletSpent": "800.0000000000",
      "usdSpent": "72.0000000000"
    },
    {
      "dso": "DSO::1220b1431ef217342db44d516bb9befde802be7d8899637d290895fa58880f19accc",
      "memberId": "PAR::ByBit-MainNetValidator-2::122096b2af87d4db60c3bcc70fb80c695f4839d92ecb045dcda125de19f17f0ac953",
      "synchronizerId": "global-domain::1220b1431ef217342db44d516bb9befde802be7d8899637d290895fa58880f19accc",
      "migrationId": "3",
      "totalPurchased": "1200000",
      "numPurchases": "1",
      "amuletSpent": "800.0000000000",
      "usdSpent": "72.0000000000"
    },
    {
      "dso": "DSO::1220b1431ef217342db44d516bb9befde802be7d8899637d290895fa58880f19accc",
      "memberId": "PAR::ByBit-MainNetValidator-1::12202c9fc5180723f14e87c88d316355817dd565afc2a897706a789086c33cd6a095",
      "synchronizerId": "global-domain::1220b1431ef217342db44d516bb9befde802be7d8899637d290895fa58880f19accc",
      "migrationId": "3",
      "totalPurchased": "1200000",
      "numPurchases": "1",
      "amuletSpent": "800.0000000000",
      "usdSpent": "72.0000000000"
    },
    {
      "dso": "DSO::1220b1431ef217342db44d516bb9befde802be7d8899637d290895fa58880f19accc",
      "memberId": "PAR::Newvalidator-archax::12202614b10695969f1bedcd7caea046863caf9d264fb3648c511b06010335d523d9",
      "synchronizerId": "global-domain::1220b1431ef217342db44d516bb9befde802be7d8899637d290895fa58880f19accc",
      "migrationId": "3",
      "totalPurchased": "1999800",
      "numPurchases": "1",
      "amuletSpent": "1333.2000000000",
      "usdSpent": "119.9880000000"
    },
    {
      "dso": "DSO::1220b1431ef217342db44d516bb9befde802be7d8899637d290895fa58880f19accc",
      "memberId": "PAR::Newvalidator-rentok::122039e187ec1b33414ed35b53fdbe6d8bb8a625e402f6fdfe436ee3e06ef7745742",
      "synchronizerId": "global-domain::1220b1431ef217342db44d516bb9befde802be7d8899637d290895fa58880f19accc",
      "migrationId": "3",
      "totalPurchased": "1999800",
      "numPurchases": "1",
      "amuletSpent": "1333.2000000000",
      "usdSpent": "119.9880000000"
    },
    {
      "dso": "DSO::1220b1431ef217342db44d516bb9befde802be7d8899637d290895fa58880f19accc",
      "memberId": "PAR::rdc-prod1::12206b89cdbb3b0c3f9fadd5d06c5f0975e0237d9a9bcca08b22d39989059ac9595f",
      "synchronizerId": "global-domain::1220b1431ef217342db44d516bb9befde802be7d8899637d290895fa58880f19accc",
      "migrationId": "3",
      "totalPurchased": "400000",
      "numPurchases": "1",
      "amuletSpent": "240.0000000000",
      "usdSpent": "24.0000000000"
    },
    {
      "dso": "DSO::1220b1431ef217342db44d516bb9befde802be7d8899637d290895fa58880f19accc",
      "memberId": "PAR::mandalo-prod1::12207b5a4e5485a37d326b779876b836a786b99d9c18a564d6ce35aca9c6c8b036e1",
      "synchronizerId": "global-domain::1220b1431ef217342db44d516bb9befde802be7d8899637d290895fa58880f19accc",
      "migrationId": "3",
      "totalPurchased": "400000",
      "numPurchases": "1",
      "amuletSpent": "240.0000000000",
      "usdSpent": "24.0000000000"
    },
    {
      "dso": "DSO::1220b1431ef217342db44d516bb9befde802be7d8899637d290895fa58880f19accc",
      "memberId": "PAR::cmsholdings-prod1::12205ed9687c9590f1d391aa8150d7ab3b5b9421ad76e217f6c70b2cf493ecf811b1",
      "synchronizerId": "global-domain::1220b1431ef217342db44d516bb9befde802be7d8899637d290895fa58880f19accc",
      "migrationId": "3",
      "totalPurchased": "400000",
      "numPurchases": "1",
      "amuletSpent": "240.0000000000",
      "usdSpent": "24.0000000000"
    },
    {
      "dso": "DSO::1220b1431ef217342db44d516bb9befde802be7d8899637d290895fa58880f19accc",
      "memberId": "PAR::framework-prod1::1220d93e9bba285b1154c0cb2529383a977ac7e6a2b0a753fe1e79f08751ae003461",
      "synchronizerId": "global-domain::1220b1431ef217342db44d516bb9befde802be7d8899637d290895fa58880f19accc",
      "migrationId": "3",
      "totalPurchased": "400000",
      "numPurchases": "1",
      "amuletSpent": "240.0000000000",
      "usdSpent": "24.0000000000"
    },
    {
      "dso": "DSO::1220b1431ef217342db44d516bb9befde802be7d8899637d290895fa58880f19accc",
      "memberId": "PAR::zerohash-validator-1::1220d02b9d8aae4fa3425f6c6a5eb7972d6b7add35ed91914fff13bf242eba7b87b0",
      "synchronizerId": "global-domain::1220b1431ef217342db44d516bb9befde802be7d8899637d290895fa58880f19accc",
      "migrationId": "3",
      "totalPurchased": "1200000",
      "numPurchases": "1",
      "amuletSpent": "720.0000000000",
      "usdSpent": "72.0000000000"
    },
    {
      "dso": "DSO::1220b1431ef217342db44d516bb9befde802be7d8899637d290895fa58880f19accc",
      "memberId": "PAR::monarq-prod1::12203c6be2368585b3c67d32c05cab804ffb16b1e158447c1037ddafba6d3897f5eb",
      "synchronizerId": "global-domain::1220b1431ef217342db44d516bb9befde802be7d8899637d290895fa58880f19accc",
      "migrationId": "3",
      "totalPurchased": "500000",
      "numPurchases": "1",
      "amuletSpent": "300.0000000000",
      "usdSpent": "30.0000000000"
    },
    {
      "dso": "DSO::1220b1431ef217342db44d516bb9befde802be7d8899637d290895fa58880f19accc",
      "memberId": "PAR::PrimeGrid-validator-1::1220ae443a638065d6444936ae1740bf864da098ee749928ed65083e76022b47d9c6",
      "synchronizerId": "global-domain::1220b1431ef217342db44d516bb9befde802be7d8899637d290895fa58880f19accc",
      "migrationId": "3",
      "totalPurchased": "1200000",
      "numPurchases": "1",
      "amuletSpent": "720.0000000000",
      "usdSpent": "72.0000000000"
    },
    {
      "dso": "DSO::1220b1431ef217342db44d516bb9befde802be7d8899637d290895fa58880f19accc",
      "memberId": "PAR::Newvalidator-ukudala::1220ad24561a4711f68b4ba676d3edf6048a29c6d22e0d2016f4eec0306a3a1795d0",
      "synchronizerId": "global-domain::1220b1431ef217342db44d516bb9befde802be7d8899637d290895fa58880f19accc",
      "migrationId": "3",
      "totalPurchased": "1999800",
      "numPurchases": "1",
      "amuletSpent": "1199.8800000000",
      "usdSpent": "119.9880000000"
    },
    {
      "dso": "DSO::1220b1431ef217342db44d516bb9befde802be7d8899637d290895fa58880f19accc",
      "memberId": "send-cantonwallet-1::1220f1b0d7a83c7eaaf6d712d95d5952ea2c801238af9c342e8d83c87dfc45c999dc",
      "synchronizerId": "global-domain::1220b1431ef217342db44d516bb9befde802be7d8899637d290895fa58880f19accc",
      "migrationId": "3",
      "totalPurchased": "10000000",
      "numPurchases": "1",
      "amuletSpent": "6000.0000000000",
      "usdSpent": "600.0000000000"
    },
    {
      "dso": "DSO::1220b1431ef217342db44d516bb9befde802be7d8899637d290895fa58880f19accc",
      "memberId": "send-cantonwallet-1::1220f1b0d7a83c7eaaf6d712d95d5952ea2c801238af9c342e8d83c87dfc45c999dc",
      "synchronizerId": "global-domain::1220b1431ef217342db44d516bb9befde802be7d8899637d290895fa58880f19accc",
      "migrationId": "3",
      "totalPurchased": "10000000",
      "numPurchases": "1",
      "amuletSpent": "6000.0000000000",
      "usdSpent": "600.0000000000"
    },
    {
      "dso": "DSO::1220b1431ef217342db44d516bb9befde802be7d8899637d290895fa58880f19accc",
      "memberId": "send-cantonwallet-1::1220f1b0d7a83c7eaaf6d712d95d5952ea2c801238af9c342e8d83c87dfc45c999dc",
      "synchronizerId": "global-domain::1220b1431ef217342db44d516bb9befde802be7d8899637d290895fa58880f19accc",
      "migrationId": "3",
      "totalPurchased": "25000000",
      "numPurchases": "1",
      "amuletSpent": "15000.0000000000",
      "usdSpent": "1500.0000000000"
    },
    {
      "dso": "DSO::1220b1431ef217342db44d516bb9befde802be7d8899637d290895fa58880f19accc",
      "memberId": "PAR::binance-wuat-1::1220abaf399d5bd018cb0c540d0943efb9c9616c3d7c8c421bc03302f38f60a67328",
      "synchronizerId": "global-domain::1220b1431ef217342db44d516bb9befde802be7d8899637d290895fa58880f19accc",
      "migrationId": "3",
      "totalPurchased": "1200000",
      "numPurchases": "1",
      "amuletSpent": "720.0000000000",
      "usdSpent": "72.0000000000"
    },
    {
      "dso": "DSO::1220b1431ef217342db44d516bb9befde802be7d8899637d290895fa58880f19accc",
      "memberId": "PAR::lithiumdigital-validator-1::1220e852a0cb4372f91dd2b7b93c71d4580600b0f2c045e6cbebd9f510e88c0ba29b",
      "synchronizerId": "global-domain::1220b1431ef217342db44d516bb9befde802be7d8899637d290895fa58880f19accc",
      "migrationId": "3",
      "totalPurchased": "500000",
      "numPurchases": "1",
      "amuletSpent": "300.0000000000",
      "usdSpent": "30.0000000000"
    },
    {
      "dso": "DSO::1220b1431ef217342db44d516bb9befde802be7d8899637d290895fa58880f19accc",
      "memberId": "PAR::frontiansolutions-mainvalidator-1::12209b9df47ea5dd06525965b8a152bd09f0919ef7bd0121d82c3c24306e48a9c5a9",
      "synchronizerId": "global-domain::1220b1431ef217342db44d516bb9befde802be7d8899637d290895fa58880f19accc",
      "migrationId": "3",
      "totalPurchased": "1200000",
      "numPurchases": "1",
      "amuletSpent": "576.0000000000",
      "usdSpent": "72.0000000000"
    },
    {
      "dso": "DSO::1220b1431ef217342db44d516bb9befde802be7d8899637d290895fa58880f19accc",
      "memberId": "PAR::binance-dp-1::12206a8a77e900f10dbaa57e4741f2d50d9318dd87e40f8dbf28f7ec4da657bb27b4",
      "synchronizerId": "global-domain::1220b1431ef217342db44d516bb9befde802be7d8899637d290895fa58880f19accc",
      "migrationId": "3",
      "totalPurchased": "1200000",
      "numPurchases": "1",
      "amuletSpent": "576.0000000000",
      "usdSpent": "72.0000000000"
    },
    {
      "dso": "DSO::1220b1431ef217342db44d516bb9befde802be7d8899637d290895fa58880f19accc",
      "memberId": "PAR::Finzan-validator-1::12200be7f71a352c908a3cd2319bde94ac96866cb6ffc03f11c17039751d142424df",
      "synchronizerId": "global-domain::1220b1431ef217342db44d516bb9befde802be7d8899637d290895fa58880f19accc",
      "migrationId": "3",
      "totalPurchased": "7200000",
      "numPurchases": "6",
      "amuletSpent": "3680.0000000000",
      "usdSpent": "432.0000000000"
    },
    {
      "dso": "DSO::1220b1431ef217342db44d516bb9befde802be7d8899637d290895fa58880f19accc",
      "memberId": "PAR::MarinerExchange-validator-1::1220fc5b2a05063d8f210a0338c4508291a63576336bcd3f5c085e5da39a8256fe7c",
      "synchronizerId": "global-domain::1220b1431ef217342db44d516bb9befde802be7d8899637d290895fa58880f19accc",
      "migrationId": "3",
      "totalPurchased": "7200000",
      "numPurchases": "6",
      "amuletSpent": "3680.0000000000",
      "usdSpent": "432.0000000000"
    },
    {
      "dso": "DSO::1220b1431ef217342db44d516bb9befde802be7d8899637d290895fa58880f19accc",
      "memberId": "PAR::Finzan-validator-1::12200be7f71a352c908a3cd2319bde94ac96866cb6ffc03f11c17039751d142424df",
      "synchronizerId": "global-domain::1220b1431ef217342db44d516bb9befde802be7d8899637d290895fa58880f19accc",
      "migrationId": "3",
      "totalPurchased": "1200000",
      "numPurchases": "1",
      "amuletSpent": "576.0000000000",
      "usdSpent": "72.0000000000"
    },
    {
      "dso": "DSO::1220b1431ef217342db44d516bb9befde802be7d8899637d290895fa58880f19accc",
      "memberId": "PAR::FlowRyd-validator-1::1220953c2240437bdf86867bb8540bc060f8db4e94f4ef3d00be48c98c2728a79c8d",
      "synchronizerId": "global-domain::1220b1431ef217342db44d516bb9befde802be7d8899637d290895fa58880f19accc",
      "migrationId": "3",
      "totalPurchased": "7200000",
      "numPurchases": "6",
      "amuletSpent": "3680.0000000000",
      "usdSpent": "432.0000000000"
    },
    {
      "dso": "DSO::1220b1431ef217342db44d516bb9befde802be7d8899637d290895fa58880f19accc",
      "memberId": "PAR::MarinerExchange-validator-1::1220fc5b2a05063d8f210a0338c4508291a63576336bcd3f5c085e5da39a8256fe7c",
      "synchronizerId": "global-domain::1220b1431ef217342db44d516bb9befde802be7d8899637d290895fa58880f19accc",
      "migrationId": "3",
      "totalPurchased": "1200000",
      "numPurchases": "1",
      "amuletSpent": "576.0000000000",
      "usdSpent": "72.0000000000"
    },
    {
      "dso": "DSO::1220b1431ef217342db44d516bb9befde802be7d8899637d290895fa58880f19accc",
      "memberId": "PAR::FlowRyd-validator-1::1220953c2240437bdf86867bb8540bc060f8db4e94f4ef3d00be48c98c2728a79c8d",
      "synchronizerId": "global-domain::1220b1431ef217342db44d516bb9befde802be7d8899637d290895fa58880f19accc",
      "migrationId": "3",
      "totalPurchased": "1200000",
      "numPurchases": "1",
      "amuletSpent": "576.0000000000",
      "usdSpent": "72.0000000000"
    },
    {
      "dso": "DSO::1220b1431ef217342db44d516bb9befde802be7d8899637d290895fa58880f19accc",
      "memberId": "PAR::Finzan-validator-1::12200be7f71a352c908a3cd2319bde94ac96866cb6ffc03f11c17039751d142424df",
      "synchronizerId": "global-domain::1220b1431ef217342db44d516bb9befde802be7d8899637d290895fa58880f19accc",
      "migrationId": "3",
      "totalPurchased": "1200000",
      "numPurchases": "1",
      "amuletSpent": "576.0000000000",
      "usdSpent": "72.0000000000"
    },
    {
      "dso": "DSO::1220b1431ef217342db44d516bb9befde802be7d8899637d290895fa58880f19accc",
      "memberId": "PAR::MarinerExchange-validator-1::1220fc5b2a05063d8f210a0338c4508291a63576336bcd3f5c085e5da39a8256fe7c",
      "synchronizerId": "global-domain::1220b1431ef217342db44d516bb9befde802be7d8899637d290895fa58880f19accc",
      "migrationId": "3",
      "totalPurchased": "1200000",
      "numPurchases": "1",
      "amuletSpent": "576.0000000000",
      "usdSpent": "72.0000000000"
    },
    {
      "dso": "DSO::1220b1431ef217342db44d516bb9befde802be7d8899637d290895fa58880f19accc",
      "memberId": "PAR::FlowRyd-validator-1::1220953c2240437bdf86867bb8540bc060f8db4e94f4ef3d00be48c98c2728a79c8d",
      "synchronizerId": "global-domain::1220b1431ef217342db44d516bb9befde802be7d8899637d290895fa58880f19accc",
      "migrationId": "3",
      "totalPurchased": "1200000",
      "numPurchases": "1",
      "amuletSpent": "576.0000000000",
      "usdSpent": "72.0000000000"
    },
    {
      "dso": "DSO::1220b1431ef217342db44d516bb9befde802be7d8899637d290895fa58880f19accc",
      "memberId": "PAR::Finzan-validator-1::12200be7f71a352c908a3cd2319bde94ac96866cb6ffc03f11c17039751d142424df",
      "synchronizerId": "global-domain::1220b1431ef217342db44d516bb9befde802be7d8899637d290895fa58880f19accc",
      "migrationId": "3",
      "totalPurchased": "1200000",
      "numPurchases": "1",
      "amuletSpent": "576.0000000000",
      "usdSpent": "72.0000000000"
    },
    {
      "dso": "DSO::1220b1431ef217342db44d516bb9befde802be7d8899637d290895fa58880f19accc",
      "memberId": "PAR::FlowRyd-validator-1::1220953c2240437bdf86867bb8540bc060f8db4e94f4ef3d00be48c98c2728a79c8d",
      "synchronizerId": "global-domain::1220b1431ef217342db44d516bb9befde802be7d8899637d290895fa58880f19accc",
      "migrationId": "3",
      "totalPurchased": "1200000",
      "numPurchases": "1",
      "amuletSpent": "576.0000000000",
      "usdSpent": "72.0000000000"
    },
    {
      "dso": "DSO::1220b1431ef217342db44d516bb9befde802be7d8899637d290895fa58880f19accc",
      "memberId": "PAR::MarinerExchange-validator-1::1220fc5b2a05063d8f210a0338c4508291a63576336bcd3f5c085e5da39a8256fe7c",
      "synchronizerId": "global-domain::1220b1431ef217342db44d516bb9befde802be7d8899637d290895fa58880f19accc",
      "migrationId": "3",
      "totalPurchased": "1200000",
      "numPurchases": "1",
      "amuletSpent": "576.0000000000",
      "usdSpent": "72.0000000000"
    },
    {
      "dso": "DSO::1220b1431ef217342db44d516bb9befde802be7d8899637d290895fa58880f19accc",
      "memberId": "PAR::Cumberland-DRWS-1::1220f792fc36ceb9f88536e862f0923f1b655cccb9a711ee4d5ede1397ad722bb155",
      "synchronizerId": "global-domain::1220b1431ef217342db44d516bb9befde802be7d8899637d290895fa58880f19accc",
      "migrationId": "3",
      "totalPurchased": "500000",
      "numPurchases": "1",
      "amuletSpent": "240.0000000000",
      "usdSpent": "30.0000000000"
    },
    {
      "dso": "DSO::1220b1431ef217342db44d516bb9befde802be7d8899637d290895fa58880f19accc",
      "memberId": "PAR::validator-centillion::122096b5502fccd48220df79e8c6abcc5bb930a3decb1a41d4c1ec94a16fb7d7005b",
      "synchronizerId": "global-domain::1220b1431ef217342db44d516bb9befde802be7d8899637d290895fa58880f19accc",
      "migrationId": "3",
      "totalPurchased": "1999800",
      "numPurchases": "1",
      "amuletSpent": "959.9040000000",
      "usdSpent": "119.9880000000"
    },
    {
      "dso": "DSO::1220b1431ef217342db44d516bb9befde802be7d8899637d290895fa58880f19accc",
      "memberId": "PAR::Chainlink-Mainnet-1::1220dd5b27f9e0459ec77822784d0e9b6c106fe4a71e9d5c19bd8ac574d2ab02f50e",
      "synchronizerId": "global-domain::1220b1431ef217342db44d516bb9befde802be7d8899637d290895fa58880f19accc",
      "migrationId": "3",
      "totalPurchased": "1200000",
      "numPurchases": "1",
      "amuletSpent": "576.0000000000",
      "usdSpent": "72.0000000000"
    },
    {
      "dso": "DSO::1220b1431ef217342db44d516bb9befde802be7d8899637d290895fa58880f19accc",
      "memberId": "PAR::mexc-mainNetPrimary-02::12203df522ba9424cd09634c7a407c2b5b3be3cfddfe44ae9ac1830ed938878dfa41",
      "synchronizerId": "global-domain::1220b1431ef217342db44d516bb9befde802be7d8899637d290895fa58880f19accc",
      "migrationId": "3",
      "totalPurchased": "1200000",
      "numPurchases": "1",
      "amuletSpent": "576.0000000000",
      "usdSpent": "72.0000000000"
    },
    {
      "dso": "DSO::1220b1431ef217342db44d516bb9befde802be7d8899637d290895fa58880f19accc",
      "memberId": "PAR::participant::1220f1b0d7a83c7eaaf6d712d95d5952ea2c801238af9c342e8d83c87dfc45c999dc",
      "synchronizerId": "global-domain::1220b1431ef217342db44d516bb9befde802be7d8899637d290895fa58880f19accc",
      "migrationId": "3",
      "totalPurchased": "10134460",
      "numPurchases": "6",
      "amuletSpent": "4864.5408000000",
      "usdSpent": "608.0676000000"
    },
    {
      "dso": "DSO::1220b1431ef217342db44d516bb9befde802be7d8899637d290895fa58880f19accc",
      "memberId": "send-cantonwallet-1::1220f1b0d7a83c7eaaf6d712d95d5952ea2c801238af9c342e8d83c87dfc45c999dc",
      "synchronizerId": "global-domain::1220b1431ef217342db44d516bb9befde802be7d8899637d290895fa58880f19accc",
      "migrationId": "3",
      "totalPurchased": "1000000",
      "numPurchases": "1",
      "amuletSpent": "480.0000000000",
      "usdSpent": "60.0000000000"
    },
    {
      "dso": "DSO::1220b1431ef217342db44d516bb9befde802be7d8899637d290895fa58880f19accc",
      "memberId": "send-cantonwallet-1::1220f1b0d7a83c7eaaf6d712d95d5952ea2c801238af9c342e8d83c87dfc45c999dc",
      "synchronizerId": "global-domain::1220b1431ef217342db44d516bb9befde802be7d8899637d290895fa58880f19accc",
      "migrationId": "3",
      "totalPurchased": "1000000",
      "numPurchases": "1",
      "amuletSpent": "480.0000000000",
      "usdSpent": "60.0000000000"
    },
    {
      "dso": "DSO::1220b1431ef217342db44d516bb9befde802be7d8899637d290895fa58880f19accc",
      "memberId": "send-cantonwallet-1::1220f1b0d7a83c7eaaf6d712d95d5952ea2c801238af9c342e8d83c87dfc45c999dc",
      "synchronizerId": "global-domain::1220b1431ef217342db44d516bb9befde802be7d8899637d290895fa58880f19accc",
      "migrationId": "3",
      "totalPurchased": "1000000",
      "numPurchases": "1",
      "amuletSpent": "480.0000000000",
      "usdSpent": "60.0000000000"
    },
    {
      "dso": "DSO::1220b1431ef217342db44d516bb9befde802be7d8899637d290895fa58880f19accc",
      "memberId": "PAR::C7-validator-3::1220074fc550e1a7e89eee0cf0dd4435b562d3ff35373345ef91f57abe26c48716a6",
      "synchronizerId": "global-domain::1220b1431ef217342db44d516bb9befde802be7d8899637d290895fa58880f19accc",
      "migrationId": "3",
      "totalPurchased": "271972800",
      "numPurchases": "136",
      "amuletSpent": "300023.3280000000",
      "usdSpent": "16318.3680000000"
    },
    {
      "dso": "DSO::1220b1431ef217342db44d516bb9befde802be7d8899637d290895fa58880f19accc",
      "memberId": "PAR::PrimeGrid-validator-1::1220ae443a638065d6444936ae1740bf864da098ee749928ed65083e76022b47d9c6",
      "synchronizerId": "global-domain::1220b1431ef217342db44d516bb9befde802be7d8899637d290895fa58880f19accc",
      "migrationId": "3",
      "totalPurchased": "1200000",
      "numPurchases": "1",
      "amuletSpent": "576.0000000000",
      "usdSpent": "72.0000000000"
    },
    {
      "dso": "DSO::1220b1431ef217342db44d516bb9befde802be7d8899637d290895fa58880f19accc",
      "memberId": "PAR::PrimeGrid-validator-1::1220ae443a638065d6444936ae1740bf864da098ee749928ed65083e76022b47d9c6",
      "synchronizerId": "global-domain::1220b1431ef217342db44d516bb9befde802be7d8899637d290895fa58880f19accc",
      "migrationId": "3",
      "totalPurchased": "1200000",
      "numPurchases": "1",
      "amuletSpent": "576.0000000000",
      "usdSpent": "72.0000000000"
    },
    {
      "dso": "DSO::1220b1431ef217342db44d516bb9befde802be7d8899637d290895fa58880f19accc",
      "memberId": "PAR::blackSandTechnologies-main-1::12200da4aedd7299b2a81be6b634813fd3f0cd81ea2e0b36582e8524f48ecc5fd1dd",
      "synchronizerId": "global-domain::1220b1431ef217342db44d516bb9befde802be7d8899637d290895fa58880f19accc",
      "migrationId": "3",
      "totalPurchased": "1200000",
      "numPurchases": "1",
      "amuletSpent": "576.0000000000",
      "usdSpent": "72.0000000000"
    },
    {
      "dso": "DSO::1220b1431ef217342db44d516bb9befde802be7d8899637d290895fa58880f19accc",
      "memberId": "PAR::trakx-validator-1::1220f2acce9d7491505ee5fabb548e9975bbf0f8efaae98404d7399922fb48a03aeb",
      "synchronizerId": "global-domain::1220b1431ef217342db44d516bb9befde802be7d8899637d290895fa58880f19accc",
      "migrationId": "3",
      "totalPurchased": "1200000",
      "numPurchases": "1",
      "amuletSpent": "576.0000000000",
      "usdSpent": "72.0000000000"
    },
    {
      "dso": "DSO::1220b1431ef217342db44d516bb9befde802be7d8899637d290895fa58880f19accc",
      "memberId": "PAR::bitget-validator-1::122048da98d2d6d5fec66f4dae151983c9d3925dafe78d28e0a17ba4c7ca905bf2ca",
      "synchronizerId": "global-domain::1220b1431ef217342db44d516bb9befde802be7d8899637d290895fa58880f19accc",
      "migrationId": "3",
      "totalPurchased": "1200000",
      "numPurchases": "1",
      "amuletSpent": "576.0000000000",
      "usdSpent": "72.0000000000"
    },
    {
      "dso": "DSO::1220b1431ef217342db44d516bb9befde802be7d8899637d290895fa58880f19accc",
      "memberId": "PAR::noders-mainnetval-1::12208e1d1e585578692037e8e049616903294b480314e27ab29040bd1e50789a21a9",
      "synchronizerId": "global-domain::1220b1431ef217342db44d516bb9befde802be7d8899637d290895fa58880f19accc",
      "migrationId": "3",
      "totalPurchased": "1200000",
      "numPurchases": "1",
      "amuletSpent": "576.0000000000",
      "usdSpent": "72.0000000000"
    },
    {
      "dso": "DSO::1220b1431ef217342db44d516bb9befde802be7d8899637d290895fa58880f19accc",
      "memberId": "PAR::Newcitadel-prod1::1220acf9cc1943088f1fa441167f048979fd7d829692103b783db11f6e36130702cb",
      "synchronizerId": "global-domain::1220b1431ef217342db44d516bb9befde802be7d8899637d290895fa58880f19accc",
      "migrationId": "3",
      "totalPurchased": "1999800",
      "numPurchases": "1",
      "amuletSpent": "959.9040000000",
      "usdSpent": "119.9880000000"
    },
    {
      "dso": "DSO::1220b1431ef217342db44d516bb9befde802be7d8899637d290895fa58880f19accc",
      "memberId": "PAR::ObsidianSystems-validator-1::1220f8a24f975dc3d070e3111279bc2bf2d713a77c5570cbdd2064acb6a4d8d6feea",
      "synchronizerId": "global-domain::1220b1431ef217342db44d516bb9befde802be7d8899637d290895fa58880f19accc",
      "migrationId": "3",
      "totalPurchased": "1999800",
      "numPurchases": "1",
      "amuletSpent": "959.9040000000",
      "usdSpent": "119.9880000000"
    },
    {
      "dso": "DSO::1220b1431ef217342db44d516bb9befde802be7d8899637d290895fa58880f19accc",
      "memberId": "PAR::C7-validator-3::1220074fc550e1a7e89eee0cf0dd4435b562d3ff35373345ef91f57abe26c48716a6",
      "synchronizerId": "global-domain::1220b1431ef217342db44d516bb9befde802be7d8899637d290895fa58880f19accc",
      "migrationId": "3",
      "totalPurchased": "1999800",
      "numPurchases": "1",
      "amuletSpent": "959.9040000000",
      "usdSpent": "119.9880000000"
    },
    {
      "dso": "DSO::1220b1431ef217342db44d516bb9befde802be7d8899637d290895fa58880f19accc",
      "memberId": "PAR::ObsidianSystems-validator-1::1220f8a24f975dc3d070e3111279bc2bf2d713a77c5570cbdd2064acb6a4d8d6feea",
      "synchronizerId": "global-domain::1220b1431ef217342db44d516bb9befde802be7d8899637d290895fa58880f19accc",
      "migrationId": "3",
      "totalPurchased": "1999800",
      "numPurchases": "1",
      "amuletSpent": "959.9040000000",
      "usdSpent": "119.9880000000"
    },
    {
      "dso": "DSO::1220b1431ef217342db44d516bb9befde802be7d8899637d290895fa58880f19accc",
      "memberId": "PAR::digitalasset-bridge-001::1220c8448890a70e65f6906bd48d797ee6551f094e9e6a53e329fd5b2b549334f13f",
      "synchronizerId": "global-domain::1220b1431ef217342db44d516bb9befde802be7d8899637d290895fa58880f19accc",
      "migrationId": "3",
      "totalPurchased": "1200000",
      "numPurchases": "1",
      "amuletSpent": "576.0000000000",
      "usdSpent": "72.0000000000"
    },
    {
      "dso": "DSO::1220b1431ef217342db44d516bb9befde802be7d8899637d290895fa58880f19accc",
      "memberId": "PAR::digitalasset-bridge-002::1220028d1e2acfe5d1878a51323410710c331426d1ab40a99d3fb5bbe5671ed88bf6",
      "synchronizerId": "global-domain::1220b1431ef217342db44d516bb9befde802be7d8899637d290895fa58880f19accc",
      "migrationId": "3",
      "totalPurchased": "1200000",
      "numPurchases": "1",
      "amuletSpent": "576.0000000000",
      "usdSpent": "72.0000000000"
    },
    {
      "dso": "DSO::1220b1431ef217342db44d516bb9befde802be7d8899637d290895fa58880f19accc",
      "memberId": "PAR::C7-validator-3::1220074fc550e1a7e89eee0cf0dd4435b562d3ff35373345ef91f57abe26c48716a6",
      "synchronizerId": "global-domain::1220b1431ef217342db44d516bb9befde802be7d8899637d290895fa58880f19accc",
      "migrationId": "3",
      "totalPurchased": "1999800",
      "numPurchases": "1",
      "amuletSpent": "959.9040000000",
      "usdSpent": "119.9880000000"
    }
  ]
}