{
  "metadata": {
    "template_id": "759d1cf002fc1225ac43a55d73f0058becce3e62cfb5485c197f2b69ed8d9d98:Splice.DSO.SvState:SvStatusReport",
    "canonical_package": "3ca1343ab26b453d38c8adb70dca5f1ead8440c42b59b68f070786955cbf9ec1",
    "migration_id": 3,
    "record_time": "2025-10-30T21:00:00Z",
    "timestamp": "2025-10-30T23:52:55.955Z",
    "entry_count": 1
  },
  "data": [
    {
      "dso": "DSO::1220b1431ef217342db44d516bb9befde802be7d8899637d290895fa58880f19accc",
      "sv": "Digital-Asset-1::1220a32c8c98a33fab1f7fac9f63790b22df62647c30ebc3b644dbdf2936fcc88419",
      "svName": "Digital-Asset-1",
      "number": "619248",
      "status": {
        "createdAt": "2025-10-20T09:59:17.493598Z",
        "cometBftHeight": "27032285",
        "mediatorSynchronizerTime": "2025-10-20T09:59:16.375722Z",
        "participantSynchronizerTime": "2025-10-20T09:59:16.707384Z",
        "latestOpenRound": {
          "number": "67051"
        }
      }
    }
  ]
}