{
  "metadata": {
    "template_id": "759d1cf002fc1225ac43a55d73f0058becce3e62cfb5485c197f2b69ed8d9d98:Splice.DSO.SvState:SvNodeState",
    "canonical_package": "3ca1343ab26b453d38c8adb70dca5f1ead8440c42b59b68f070786955cbf9ec1",
    "migration_id": 3,
    "record_time": "2025-10-30T21:00:00Z",
    "timestamp": "2025-10-30T23:52:55.957Z",
    "entry_count": 1
  },
  "data": [
    {
      "dso": "DSO::1220b1431ef217342db44d516bb9befde802be7d8899637d290895fa58880f19accc",
      "sv": "Digital-Asset-1::12203a616cd41a519d1950ffd4df0ced808cce3bea558d684296c007bb8e12d7f649",
      "svName": "Digital-Asset-1",
      "state": {
        "synchronizerNodes": [
          [
            "global-domain::1220b1431ef217342db44d516bb9befde802be7d8899637d290895fa58880f19accc",
            {
              "cometBft": {
                "nodes": [
                  [
                    "853b6e19714a218b4ab1ac2b4b0d79c430d4b859",
                    {
                      "validatorPubKey": "jrhvlnjtI1/B27rGj05khiLs91TOOk1CfAMxmF2BBJE=",
                      "votingPower": "1"
                    }
                  ]
                ],
                "governanceKeys": [
                  {
                    "pubKey": "3xEvZUECWRbynRWeLs7d/OTU7TnMF1Vzwnd4DA9KzVs="
                  }
                ],
                "sequencingKeys": []
              },
              "sequencer": {
                "migrationId": "3",
                "sequencerId": "SEQ::Digital-Asset-1::122017a38ab4867e14a446125751b7dbe88c3a4a738c703b1ce9e5778b3f10c76fea",
                "url": "https://sequencer-3.sv-1.global.canton.network.digitalasset.com",
                "availableAfter": "2025-10-27T19:52:22.807611Z"
              },
              "mediator": {
                "mediatorId": "MED::Digital-Asset-1::1220e56bc5c9c72a5fb5ec9a05e0985dbf4d707f9990358e1622e410447f053877ac"
              },
              "scan": {
                "publicUrl": "https://scan.sv-1.global.canton.network.digitalasset.com"
              },
              "legacySequencerConfig": null
            }
          ]
        ]
      }
    }
  ]
}