{
  "metadata": {
    "template_id": "759d1cf002fc1225ac43a55d73f0058becce3e62cfb5485c197f2b69ed8d9d98:Splice.DsoRules:DsoRules",
    "canonical_package": "3ca1343ab26b453d38c8adb70dca5f1ead8440c42b59b68f070786955cbf9ec1",
    "migration_id": 3,
    "record_time": "2025-10-30T21:00:00Z",
    "timestamp": "2025-10-30T23:52:55.957Z",
    "entry_count": 1
  },
  "data": [
    {
      "dso": "DSO::1220b1431ef217342db44d516bb9befde802be7d8899637d290895fa58880f19accc",
      "epoch": "3",
      "svs": [
        [
          "C7-Technology-Services-Limited::122027859595a9f295312977656425f2360813ce5a2681aadc7605d2e198dc82a877",
          {
            "name": "C7-Technology-Services-Limited",
            "joinedAsOfRound": {
              "number": "28175"
            },
            "svRewardWeight": "105750",
            "participantId": "PAR::C7-Technology-Services-Limited::122027859595a9f295312977656425f2360813ce5a2681aadc7605d2e198dc82a877"
          }
        ],
        [
          "Cumberland-1::12201aa8a23046d5740c9edd58f7e820c83e7f5c58f25551f955f3252d3a04240860",
          {
            "name": "Cumberland-1",
            "joinedAsOfRound": {
              "number": "0"
            },
            "svRewardWeight": "136125",
            "participantId": "PAR::Cumberland-1::12201aa8a23046d5740c9edd58f7e820c83e7f5c58f25551f955f3252d3a04240860"
          }
        ],
        [
          "Cumberland-2::1220120801da0994334c869a6db19d9321f3d5baf9e40377830a90c2af78658aede6",
          {
            "name": "Cumberland-2",
            "joinedAsOfRound": {
              "number": "0"
            },
            "svRewardWeight": "136125",
            "participantId": "PAR::Cumberland-2::1220120801da0994334c869a6db19d9321f3d5baf9e40377830a90c2af78658aede6"
          }
        ],
        [
          "Digital-Asset-1::12203a616cd41a519d1950ffd4df0ced808cce3bea558d684296c007bb8e12d7f649",
          {
            "name": "Digital-Asset-1",
            "joinedAsOfRound": {
              "number": "68076"
            },
            "svRewardWeight": "0",
            "participantId": "PAR::Digital-Asset-1::12203a616cd41a519d1950ffd4df0ced808cce3bea558d684296c007bb8e12d7f649"
          }
        ],
        [
          "Digital-Asset-2::12209b21d512c6a7e2f5d215266fe6568cb732caaef7ff04e308f990a652340d3529",
          {
            "name": "Digital-Asset-2",
            "joinedAsOfRound": {
              "number": "0"
            },
            "svRewardWeight": "318500",
            "participantId": "PAR::Digital-Asset-2::12209b21d512c6a7e2f5d215266fe6568cb732caaef7ff04e308f990a652340d3529"
          }
        ],
        [
          "Five-North-1::1220520b6d396b91c4b13a1786bd5f317e4240001632d4a628c1c4f53a0b5165ba98",
          {
            "name": "Five-North-1",
            "joinedAsOfRound": {
              "number": "41105"
            },
            "svRewardWeight": "30500",
            "participantId": "PAR::Five-North-1::1220520b6d396b91c4b13a1786bd5f317e4240001632d4a628c1c4f53a0b5165ba98"
          }
        ],
        [
          "Global-Synchronizer-Foundation::1220b0867964b602f2cc7ea61324a95f000f0060e735cfaf4f23f424fdab02c170ac",
          {
            "name": "Global-Synchronizer-Foundation",
            "joinedAsOfRound": {
              "number": "0"
            },
            "svRewardWeight": "1290000",
            "participantId": "PAR::Global-Synchronizer-Foundation::1220b0867964b602f2cc7ea61324a95f000f0060e735cfaf4f23f424fdab02c170ac"
          }
        ],
        [
          "Liberty-City-Ventures-1::1220c8a81a9d60198fd67aa596f8af90cfe57f5966964427e32f2dab1570ad0d9a25",
          {
            "name": "Liberty-City-Ventures-1",
            "joinedAsOfRound": {
              "number": "41109"
            },
            "svRewardWeight": "100000",
            "participantId": "PAR::Liberty-City-Ventures-1::1220c8a81a9d60198fd67aa596f8af90cfe57f5966964427e32f2dab1570ad0d9a25"
          }
        ],
        [
          "MPC-Holding-Inc::12204783725aa3adcd787311531134baed8b9b28ccf76b100c62b8d4995842aabd6b",
          {
            "name": "MPC-Holding-Inc",
            "joinedAsOfRound": {
              "number": "9932"
            },
            "svRewardWeight": "20000",
            "participantId": "PAR::MPC-Holding-Inc::12204783725aa3adcd787311531134baed8b9b28ccf76b100c62b8d4995842aabd6b"
          }
        ],
        [
          "Orb-1-LP-1::122059e5d9c6036656bba13299bf959ed190fc51e2564024b9872ecd84001f87ea92",
          {
            "name": "Orb-1-LP-1",
            "joinedAsOfRound": {
              "number": "17614"
            },
            "svRewardWeight": "100000",
            "participantId": "PAR::Orb-1-LP-1::122059e5d9c6036656bba13299bf959ed190fc51e2564024b9872ecd84001f87ea92"
          }
        ],
        [
          "Proof-Group-1::1220a0027410294266f712c1a4787d2dcb9be20b712486dca010d4d9cdbe3e809385",
          {
            "name": "Proof-Group-1",
            "joinedAsOfRound": {
              "number": "41105"
            },
            "svRewardWeight": "12500",
            "participantId": "PAR::Proof-Group-1::1220a0027410294266f712c1a4787d2dcb9be20b712486dca010d4d9cdbe3e809385"
          }
        ],
        [
          "SV-Nodeops-Limited::1220734414a4b0658bb2be4caf33205e5a45bf8dc5207e3bfc769d361582dc72feef",
          {
            "name": "SV-Nodeops-Limited",
            "joinedAsOfRound": {
              "number": "0"
            },
            "svRewardWeight": "102500",
            "participantId": "PAR::SV-Nodeops-Limited::1220734414a4b0658bb2be4caf33205e5a45bf8dc5207e3bfc769d361582dc72feef"
          }
        ],
        [
          "Tradeweb-Markets-1::12203cd253ff9f6526c871dd6a9b3af8d1f0484ff0910e6cae75e9bcf76d1be5ff99",
          {
            "name": "Tradeweb-Markets-1",
            "joinedAsOfRound": {
              "number": "21394"
            },
            "svRewardWeight": "100000",
            "participantId": "PAR::Tradeweb-Markets-1::12203cd253ff9f6526c871dd6a9b3af8d1f0484ff0910e6cae75e9bcf76d1be5ff99"
          }
        ]
      ],
      "offboardedSvs": [
        [
          "Digital-Asset-1::122010160af19531ed2259457c9cca4d0aafccc13f82c4cc4d12b42e409f72d879bc",
          {
            "name": "Digital-Asset-1",
            "participantId": "PAR::Digital-Asset-1::122010160af19531ed2259457c9cca4d0aafccc13f82c4cc4d12b42e409f72d879bc"
          }
        ],
        [
          "Digital-Asset-1::1220a32c8c98a33fab1f7fac9f63790b22df62647c30ebc3b644dbdf2936fcc88419",
          {
            "name": "Digital-Asset-1",
            "participantId": "PAR::Digital-Asset-1::1220a32c8c98a33fab1f7fac9f63790b22df62647c30ebc3b644dbdf2936fcc88419"
          }
        ],
        [
          "Liberty-City-Ventures::1220523d2914dc097ad13b87ff2ac68a65b13e201ae011f6381839fbcc7b00d3ea95",
          {
            "name": "Liberty-City-Ventures",
            "participantId": "PAR::Liberty-City-Ventures::1220523d2914dc097ad13b87ff2ac68a65b13e201ae011f6381839fbcc7b00d3ea95"
          }
        ],
        [
          "Orb-1-LP::12201940c04b1021cfa95c162b1ceee4d1eb2f2c1fcf693168ab5f150aea427462c7",
          {
            "name": "Orb-1-LP",
            "participantId": "PAR::Orb-1-LP::12201940c04b1021cfa95c162b1ceee4d1eb2f2c1fcf693168ab5f150aea427462c7"
          }
        ]
      ],
      "dsoDelegate": "Digital-Asset-2::12209b21d512c6a7e2f5d215266fe6568cb732caaef7ff04e308f990a652340d3529",
      "config": {
        "numUnclaimedRewardsThreshold": "10",
        "numMemberTrafficContractsThreshold": "5",
        "actionConfirmationTimeout": {
          "microseconds": "3600000000"
        },
        "svOnboardingRequestTimeout": {
          "microseconds": "3600000000"
        },
        "svOnboardingConfirmedTimeout": {
          "microseconds": "3600000000"
        },
        "voteRequestTimeout": {
          "microseconds": "604800000000"
        },
        "dsoDelegateInactiveTimeout": {
          "microseconds": "70000000"
        },
        "synchronizerNodeConfigLimits": {
          "cometBft": {
            "maxNumCometBftNodes": "2",
            "maxNumGovernanceKeys": "2",
            "maxNumSequencingKeys": "2",
            "maxNodeIdLength": "50",
            "maxPubKeyLength": "256"
          }
        },
        "maxTextLength": "1024",
        "decentralizedSynchronizer": {
          "synchronizers": [
            [
              "global-domain::1220b1431ef217342db44d516bb9befde802be7d8899637d290895fa58880f19accc",
              {
                "state": "DS_Operational",
                "cometBftGenesisJson": "TODO(#4900): share CometBFT genesis.json of founding SV node via DsoRules config.",
                "acsCommitmentReconciliationInterval": null
              }
            ]
          ],
          "lastSynchronizerId": "global-domain::1220b1431ef217342db44d516bb9befde802be7d8899637d290895fa58880f19accc",
          "activeSynchronizerId": "global-domain::1220b1431ef217342db44d516bb9befde802be7d8899637d290895fa58880f19accc"
        },
        "nextScheduledSynchronizerUpgrade": {
          "time": "2025-06-25T13:00:00Z",
          "migrationId": "3"
        },
        "voteCooldownTime": null
      },
      "initialTrafficState": [
        [
          "MED::Digital-Asset-2::1220c61f342d3cab2635012ef73f043897f04786e96e0b3afeff00dd5a2f0971f902",
          {
            "consumedTraffic": "0"
          }
        ],
        [
          "PAR::Digital-Asset-2::12209b21d512c6a7e2f5d215266fe6568cb732caaef7ff04e308f990a652340d3529",
          {
            "consumedTraffic": "0"
          }
        ]
      ],
      "isDevNet": false
    }
  ]
}