{
  "metadata": {
    "template_id": "979ec710c3ae3a05cb44edf8461a9b4d7dd2053add95664f94fc89e5f18df80f:Splice.Amulet:LockedAmulet",
    "canonical_package": "3ca1343ab26b453d38c8adb70dca5f1ead8440c42b59b68f070786955cbf9ec1",
    "migration_id": 3,
    "record_time": "2025-10-30T21:00:00Z",
    "timestamp": "2025-10-30T23:52:55.504Z",
    "entry_count": 4
  },
  "data": [
    {
      "amulet": {
        "dso": "DSO::1220b1431ef217342db44d516bb9befde802be7d8899637d290895fa58880f19accc",
        "owner": "7Ridge-validator-3::12209dfc532c90df9ab10f4769eee7adc368e14be5b27254271908f942d387cb6de0",
        "amount": {
          "initialAmount": "23802.1735299514",
          "createdAt": {
            "number": "31335"
          },
          "ratePerRound": {
            "rate": "0.0038051800"
          }
        }
      },
      "lock": {
        "holders": [
          "Cumberland-GasStation-1::1220987fe52357fc17dc0a3552a691d1e1e685152bbe467acff604503cf301780bcf"
        ],
        "expiresAt": "2025-02-06T11:50:29.469412Z",
        "optContext": null
      }
    },
    {
      "amulet": {
        "dso": "DSO::1220b1431ef217342db44d516bb9befde802be7d8899637d290895fa58880f19accc",
        "owner": "cohen-validator-1::12202720a37a100708470d6623ee4001672eec114cfca39b18ce3f6d91643496fab5",
        "amount": {
          "initialAmount": "1958.0829032127",
          "createdAt": {
            "number": "44841"
          },
          "ratePerRound": {
            "rate": "0.0003805180"
          }
        }
      },
      "lock": {
        "holders": [
          "Cumberland-GasStation-1::1220987fe52357fc17dc0a3552a691d1e1e685152bbe467acff604503cf301780bcf"
        ],
        "expiresAt": "2025-05-14T14:44:24.842701Z",
        "optContext": null
      }
    },
    {
      "amulet": {
        "dso": "DSO::1220b1431ef217342db44d516bb9befde802be7d8899637d290895fa58880f19accc",
        "owner": "C7-validator-3::1220074fc550e1a7e89eee0cf0dd4435b562d3ff35373345ef91f57abe26c48716a6",
        "amount": {
          "initialAmount": "5182.5228738808",
          "createdAt": {
            "number": "45954"
          },
          "ratePerRound": {
            "rate": "0.0003805180"
          }
        }
      },
      "lock": {
        "holders": [
          "Cumberland-GasStation-1::1220987fe52357fc17dc0a3552a691d1e1e685152bbe467acff604503cf301780bcf"
        ],
        "expiresAt": "2025-05-22T14:41:29.976242Z",
        "optContext": null
      }
    },
    {
      "amulet": {
        "dso": "DSO::1220b1431ef217342db44d516bb9befde802be7d8899637d290895fa58880f19accc",
        "owner": "Cumberland-Hashnote-1::1220ae792056579461b0b7314f8d9bb6354bcc6e7a297a5ead19b47488982729ec2e",
        "amount": {
          "initialAmount": "4573.5792610888",
          "createdAt": {
            "number": "50682"
          },
          "ratePerRound": {
            "rate": "0.0003805180"
          }
        }
      },
      "lock": {
        "holders": [
          "Cumberland-GasStation-1::1220987fe52357fc17dc0a3552a691d1e1e685152bbe467acff604503cf301780bcf"
        ],
        "expiresAt": "2025-06-25T14:42:03.535508Z",
        "optContext": null
      }
    }
  ]
}