{
  "metadata": {
    "template_id": "979ec710c3ae3a05cb44edf8461a9b4d7dd2053add95664f94fc89e5f18df80f:Splice.ValidatorLicense:ValidatorLicense",
    "canonical_package": "3ca1343ab26b453d38c8adb70dca5f1ead8440c42b59b68f070786955cbf9ec1",
    "migration_id": 3,
    "record_time": "2025-10-30T21:00:00Z",
    "timestamp": "2025-10-30T23:52:55.504Z",
    "entry_count": 12
  },
  "data": [
    {
      "validator": "chata-main-1::122050eb1828b18f5feac91675d62a78cca30ee0e7bee70d19b197d705647f5d8777",
      "sponsor": "C7-Technology-Services-Limited::122027859595a9f295312977656425f2360813ce5a2681aadc7605d2e198dc82a877",
      "dso": "DSO::1220b1431ef217342db44d516bb9befde802be7d8899637d290895fa58880f19accc",
      "faucetState": {
        "firstReceivedFor": {
          "number": "29295"
        },
        "lastReceivedFor": {
          "number": "29296"
        },
        "numCouponsMissed": "0"
      },
      "metadata": {
        "lastUpdatedAt": "2025-01-22T19:38:40.355501Z",
        "version": "0.3.4",
        "contactPoint": ""
      },
      "lastActiveAt": "2025-01-22T19:41:27.996884Z"
    },
    {
      "validator": "7Ridge-validator-3::12209dfc532c90df9ab10f4769eee7adc368e14be5b27254271908f942d387cb6de0",
      "sponsor": "Global-Synchronizer-Foundation::1220b0867964b602f2cc7ea61324a95f000f0060e735cfaf4f23f424fdab02c170ac",
      "dso": "DSO::1220b1431ef217342db44d516bb9befde802be7d8899637d290895fa58880f19accc",
      "faucetState": {
        "firstReceivedFor": {
          "number": "20137"
        },
        "lastReceivedFor": {
          "number": "31335"
        },
        "numCouponsMissed": "0"
      },
      "metadata": {
        "lastUpdatedAt": "2025-02-03T14:56:32.115514Z",
        "version": "0.3.6",
        "contactPoint": "sv-support@intellecteu.com"
      },
      "lastActiveAt": "2025-02-06T11:38:27.213272Z"
    },
    {
      "validator": "7Ridge-validator-2::1220f1584f579e9be2205df88bd40ed18b47d5166f191be284e74a66e6f6ea0da6f2",
      "sponsor": "Global-Synchronizer-Foundation::1220b0867964b602f2cc7ea61324a95f000f0060e735cfaf4f23f424fdab02c170ac",
      "dso": "DSO::1220b1431ef217342db44d516bb9befde802be7d8899637d290895fa58880f19accc",
      "faucetState": {
        "firstReceivedFor": {
          "number": "20137"
        },
        "lastReceivedFor": {
          "number": "31335"
        },
        "numCouponsMissed": "0"
      },
      "metadata": {
        "lastUpdatedAt": "2025-02-03T14:56:32.198304Z",
        "version": "0.3.6",
        "contactPoint": "sv-support@intellecteu.com"
      },
      "lastActiveAt": "2025-02-06T11:38:33.438583Z"
    },
    {
      "validator": "validator_7Ridge::12200603421ea6db7ba6afb458dda46a28432cf58d7d24afbe126d61b43c9b4e8dfc",
      "sponsor": "Global-Synchronizer-Foundation::1220b0867964b602f2cc7ea61324a95f000f0060e735cfaf4f23f424fdab02c170ac",
      "dso": "DSO::1220b1431ef217342db44d516bb9befde802be7d8899637d290895fa58880f19accc",
      "faucetState": {
        "firstReceivedFor": {
          "number": "0"
        },
        "lastReceivedFor": {
          "number": "31335"
        },
        "numCouponsMissed": "1"
      },
      "metadata": {
        "lastUpdatedAt": "2025-02-03T14:56:43.796671Z",
        "version": "0.3.6",
        "contactPoint": "sv-support@intellecteu.com"
      },
      "lastActiveAt": "2025-02-06T11:41:14.469475Z"
    },
    {
      "validator": "3trade_validator_admin::122060327be2fbbda7498a867507bf4d1cd83cd079382fa8af1d4be5cad79248c102",
      "sponsor": "Cumberland-1::12201aa8a23046d5740c9edd58f7e820c83e7f5c58f25551f955f3252d3a04240860",
      "dso": "DSO::1220b1431ef217342db44d516bb9befde802be7d8899637d290895fa58880f19accc",
      "faucetState": {
        "firstReceivedFor": {
          "number": "0"
        },
        "lastReceivedFor": {
          "number": "32053"
        },
        "numCouponsMissed": "30"
      },
      "metadata": {
        "lastUpdatedAt": "2025-01-20T13:05:52.072053Z",
        "version": "0.3.4",
        "contactPoint": "devops@3trade.xyz"
      },
      "lastActiveAt": "2025-02-11T15:33:46.760135Z"
    },
    {
      "validator": "validator_GSF-validator-2::122089033a7a915340458e4f2a904324b70fe8e30558c63b672265710992aabc2691",
      "sponsor": "Global-Synchronizer-Foundation::1220b0867964b602f2cc7ea61324a95f000f0060e735cfaf4f23f424fdab02c170ac",
      "dso": "DSO::1220b1431ef217342db44d516bb9befde802be7d8899637d290895fa58880f19accc",
      "faucetState": null,
      "metadata": {
        "lastUpdatedAt": "2025-03-11T17:14:12.760958Z",
        "version": "0.3.12",
        "contactPoint": "sv-support@intellecteu.com"
      },
      "lastActiveAt": "2025-03-11T17:14:12.760958Z"
    },
    {
      "validator": "castleisland-validator-1::1220dd2c917945c290a26702d740436ce242d7d3dc17367134d09ce268c764aa30cb",
      "sponsor": "Digital-Asset-2::12209b21d512c6a7e2f5d215266fe6568cb732caaef7ff04e308f990a652340d3529",
      "dso": "DSO::1220b1431ef217342db44d516bb9befde802be7d8899637d290895fa58880f19accc",
      "faucetState": {
        "firstReceivedFor": {
          "number": "36255"
        },
        "lastReceivedFor": {
          "number": "36259"
        },
        "numCouponsMissed": "0"
      },
      "metadata": {
        "lastUpdatedAt": "2025-03-13T21:00:23.804274Z",
        "version": "0.3.12",
        "contactPoint": "thomas@proofgroup.xyz"
      },
      "lastActiveAt": "2025-03-13T21:26:15.319600Z"
    },
    {
      "validator": "C7-validator-2::122053d11f5ea3a292d7b2e330add4ac3401f291e7b8cc85eaa2806c03e3656eb988",
      "sponsor": "C7-Technology-Services-Limited::122027859595a9f295312977656425f2360813ce5a2681aadc7605d2e198dc82a877",
      "dso": "DSO::1220b1431ef217342db44d516bb9befde802be7d8899637d290895fa58880f19accc",
      "faucetState": {
        "firstReceivedFor": {
          "number": "29119"
        },
        "lastReceivedFor": {
          "number": "37338"
        },
        "numCouponsMissed": "1916"
      },
      "metadata": {
        "lastUpdatedAt": "2025-03-05T11:19:23.920812Z",
        "version": "0.3.8",
        "contactPoint": "sv-support@intellecteu.com"
      },
      "lastActiveAt": "2025-03-21T15:48:42.666959Z"
    },
    {
      "validator": "C7-validator-3::1220ca168958529dc032ac158d755d0b1af273c64b197a501df8d52d9b59b7302cb6",
      "sponsor": "C7-Technology-Services-Limited::122027859595a9f295312977656425f2360813ce5a2681aadc7605d2e198dc82a877",
      "dso": "DSO::1220b1431ef217342db44d516bb9befde802be7d8899637d290895fa58880f19accc",
      "faucetState": {
        "firstReceivedFor": {
          "number": "29119"
        },
        "lastReceivedFor": {
          "number": "37339"
        },
        "numCouponsMissed": "1917"
      },
      "metadata": {
        "lastUpdatedAt": "2025-03-05T11:32:43.267269Z",
        "version": "0.3.8",
        "contactPoint": "sv-support@intellecteu.com"
      },
      "lastActiveAt": "2025-03-21T15:58:11.532363Z"
    },
    {
      "validator": "angelhack-mainnet-1::12206f628458e55abcbeabfbf8294d44b6f1f0de8898b5fa729dc3c18746c043d067",
      "sponsor": "Digital-Asset-2::12209b21d512c6a7e2f5d215266fe6568cb732caaef7ff04e308f990a652340d3529",
      "dso": "DSO::1220b1431ef217342db44d516bb9befde802be7d8899637d290895fa58880f19accc",
      "faucetState": {
        "firstReceivedFor": {
          "number": "37739"
        },
        "lastReceivedFor": {
          "number": "37740"
        },
        "numCouponsMissed": "0"
      },
      "metadata": {
        "lastUpdatedAt": "2025-03-24T13:06:51.266656Z",
        "version": "0.3.16",
        "contactPoint": ""
      },
      "lastActiveAt": "2025-03-24T13:09:49.226141Z"
    },
    {
      "validator": "kaiko-mywallet-1::1220d1ae239b946e950fd67bf2f95d4a73825cb5f9399e899861a43c281f3e0fe3fd",
      "sponsor": "Digital-Asset-2::12209b21d512c6a7e2f5d215266fe6568cb732caaef7ff04e308f990a652340d3529",
      "dso": "DSO::1220b1431ef217342db44d516bb9befde802be7d8899637d290895fa58880f19accc",
      "faucetState": {
        "firstReceivedFor": {
          "number": "32157"
        },
        "lastReceivedFor": {
          "number": "41776"
        },
        "numCouponsMissed": "0"
      },
      "metadata": {
        "lastUpdatedAt": "2025-04-10T11:49:40.884341Z",
        "version": "0.3.17",
        "contactPoint": ""
      },
      "lastActiveAt": "2025-04-22T13:41:33.940245Z"
    },
    {
      "validator": "dora-canton-1::1220677b58377aff35d6efc9dd9e81e13ce934350f323663c54cf7d3982a9c47167f",
      "sponsor": "Digital-Asset-2::12209b21d512c6a7e2f5d215266fe6568cb732caaef7ff04e308f990a652340d3529",
      "dso": "DSO::1220b1431ef217342db44d516bb9befde802be7d8899637d290895fa58880f19accc",
      "faucetState": {
        "firstReceivedFor": {
          "number": "44186"
        },
        "lastReceivedFor": {
          "number": "44560"
        },
        "numCouponsMissed": "0"
      },
      "metadata": {
        "lastUpdatedAt": "2025-05-09T21:37:11.362082Z",
        "version": "0.3.18",
        "contactPoint": "abdul@dora.tech"
      },
      "lastActiveAt": "2025-05-12T13:58:54.939204Z"
    }
  ]
}