{
  "metadata": {
    "template_id": "979ec710c3ae3a05cb44edf8461a9b4d7dd2053add95664f94fc89e5f18df80f:Splice.Amulet:Amulet",
    "canonical_package": "3ca1343ab26b453d38c8adb70dca5f1ead8440c42b59b68f070786955cbf9ec1",
    "migration_id": 3,
    "record_time": "2025-10-30T21:00:00Z",
    "timestamp": "2025-10-30T23:52:55.503Z",
    "entry_count": 50
  },
  "data": [
    {
      "dso": "DSO::1220b1431ef217342db44d516bb9befde802be7d8899637d290895fa58880f19accc",
      "owner": "8ce32f2b-8155-463b-907e-442f0e50570e::122038dd7fcbdd68bde47034abfd582cbe38854d94dec10c18a7589706914e2b6e61",
      "amount": {
        "initialAmount": "4545.8447728200",
        "createdAt": {
          "number": "24516"
        },
        "ratePerRound": {
          "rate": "0.0038051800"
        }
      }
    },
    {
      "dso": "DSO::1220b1431ef217342db44d516bb9befde802be7d8899637d290895fa58880f19accc",
      "owner": "validator_7Ridge::12200603421ea6db7ba6afb458dda46a28432cf58d7d24afbe126d61b43c9b4e8dfc",
      "amount": {
        "initialAmount": "28611.3051002442",
        "createdAt": {
          "number": "31335"
        },
        "ratePerRound": {
          "rate": "0.0038051800"
        }
      }
    },
    {
      "dso": "DSO::1220b1431ef217342db44d516bb9befde802be7d8899637d290895fa58880f19accc",
      "owner": "7Ridge-validator-2::1220f1584f579e9be2205df88bd40ed18b47d5166f191be284e74a66e6f6ea0da6f2",
      "amount": {
        "initialAmount": "4128.7482722442",
        "createdAt": {
          "number": "31335"
        },
        "ratePerRound": {
          "rate": "0.0038051800"
        }
      }
    },
    {
      "dso": "DSO::1220b1431ef217342db44d516bb9befde802be7d8899637d290895fa58880f19accc",
      "owner": "7Ridge-validator-3::12209dfc532c90df9ab10f4769eee7adc368e14be5b27254271908f942d387cb6de0",
      "amount": {
        "initialAmount": "4988.5280868710",
        "createdAt": {
          "number": "31335"
        },
        "ratePerRound": {
          "rate": "0.0038051800"
        }
      }
    },
    {
      "dso": "DSO::1220b1431ef217342db44d516bb9befde802be7d8899637d290895fa58880f19accc",
      "owner": "auth0_007c6723c8325cee3153df57d72d::12205d4d358e9de3351c74419d9746ea9083854c113f826240fe2b2ce808a51a3a7e",
      "amount": {
        "initialAmount": "683939780.3846027400",
        "createdAt": {
          "number": "32308"
        },
        "ratePerRound": {
          "rate": "0.0038051800"
        }
      }
    },
    {
      "dso": "DSO::1220b1431ef217342db44d516bb9befde802be7d8899637d290895fa58880f19accc",
      "owner": "23d169c2-0909-4c70-81d1-1922de6febaa::1220e97cead795ea9e322ea4655e3573e3584d247f4fb8d11bea5128a52377176465",
      "amount": {
        "initialAmount": "100.0000000000",
        "createdAt": {
          "number": "35824"
        },
        "ratePerRound": {
          "rate": "0.0003805180"
        }
      }
    },
    {
      "dso": "DSO::1220b1431ef217342db44d516bb9befde802be7d8899637d290895fa58880f19accc",
      "owner": "castleisland-validator-1::1220dd2c917945c290a26702d740436ce242d7d3dc17367134d09ce268c764aa30cb",
      "amount": {
        "initialAmount": "1390.4212832612",
        "createdAt": {
          "number": "36259"
        },
        "ratePerRound": {
          "rate": "0.0003805180"
        }
      }
    },
    {
      "dso": "DSO::1220b1431ef217342db44d516bb9befde802be7d8899637d290895fa58880f19accc",
      "owner": "23d169c2-0909-4c70-81d1-1922de6febaa::1220e97cead795ea9e322ea4655e3573e3584d247f4fb8d11bea5128a52377176465",
      "amount": {
        "initialAmount": "99.0000000000",
        "createdAt": {
          "number": "36388"
        },
        "ratePerRound": {
          "rate": "0.0003805180"
        }
      }
    },
    {
      "dso": "DSO::1220b1431ef217342db44d516bb9befde802be7d8899637d290895fa58880f19accc",
      "owner": "C7-validator-2::122053d11f5ea3a292d7b2e330add4ac3401f291e7b8cc85eaa2806c03e3656eb988",
      "amount": {
        "initialAmount": "1819.4157180470",
        "createdAt": {
          "number": "37338"
        },
        "ratePerRound": {
          "rate": "0.0003805180"
        }
      }
    },
    {
      "dso": "DSO::1220b1431ef217342db44d516bb9befde802be7d8899637d290895fa58880f19accc",
      "owner": "C7-validator-3::1220ca168958529dc032ac158d755d0b1af273c64b197a501df8d52d9b59b7302cb6",
      "amount": {
        "initialAmount": "1145.0546954354",
        "createdAt": {
          "number": "37338"
        },
        "ratePerRound": {
          "rate": "0.0003805180"
        }
      }
    },
    {
      "dso": "DSO::1220b1431ef217342db44d516bb9befde802be7d8899637d290895fa58880f19accc",
      "owner": "auth0_007c678e71e215ff870fefb59af5::1220643de8d9bfdeb9187da2f770897fa50b34e17a39c0110edf91fe70d242853c25",
      "amount": {
        "initialAmount": "194758553.8469558560",
        "createdAt": {
          "number": "41227"
        },
        "ratePerRound": {
          "rate": "0.0003805180"
        }
      }
    },
    {
      "dso": "DSO::1220b1431ef217342db44d516bb9befde802be7d8899637d290895fa58880f19accc",
      "owner": "kaiko-mywallet-1::1220d1ae239b946e950fd67bf2f95d4a73825cb5f9399e899861a43c281f3e0fe3fd",
      "amount": {
        "initialAmount": "0.0514021406",
        "createdAt": {
          "number": "41776"
        },
        "ratePerRound": {
          "rate": "0.0003805180"
        }
      }
    },
    {
      "dso": "DSO::1220b1431ef217342db44d516bb9befde802be7d8899637d290895fa58880f19accc",
      "owner": "23d169c2-0909-4c70-81d1-1922de6febaa::1220ca5e050b05db3966fb25d0506053256ba0f31b84b3c3924480977f973c5dfd6c",
      "amount": {
        "initialAmount": "383.8656158980",
        "createdAt": {
          "number": "43702"
        },
        "ratePerRound": {
          "rate": "0.0003805180"
        }
      }
    },
    {
      "dso": "DSO::1220b1431ef217342db44d516bb9befde802be7d8899637d290895fa58880f19accc",
      "owner": "google-oauth2_007c101873129618321612198::12203726c4d6a2041bc700b91effb7baea3fa3af720edabb5dd3e6e8b56867f9b016",
      "amount": {
        "initialAmount": "148.1984779280",
        "createdAt": {
          "number": "44215"
        },
        "ratePerRound": {
          "rate": "0.0003805180"
        }
      }
    },
    {
      "dso": "DSO::1220b1431ef217342db44d516bb9befde802be7d8899637d290895fa58880f19accc",
      "owner": "dora-canton-1::1220677b58377aff35d6efc9dd9e81e13ce934350f323663c54cf7d3982a9c47167f",
      "amount": {
        "initialAmount": "111097.9951345263",
        "createdAt": {
          "number": "44560"
        },
        "ratePerRound": {
          "rate": "0.0003805180"
        }
      }
    },
    {
      "dso": "DSO::1220b1431ef217342db44d516bb9befde802be7d8899637d290895fa58880f19accc",
      "owner": "d8c41526-61ef-4b5e-a8ea-d8377fc9948d::1220921c9c5579f2648609d8b007793ffbe31efb311c79c53cbc68571827c1c5ebee",
      "amount": {
        "initialAmount": "9998.5604261280",
        "createdAt": {
          "number": "51447"
        },
        "ratePerRound": {
          "rate": "0.0003805180"
        }
      }
    },
    {
      "dso": "DSO::1220b1431ef217342db44d516bb9befde802be7d8899637d290895fa58880f19accc",
      "owner": "2eb3a741-2858-4fef-b61f-63db711739b9::1220921c9c5579f2648609d8b007793ffbe31efb311c79c53cbc68571827c1c5ebee",
      "amount": {
        "initialAmount": "9998.5604261280",
        "createdAt": {
          "number": "51447"
        },
        "ratePerRound": {
          "rate": "0.0003805180"
        }
      }
    },
    {
      "dso": "DSO::1220b1431ef217342db44d516bb9befde802be7d8899637d290895fa58880f19accc",
      "owner": "1dd1f0ee-520c-4524-8ca8-7d3cd5bd2c04::1220921c9c5579f2648609d8b007793ffbe31efb311c79c53cbc68571827c1c5ebee",
      "amount": {
        "initialAmount": "9998.5604261280",
        "createdAt": {
          "number": "51447"
        },
        "ratePerRound": {
          "rate": "0.0003805180"
        }
      }
    },
    {
      "dso": "DSO::1220b1431ef217342db44d516bb9befde802be7d8899637d290895fa58880f19accc",
      "owner": "e6020878-d3ce-47a5-b878-29d0ebac0ccb::1220921c9c5579f2648609d8b007793ffbe31efb311c79c53cbc68571827c1c5ebee",
      "amount": {
        "initialAmount": "9998.5604261280",
        "createdAt": {
          "number": "51447"
        },
        "ratePerRound": {
          "rate": "0.0003805180"
        }
      }
    },
    {
      "dso": "DSO::1220b1431ef217342db44d516bb9befde802be7d8899637d290895fa58880f19accc",
      "owner": "08b65c6e-7c94-4e3a-a27a-62020ac5caf6::1220921c9c5579f2648609d8b007793ffbe31efb311c79c53cbc68571827c1c5ebee",
      "amount": {
        "initialAmount": "9998.5604261280",
        "createdAt": {
          "number": "51447"
        },
        "ratePerRound": {
          "rate": "0.0003805180"
        }
      }
    },
    {
      "dso": "DSO::1220b1431ef217342db44d516bb9befde802be7d8899637d290895fa58880f19accc",
      "owner": "284ab162-0211-4f2e-84d7-0de655bf6c12::1220921c9c5579f2648609d8b007793ffbe31efb311c79c53cbc68571827c1c5ebee",
      "amount": {
        "initialAmount": "9998.5604261280",
        "createdAt": {
          "number": "51447"
        },
        "ratePerRound": {
          "rate": "0.0003805180"
        }
      }
    },
    {
      "dso": "DSO::1220b1431ef217342db44d516bb9befde802be7d8899637d290895fa58880f19accc",
      "owner": "c25ae7e4-dc6b-44aa-88f7-a016e3af29a3::1220921c9c5579f2648609d8b007793ffbe31efb311c79c53cbc68571827c1c5ebee",
      "amount": {
        "initialAmount": "9998.5604261280",
        "createdAt": {
          "number": "51447"
        },
        "ratePerRound": {
          "rate": "0.0003805180"
        }
      }
    },
    {
      "dso": "DSO::1220b1431ef217342db44d516bb9befde802be7d8899637d290895fa58880f19accc",
      "owner": "ce0fc546-d400-417b-ab25-b3a2aa21c006::1220921c9c5579f2648609d8b007793ffbe31efb311c79c53cbc68571827c1c5ebee",
      "amount": {
        "initialAmount": "9998.5604261280",
        "createdAt": {
          "number": "51447"
        },
        "ratePerRound": {
          "rate": "0.0003805180"
        }
      }
    },
    {
      "dso": "DSO::1220b1431ef217342db44d516bb9befde802be7d8899637d290895fa58880f19accc",
      "owner": "28ffb039-9b8a-478f-9a72-edb722c66f7a::1220921c9c5579f2648609d8b007793ffbe31efb311c79c53cbc68571827c1c5ebee",
      "amount": {
        "initialAmount": "9998.5604261280",
        "createdAt": {
          "number": "51447"
        },
        "ratePerRound": {
          "rate": "0.0003805180"
        }
      }
    },
    {
      "dso": "DSO::1220b1431ef217342db44d516bb9befde802be7d8899637d290895fa58880f19accc",
      "owner": "2db61d71-64d2-4199-a99b-86727ae3f104::1220921c9c5579f2648609d8b007793ffbe31efb311c79c53cbc68571827c1c5ebee",
      "amount": {
        "initialAmount": "9998.5604261280",
        "createdAt": {
          "number": "51447"
        },
        "ratePerRound": {
          "rate": "0.0003805180"
        }
      }
    },
    {
      "dso": "DSO::1220b1431ef217342db44d516bb9befde802be7d8899637d290895fa58880f19accc",
      "owner": "178074bd-a147-489b-b692-00bc763e20e7::1220921c9c5579f2648609d8b007793ffbe31efb311c79c53cbc68571827c1c5ebee",
      "amount": {
        "initialAmount": "9998.5608066460",
        "createdAt": {
          "number": "51447"
        },
        "ratePerRound": {
          "rate": "0.0003805180"
        }
      }
    },
    {
      "dso": "DSO::1220b1431ef217342db44d516bb9befde802be7d8899637d290895fa58880f19accc",
      "owner": "ff9eb53f-b0fc-4f26-870e-ba4a31992654::1220921c9c5579f2648609d8b007793ffbe31efb311c79c53cbc68571827c1c5ebee",
      "amount": {
        "initialAmount": "9998.5608066460",
        "createdAt": {
          "number": "51447"
        },
        "ratePerRound": {
          "rate": "0.0003805180"
        }
      }
    },
    {
      "dso": "DSO::1220b1431ef217342db44d516bb9befde802be7d8899637d290895fa58880f19accc",
      "owner": "23fd6849-ed6b-45f2-ac93-b38b8c470fb4::1220921c9c5579f2648609d8b007793ffbe31efb311c79c53cbc68571827c1c5ebee",
      "amount": {
        "initialAmount": "9998.5608066460",
        "createdAt": {
          "number": "51447"
        },
        "ratePerRound": {
          "rate": "0.0003805180"
        }
      }
    },
    {
      "dso": "DSO::1220b1431ef217342db44d516bb9befde802be7d8899637d290895fa58880f19accc",
      "owner": "4d83b557-f392-46e9-9395-c67b838dd39f::1220921c9c5579f2648609d8b007793ffbe31efb311c79c53cbc68571827c1c5ebee",
      "amount": {
        "initialAmount": "9998.5608066460",
        "createdAt": {
          "number": "51447"
        },
        "ratePerRound": {
          "rate": "0.0003805180"
        }
      }
    },
    {
      "dso": "DSO::1220b1431ef217342db44d516bb9befde802be7d8899637d290895fa58880f19accc",
      "owner": "805b0936-a033-49bf-9c4b-97600eb92f34::1220921c9c5579f2648609d8b007793ffbe31efb311c79c53cbc68571827c1c5ebee",
      "amount": {
        "initialAmount": "9998.5608066460",
        "createdAt": {
          "number": "51447"
        },
        "ratePerRound": {
          "rate": "0.0003805180"
        }
      }
    },
    {
      "dso": "DSO::1220b1431ef217342db44d516bb9befde802be7d8899637d290895fa58880f19accc",
      "owner": "ac4a510b-7b03-4b47-8b69-45db2bf2ffb7::1220921c9c5579f2648609d8b007793ffbe31efb311c79c53cbc68571827c1c5ebee",
      "amount": {
        "initialAmount": "9998.5604261280",
        "createdAt": {
          "number": "51448"
        },
        "ratePerRound": {
          "rate": "0.0003805180"
        }
      }
    },
    {
      "dso": "DSO::1220b1431ef217342db44d516bb9befde802be7d8899637d290895fa58880f19accc",
      "owner": "0062c0fe-b6b4-499a-b9a7-95f3a84d2c41::1220921c9c5579f2648609d8b007793ffbe31efb311c79c53cbc68571827c1c5ebee",
      "amount": {
        "initialAmount": "9998.5604261280",
        "createdAt": {
          "number": "51448"
        },
        "ratePerRound": {
          "rate": "0.0003805180"
        }
      }
    },
    {
      "dso": "DSO::1220b1431ef217342db44d516bb9befde802be7d8899637d290895fa58880f19accc",
      "owner": "e1f62687-8d36-4b71-9791-6d469aec3459::1220921c9c5579f2648609d8b007793ffbe31efb311c79c53cbc68571827c1c5ebee",
      "amount": {
        "initialAmount": "9998.5600456100",
        "createdAt": {
          "number": "51449"
        },
        "ratePerRound": {
          "rate": "0.0003805180"
        }
      }
    },
    {
      "dso": "DSO::1220b1431ef217342db44d516bb9befde802be7d8899637d290895fa58880f19accc",
      "owner": "fede40af-7adc-4cf1-87e7-9ae78a5fa5ad::1220921c9c5579f2648609d8b007793ffbe31efb311c79c53cbc68571827c1c5ebee",
      "amount": {
        "initialAmount": "9998.5600456100",
        "createdAt": {
          "number": "51449"
        },
        "ratePerRound": {
          "rate": "0.0003805180"
        }
      }
    },
    {
      "dso": "DSO::1220b1431ef217342db44d516bb9befde802be7d8899637d290895fa58880f19accc",
      "owner": "87e39428-9658-4d22-8fa7-1d4f9d749015::1220921c9c5579f2648609d8b007793ffbe31efb311c79c53cbc68571827c1c5ebee",
      "amount": {
        "initialAmount": "9998.5600456100",
        "createdAt": {
          "number": "51449"
        },
        "ratePerRound": {
          "rate": "0.0003805180"
        }
      }
    },
    {
      "dso": "DSO::1220b1431ef217342db44d516bb9befde802be7d8899637d290895fa58880f19accc",
      "owner": "642c411f-3602-411e-b615-4164c9cc08a1::1220921c9c5579f2648609d8b007793ffbe31efb311c79c53cbc68571827c1c5ebee",
      "amount": {
        "initialAmount": "9998.5600456100",
        "createdAt": {
          "number": "51449"
        },
        "ratePerRound": {
          "rate": "0.0003805180"
        }
      }
    },
    {
      "dso": "DSO::1220b1431ef217342db44d516bb9befde802be7d8899637d290895fa58880f19accc",
      "owner": "93d48716-314a-4029-a32f-7363620dfe0e::1220921c9c5579f2648609d8b007793ffbe31efb311c79c53cbc68571827c1c5ebee",
      "amount": {
        "initialAmount": "9998.5600456100",
        "createdAt": {
          "number": "51449"
        },
        "ratePerRound": {
          "rate": "0.0003805180"
        }
      }
    },
    {
      "dso": "DSO::1220b1431ef217342db44d516bb9befde802be7d8899637d290895fa58880f19accc",
      "owner": "e901e971-5a63-4579-b38e-b4300db59672::1220921c9c5579f2648609d8b007793ffbe31efb311c79c53cbc68571827c1c5ebee",
      "amount": {
        "initialAmount": "9998.5600456100",
        "createdAt": {
          "number": "51449"
        },
        "ratePerRound": {
          "rate": "0.0003805180"
        }
      }
    },
    {
      "dso": "DSO::1220b1431ef217342db44d516bb9befde802be7d8899637d290895fa58880f19accc",
      "owner": "eb7b28fe-b6b2-4121-bcf4-791184c64374::1220921c9c5579f2648609d8b007793ffbe31efb311c79c53cbc68571827c1c5ebee",
      "amount": {
        "initialAmount": "9998.5600456100",
        "createdAt": {
          "number": "51449"
        },
        "ratePerRound": {
          "rate": "0.0003805180"
        }
      }
    },
    {
      "dso": "DSO::1220b1431ef217342db44d516bb9befde802be7d8899637d290895fa58880f19accc",
      "owner": "1627b016-862b-4950-87ba-590f0cfda386::1220921c9c5579f2648609d8b007793ffbe31efb311c79c53cbc68571827c1c5ebee",
      "amount": {
        "initialAmount": "9998.5600456100",
        "createdAt": {
          "number": "51449"
        },
        "ratePerRound": {
          "rate": "0.0003805180"
        }
      }
    },
    {
      "dso": "DSO::1220b1431ef217342db44d516bb9befde802be7d8899637d290895fa58880f19accc",
      "owner": "fe136a64-c718-41e5-967a-7077b4213cfa::1220921c9c5579f2648609d8b007793ffbe31efb311c79c53cbc68571827c1c5ebee",
      "amount": {
        "initialAmount": "9998.5600456100",
        "createdAt": {
          "number": "51449"
        },
        "ratePerRound": {
          "rate": "0.0003805180"
        }
      }
    },
    {
      "dso": "DSO::1220b1431ef217342db44d516bb9befde802be7d8899637d290895fa58880f19accc",
      "owner": "68e85c63-ec11-46d6-a91e-137393fc6af3::1220921c9c5579f2648609d8b007793ffbe31efb311c79c53cbc68571827c1c5ebee",
      "amount": {
        "initialAmount": "9998.5604261280",
        "createdAt": {
          "number": "51449"
        },
        "ratePerRound": {
          "rate": "0.0003805180"
        }
      }
    },
    {
      "dso": "DSO::1220b1431ef217342db44d516bb9befde802be7d8899637d290895fa58880f19accc",
      "owner": "c8b89d4a-d02b-4430-9899-6e2c4d4f0b93::1220921c9c5579f2648609d8b007793ffbe31efb311c79c53cbc68571827c1c5ebee",
      "amount": {
        "initialAmount": "9998.5604261280",
        "createdAt": {
          "number": "51449"
        },
        "ratePerRound": {
          "rate": "0.0003805180"
        }
      }
    },
    {
      "dso": "DSO::1220b1431ef217342db44d516bb9befde802be7d8899637d290895fa58880f19accc",
      "owner": "2d02f503-c2ff-4892-8ad3-7613db4a54ce::1220921c9c5579f2648609d8b007793ffbe31efb311c79c53cbc68571827c1c5ebee",
      "amount": {
        "initialAmount": "9998.5604261280",
        "createdAt": {
          "number": "51449"
        },
        "ratePerRound": {
          "rate": "0.0003805180"
        }
      }
    },
    {
      "dso": "DSO::1220b1431ef217342db44d516bb9befde802be7d8899637d290895fa58880f19accc",
      "owner": "ebc163c6-ea27-4df1-ad6f-65cc91b6c621::1220921c9c5579f2648609d8b007793ffbe31efb311c79c53cbc68571827c1c5ebee",
      "amount": {
        "initialAmount": "9998.5604261280",
        "createdAt": {
          "number": "51449"
        },
        "ratePerRound": {
          "rate": "0.0003805180"
        }
      }
    },
    {
      "dso": "DSO::1220b1431ef217342db44d516bb9befde802be7d8899637d290895fa58880f19accc",
      "owner": "a7e3ac4a-dca8-4344-8a6a-d755cb61ad9e::1220921c9c5579f2648609d8b007793ffbe31efb311c79c53cbc68571827c1c5ebee",
      "amount": {
        "initialAmount": "9998.5604261280",
        "createdAt": {
          "number": "51449"
        },
        "ratePerRound": {
          "rate": "0.0003805180"
        }
      }
    },
    {
      "dso": "DSO::1220b1431ef217342db44d516bb9befde802be7d8899637d290895fa58880f19accc",
      "owner": "f9b13469-2c00-40f1-9c40-0f69d596db8d::1220921c9c5579f2648609d8b007793ffbe31efb311c79c53cbc68571827c1c5ebee",
      "amount": {
        "initialAmount": "9998.5604261280",
        "createdAt": {
          "number": "51449"
        },
        "ratePerRound": {
          "rate": "0.0003805180"
        }
      }
    },
    {
      "dso": "DSO::1220b1431ef217342db44d516bb9befde802be7d8899637d290895fa58880f19accc",
      "owner": "00a209cb-2f1f-48f0-8fb4-6a52c5a1d3bd::1220921c9c5579f2648609d8b007793ffbe31efb311c79c53cbc68571827c1c5ebee",
      "amount": {
        "initialAmount": "9998.5604261280",
        "createdAt": {
          "number": "51449"
        },
        "ratePerRound": {
          "rate": "0.0003805180"
        }
      }
    },
    {
      "dso": "DSO::1220b1431ef217342db44d516bb9befde802be7d8899637d290895fa58880f19accc",
      "owner": "3ae519c7-dcdd-4275-99b9-7c8825a33b87::1220921c9c5579f2648609d8b007793ffbe31efb311c79c53cbc68571827c1c5ebee",
      "amount": {
        "initialAmount": "9998.5604261280",
        "createdAt": {
          "number": "51449"
        },
        "ratePerRound": {
          "rate": "0.0003805180"
        }
      }
    },
    {
      "dso": "DSO::1220b1431ef217342db44d516bb9befde802be7d8899637d290895fa58880f19accc",
      "owner": "1ffbff52-683a-4692-a6d1-427ca4964307::1220921c9c5579f2648609d8b007793ffbe31efb311c79c53cbc68571827c1c5ebee",
      "amount": {
        "initialAmount": "9998.5604261280",
        "createdAt": {
          "number": "51449"
        },
        "ratePerRound": {
          "rate": "0.0003805180"
        }
      }
    }
  ]
}