{
  "metadata": {
    "template_id": "979ec710c3ae3a05cb44edf8461a9b4d7dd2053add95664f94fc89e5f18df80f:Splice.ExternalPartyAmuletRules:ExternalPartyAmuletRules",
    "canonical_package": "3ca1343ab26b453d38c8adb70dca5f1ead8440c42b59b68f070786955cbf9ec1",
    "migration_id": 3,
    "record_time": "2025-10-30T21:00:00Z",
    "timestamp": "2025-10-30T23:52:55.503Z",
    "entry_count": 1
  },
  "data": [
    {
      "dso": "DSO::1220b1431ef217342db44d516bb9befde802be7d8899637d290895fa58880f19accc"
    }
  ]
}