{
  "metadata": {
    "template_id": "979ec710c3ae3a05cb44edf8461a9b4d7dd2053add95664f94fc89e5f18df80f:Splice.DecentralizedSynchronizer:MemberTraffic",
    "canonical_package": "3ca1343ab26b453d38c8adb70dca5f1ead8440c42b59b68f070786955cbf9ec1",
    "migration_id": 3,
    "record_time": "2025-10-30T21:00:00Z",
    "timestamp": "2025-10-30T23:52:55.503Z",
    "entry_count": 97
  },
  "data": [
    {
      "dso": "DSO::1220b1431ef217342db44d516bb9befde802be7d8899637d290895fa58880f19accc",
      "memberId": "PAR::validator-texturecapital-prod::12206f711aa1c1017053f53a069279518584074c0b0348f522b020d1fcc311e01988",
      "synchronizerId": "global-domain::1220b1431ef217342db44d516bb9befde802be7d8899637d290895fa58880f19accc",
      "migrationId": "2",
      "totalPurchased": "1999800",
      "numPurchases": "1",
      "amuletSpent": "6667.3332000000",
      "usdSpent": "33.3366660000"
    },
    {
      "dso": "DSO::1220b1431ef217342db44d516bb9befde802be7d8899637d290895fa58880f19accc",
      "memberId": "PAR::lukka::1220728cfb80bd69d5c18bd2059a62afd4375c8585b0a379d1189813d5ea558573be",
      "synchronizerId": "global-domain::1220b1431ef217342db44d516bb9befde802be7d8899637d290895fa58880f19accc",
      "migrationId": "2",
      "totalPurchased": "1200000",
      "numPurchases": "1",
      "amuletSpent": "4000.8000000000",
      "usdSpent": "20.0040000000"
    },
    {
      "dso": "DSO::1220b1431ef217342db44d516bb9befde802be7d8899637d290895fa58880f19accc",
      "memberId": "PAR::lukka::1220728cfb80bd69d5c18bd2059a62afd4375c8585b0a379d1189813d5ea558573be",
      "synchronizerId": "global-domain::1220b1431ef217342db44d516bb9befde802be7d8899637d290895fa58880f19accc",
      "migrationId": "2",
      "totalPurchased": "1200000",
      "numPurchases": "1",
      "amuletSpent": "4000.8000000000",
      "usdSpent": "20.0040000000"
    },
    {
      "dso": "DSO::1220b1431ef217342db44d516bb9befde802be7d8899637d290895fa58880f19accc",
      "memberId": "PAR::lukka::1220728cfb80bd69d5c18bd2059a62afd4375c8585b0a379d1189813d5ea558573be",
      "synchronizerId": "global-domain::1220b1431ef217342db44d516bb9befde802be7d8899637d290895fa58880f19accc",
      "migrationId": "2",
      "totalPurchased": "1200000",
      "numPurchases": "1",
      "amuletSpent": "4000.8000000000",
      "usdSpent": "20.0040000000"
    },
    {
      "dso": "DSO::1220b1431ef217342db44d516bb9befde802be7d8899637d290895fa58880f19accc",
      "memberId": "PAR::lukka::1220728cfb80bd69d5c18bd2059a62afd4375c8585b0a379d1189813d5ea558573be",
      "synchronizerId": "global-domain::1220b1431ef217342db44d516bb9befde802be7d8899637d290895fa58880f19accc",
      "migrationId": "2",
      "totalPurchased": "1200000",
      "numPurchases": "1",
      "amuletSpent": "4000.8000000000",
      "usdSpent": "20.0040000000"
    },
    {
      "dso": "DSO::1220b1431ef217342db44d516bb9befde802be7d8899637d290895fa58880f19accc",
      "memberId": "PAR::lukka::1220728cfb80bd69d5c18bd2059a62afd4375c8585b0a379d1189813d5ea558573be",
      "synchronizerId": "global-domain::1220b1431ef217342db44d516bb9befde802be7d8899637d290895fa58880f19accc",
      "migrationId": "2",
      "totalPurchased": "1200000",
      "numPurchases": "1",
      "amuletSpent": "4000.8000000000",
      "usdSpent": "20.0040000000"
    },
    {
      "dso": "DSO::1220b1431ef217342db44d516bb9befde802be7d8899637d290895fa58880f19accc",
      "memberId": "PAR::T-RIZE Group Mainnet Node::12206ab3bf15b14410220357d6a6375eb1015f2e7fade1deb449463c2f2a25304889",
      "synchronizerId": "global-domain::1220b1431ef217342db44d516bb9befde802be7d8899637d290895fa58880f19accc",
      "migrationId": "2",
      "totalPurchased": "1200000",
      "numPurchases": "1",
      "amuletSpent": "4000.8000000000",
      "usdSpent": "20.0040000000"
    },
    {
      "dso": "DSO::1220b1431ef217342db44d516bb9befde802be7d8899637d290895fa58880f19accc",
      "memberId": "PAR::T-RIZE Group Mainnet Node::12206ab3bf15b14410220357d6a6375eb1015f2e7fade1deb449463c2f2a25304889",
      "synchronizerId": "global-domain::1220b1431ef217342db44d516bb9befde802be7d8899637d290895fa58880f19accc",
      "migrationId": "2",
      "totalPurchased": "1200000",
      "numPurchases": "1",
      "amuletSpent": "4000.8000000000",
      "usdSpent": "20.0040000000"
    },
    {
      "dso": "DSO::1220b1431ef217342db44d516bb9befde802be7d8899637d290895fa58880f19accc",
      "memberId": "PAR::T-RIZE Group Mainnet Node::12206ab3bf15b14410220357d6a6375eb1015f2e7fade1deb449463c2f2a25304889",
      "synchronizerId": "global-domain::1220b1431ef217342db44d516bb9befde802be7d8899637d290895fa58880f19accc",
      "migrationId": "2",
      "totalPurchased": "1200000",
      "numPurchases": "1",
      "amuletSpent": "4000.8000000000",
      "usdSpent": "20.0040000000"
    },
    {
      "dso": "DSO::1220b1431ef217342db44d516bb9befde802be7d8899637d290895fa58880f19accc",
      "memberId": "PAR::T-RIZE Group Mainnet Node::12206ab3bf15b14410220357d6a6375eb1015f2e7fade1deb449463c2f2a25304889",
      "synchronizerId": "global-domain::1220b1431ef217342db44d516bb9befde802be7d8899637d290895fa58880f19accc",
      "migrationId": "2",
      "totalPurchased": "1200000",
      "numPurchases": "1",
      "amuletSpent": "4000.8000000000",
      "usdSpent": "20.0040000000"
    },
    {
      "dso": "DSO::1220b1431ef217342db44d516bb9befde802be7d8899637d290895fa58880f19accc",
      "memberId": "PAR::T-RIZE Group Mainnet Node::12206ab3bf15b14410220357d6a6375eb1015f2e7fade1deb449463c2f2a25304889",
      "synchronizerId": "global-domain::1220b1431ef217342db44d516bb9befde802be7d8899637d290895fa58880f19accc",
      "migrationId": "2",
      "totalPurchased": "1200000",
      "numPurchases": "1",
      "amuletSpent": "4000.8000000000",
      "usdSpent": "20.0040000000"
    },
    {
      "dso": "DSO::1220b1431ef217342db44d516bb9befde802be7d8899637d290895fa58880f19accc",
      "memberId": "PAR::PRIMROSE::1220f7ecd95d1f40ba91a3a8106348d280ad1250437fce34cafd4368246fae39c806",
      "synchronizerId": "global-domain::1220b1431ef217342db44d516bb9befde802be7d8899637d290895fa58880f19accc",
      "migrationId": "2",
      "totalPurchased": "7200000",
      "numPurchases": "6",
      "amuletSpent": "24004.8000000000",
      "usdSpent": "120.0240000000"
    },
    {
      "dso": "DSO::1220b1431ef217342db44d516bb9befde802be7d8899637d290895fa58880f19accc",
      "memberId": "PAR::QCP::12200e37ac6b165ebd4b09c4d74476234791031a6a92e1afe5a38ef3dc2b667a4948",
      "synchronizerId": "global-domain::1220b1431ef217342db44d516bb9befde802be7d8899637d290895fa58880f19accc",
      "migrationId": "2",
      "totalPurchased": "1200000",
      "numPurchases": "1",
      "amuletSpent": "4000.8000000000",
      "usdSpent": "20.0040000000"
    },
    {
      "dso": "DSO::1220b1431ef217342db44d516bb9befde802be7d8899637d290895fa58880f19accc",
      "memberId": "PAR::QCP::12200e37ac6b165ebd4b09c4d74476234791031a6a92e1afe5a38ef3dc2b667a4948",
      "synchronizerId": "global-domain::1220b1431ef217342db44d516bb9befde802be7d8899637d290895fa58880f19accc",
      "migrationId": "2",
      "totalPurchased": "1200000",
      "numPurchases": "1",
      "amuletSpent": "4000.8000000000",
      "usdSpent": "20.0040000000"
    },
    {
      "dso": "DSO::1220b1431ef217342db44d516bb9befde802be7d8899637d290895fa58880f19accc",
      "memberId": "PAR::QCP::12200e37ac6b165ebd4b09c4d74476234791031a6a92e1afe5a38ef3dc2b667a4948",
      "synchronizerId": "global-domain::1220b1431ef217342db44d516bb9befde802be7d8899637d290895fa58880f19accc",
      "migrationId": "2",
      "totalPurchased": "1200000",
      "numPurchases": "1",
      "amuletSpent": "4000.8000000000",
      "usdSpent": "20.0040000000"
    },
    {
      "dso": "DSO::1220b1431ef217342db44d516bb9befde802be7d8899637d290895fa58880f19accc",
      "memberId": "PAR::QCP::12200e37ac6b165ebd4b09c4d74476234791031a6a92e1afe5a38ef3dc2b667a4948",
      "synchronizerId": "global-domain::1220b1431ef217342db44d516bb9befde802be7d8899637d290895fa58880f19accc",
      "migrationId": "2",
      "totalPurchased": "1200000",
      "numPurchases": "1",
      "amuletSpent": "4000.8000000000",
      "usdSpent": "20.0040000000"
    },
    {
      "dso": "DSO::1220b1431ef217342db44d516bb9befde802be7d8899637d290895fa58880f19accc",
      "memberId": "PAR::QCP::12200e37ac6b165ebd4b09c4d74476234791031a6a92e1afe5a38ef3dc2b667a4948",
      "synchronizerId": "global-domain::1220b1431ef217342db44d516bb9befde802be7d8899637d290895fa58880f19accc",
      "migrationId": "2",
      "totalPurchased": "1200000",
      "numPurchases": "1",
      "amuletSpent": "4000.8000000000",
      "usdSpent": "20.0040000000"
    },
    {
      "dso": "DSO::1220b1431ef217342db44d516bb9befde802be7d8899637d290895fa58880f19accc",
      "memberId": "PAR::7Ridge-validator-3::12209dfc532c90df9ab10f4769eee7adc368e14be5b27254271908f942d387cb6de0",
      "synchronizerId": "global-domain::1220b1431ef217342db44d516bb9befde802be7d8899637d290895fa58880f19accc",
      "migrationId": "2",
      "totalPurchased": "540000",
      "numPurchases": "1",
      "amuletSpent": "1800.3600000000",
      "usdSpent": "9.0018000000"
    },
    {
      "dso": "DSO::1220b1431ef217342db44d516bb9befde802be7d8899637d290895fa58880f19accc",
      "memberId": "PAR::validator-xbto::12209b9741b4de98a57f93948b5f4a2911aa13a789b822eb215ef4c4b54060b0e0d3",
      "synchronizerId": "global-domain::1220b1431ef217342db44d516bb9befde802be7d8899637d290895fa58880f19accc",
      "migrationId": "2",
      "totalPurchased": "1999800",
      "numPurchases": "1",
      "amuletSpent": "6667.3332000000",
      "usdSpent": "33.3366660000"
    },
    {
      "dso": "DSO::1220b1431ef217342db44d516bb9befde802be7d8899637d290895fa58880f19accc",
      "memberId": "PAR::validator-flowdesk::122035370714262d9fc379fe8725562b12812a2a23dcb7029e2e2ab5c1ae79369099",
      "synchronizerId": "global-domain::1220b1431ef217342db44d516bb9befde802be7d8899637d290895fa58880f19accc",
      "migrationId": "2",
      "totalPurchased": "1999800",
      "numPurchases": "1",
      "amuletSpent": "6667.3332000000",
      "usdSpent": "33.3366660000"
    },
    {
      "dso": "DSO::1220b1431ef217342db44d516bb9befde802be7d8899637d290895fa58880f19accc",
      "memberId": "PAR::lukka-prod-1::1220728cfb80bd69d5c18bd2059a62afd4375c8585b0a379d1189813d5ea558573be",
      "synchronizerId": "global-domain::1220b1431ef217342db44d516bb9befde802be7d8899637d290895fa58880f19accc",
      "migrationId": "2",
      "totalPurchased": "1200000",
      "numPurchases": "1",
      "amuletSpent": "4000.8000000000",
      "usdSpent": "20.0040000000"
    },
    {
      "dso": "DSO::1220b1431ef217342db44d516bb9befde802be7d8899637d290895fa58880f19accc",
      "memberId": "PAR::C7-validator-2::122053d11f5ea3a292d7b2e330add4ac3401f291e7b8cc85eaa2806c03e3656eb988",
      "synchronizerId": "global-domain::1220b1431ef217342db44d516bb9befde802be7d8899637d290895fa58880f19accc",
      "migrationId": "2",
      "totalPurchased": "1200000",
      "numPurchases": "1",
      "amuletSpent": "4000.8000000000",
      "usdSpent": "20.0040000000"
    },
    {
      "dso": "DSO::1220b1431ef217342db44d516bb9befde802be7d8899637d290895fa58880f19accc",
      "memberId": "PAR::C7-validator-1::1220597867c9c8594630ce44b8b28fa603061c554b65cfc1a17ed74b2f62d0651402",
      "synchronizerId": "global-domain::1220b1431ef217342db44d516bb9befde802be7d8899637d290895fa58880f19accc",
      "migrationId": "2",
      "totalPurchased": "1200000",
      "numPurchases": "1",
      "amuletSpent": "4000.8000000000",
      "usdSpent": "20.0040000000"
    },
    {
      "dso": "DSO::1220b1431ef217342db44d516bb9befde802be7d8899637d290895fa58880f19accc",
      "memberId": "PAR::fivenorth-mainnet1-1::12208a2c7404062865085b75b9e8a3cbca56f272c0103bc55b0e65ca7c2dd855294a",
      "synchronizerId": "global-domain::1220b1431ef217342db44d516bb9befde802be7d8899637d290895fa58880f19accc",
      "migrationId": "2",
      "totalPurchased": "1200000",
      "numPurchases": "1",
      "amuletSpent": "14400.0000000000",
      "usdSpent": "72.0000000000"
    },
    {
      "dso": "DSO::1220b1431ef217342db44d516bb9befde802be7d8899637d290895fa58880f19accc",
      "memberId": "PAR::fivenorth-mainnet-2::12207ebc4da4e824f5249a17b6559a9e7d3817d45bcde71c871c10a34d9ac9e8b9ba",
      "synchronizerId": "global-domain::1220b1431ef217342db44d516bb9befde802be7d8899637d290895fa58880f19accc",
      "migrationId": "2",
      "totalPurchased": "1200000",
      "numPurchases": "1",
      "amuletSpent": "14400.0000000000",
      "usdSpent": "72.0000000000"
    },
    {
      "dso": "DSO::1220b1431ef217342db44d516bb9befde802be7d8899637d290895fa58880f19accc",
      "memberId": "PAR::sekoyalabs-mainnet-1::12208287f2b9baebe6499af23d60481a6b91a2edf587f0203e68b8706348cc8776cb",
      "synchronizerId": "global-domain::1220b1431ef217342db44d516bb9befde802be7d8899637d290895fa58880f19accc",
      "migrationId": "2",
      "totalPurchased": "1200000",
      "numPurchases": "1",
      "amuletSpent": "14400.0000000000",
      "usdSpent": "72.0000000000"
    },
    {
      "dso": "DSO::1220b1431ef217342db44d516bb9befde802be7d8899637d290895fa58880f19accc",
      "memberId": "PAR::Quantstamp-validator-1::1220acba2f1ab44b954a6de966678d7cc069e66a3986e4b5f4af29a6445c208f8fb1",
      "synchronizerId": "global-domain::1220b1431ef217342db44d516bb9befde802be7d8899637d290895fa58880f19accc",
      "migrationId": "2",
      "totalPurchased": "1999800",
      "numPurchases": "1",
      "amuletSpent": "23997.6000000000",
      "usdSpent": "119.9880000000"
    },
    {
      "dso": "DSO::1220b1431ef217342db44d516bb9befde802be7d8899637d290895fa58880f19accc",
      "memberId": "PAR::kaiko-mywallet-1::1220d1ae239b946e950fd67bf2f95d4a73825cb5f9399e899861a43c281f3e0fe3fd",
      "synchronizerId": "global-domain::1220b1431ef217342db44d516bb9befde802be7d8899637d290895fa58880f19accc",
      "migrationId": "2",
      "totalPurchased": "1200000",
      "numPurchases": "1",
      "amuletSpent": "14400.0000000000",
      "usdSpent": "72.0000000000"
    },
    {
      "dso": "DSO::1220b1431ef217342db44d516bb9befde802be7d8899637d290895fa58880f19accc",
      "memberId": "PAR::C7-validator-2::12203a375865466efa9bb100e8ee4cf75d8fa73f4c889747e7442653c594245bdfdb",
      "synchronizerId": "global-domain::1220b1431ef217342db44d516bb9befde802be7d8899637d290895fa58880f19accc",
      "migrationId": "2",
      "totalPurchased": "1999800",
      "numPurchases": "1",
      "amuletSpent": "23997.6000000000",
      "usdSpent": "119.9880000000"
    },
    {
      "dso": "DSO::1220b1431ef217342db44d516bb9befde802be7d8899637d290895fa58880f19accc",
      "memberId": "PAR::xlabs-mainnetval-1::12201fac8102e71a098025e4e3d01913561278d5c509134ac14c805daa4eb6711633",
      "synchronizerId": "global-domain::1220b1431ef217342db44d516bb9befde802be7d8899637d290895fa58880f19accc",
      "migrationId": "2",
      "totalPurchased": "1200000",
      "numPurchases": "1",
      "amuletSpent": "14400.0000000000",
      "usdSpent": "72.0000000000"
    },
    {
      "dso": "DSO::1220b1431ef217342db44d516bb9befde802be7d8899637d290895fa58880f19accc",
      "memberId": "PAR::validator-elliptic::12205ddf609265d68ee694480f86331de14766bdac30800d04e491b93aca1a81d629",
      "synchronizerId": "global-domain::1220b1431ef217342db44d516bb9befde802be7d8899637d290895fa58880f19accc",
      "migrationId": "2",
      "totalPurchased": "1999800",
      "numPurchases": "1",
      "amuletSpent": "23997.6000000000",
      "usdSpent": "119.9880000000"
    },
    {
      "dso": "DSO::1220b1431ef217342db44d516bb9befde802be7d8899637d290895fa58880f19accc",
      "memberId": "PAR::sekoyalabs-mainnet-1::12208287f2b9baebe6499af23d60481a6b91a2edf587f0203e68b8706348cc8776cb",
      "synchronizerId": "global-domain::1220b1431ef217342db44d516bb9befde802be7d8899637d290895fa58880f19accc",
      "migrationId": "2",
      "totalPurchased": "1999800",
      "numPurchases": "1",
      "amuletSpent": "23997.6000000000",
      "usdSpent": "119.9880000000"
    },
    {
      "dso": "DSO::1220b1431ef217342db44d516bb9befde802be7d8899637d290895fa58880f19accc",
      "memberId": "PAR::fivenorth-mainnet-2::12207ebc4da4e824f5249a17b6559a9e7d3817d45bcde71c871c10a34d9ac9e8b9ba",
      "synchronizerId": "global-domain::1220b1431ef217342db44d516bb9befde802be7d8899637d290895fa58880f19accc",
      "migrationId": "2",
      "totalPurchased": "1200000",
      "numPurchases": "1",
      "amuletSpent": "14400.0000000000",
      "usdSpent": "72.0000000000"
    },
    {
      "dso": "DSO::1220b1431ef217342db44d516bb9befde802be7d8899637d290895fa58880f19accc",
      "memberId": "PAR::fivenorth-mainnet-2::12207ebc4da4e824f5249a17b6559a9e7d3817d45bcde71c871c10a34d9ac9e8b9ba",
      "synchronizerId": "global-domain::1220b1431ef217342db44d516bb9befde802be7d8899637d290895fa58880f19accc",
      "migrationId": "2",
      "totalPurchased": "1200000",
      "numPurchases": "1",
      "amuletSpent": "14400.0000000000",
      "usdSpent": "72.0000000000"
    },
    {
      "dso": "DSO::1220b1431ef217342db44d516bb9befde802be7d8899637d290895fa58880f19accc",
      "memberId": "PAR::Broadridge::1220fb5d230808f7caabd740d797daabfc31c7418180e2b1fd2365658f3220edf818",
      "synchronizerId": "global-domain::1220b1431ef217342db44d516bb9befde802be7d8899637d290895fa58880f19accc",
      "migrationId": "2",
      "totalPurchased": "1999800",
      "numPurchases": "1",
      "amuletSpent": "23997.6000000000",
      "usdSpent": "119.9880000000"
    },
    {
      "dso": "DSO::1220b1431ef217342db44d516bb9befde802be7d8899637d290895fa58880f19accc",
      "memberId": "PAR::C7-validator-3::1220ca168958529dc032ac158d755d0b1af273c64b197a501df8d52d9b59b7302cb6",
      "synchronizerId": "global-domain::1220b1431ef217342db44d516bb9befde802be7d8899637d290895fa58880f19accc",
      "migrationId": "2",
      "totalPurchased": "7619631",
      "numPurchases": "6",
      "amuletSpent": "23309.0858181818",
      "usdSpent": "405.1818600000"
    },
    {
      "dso": "DSO::1220b1431ef217342db44d516bb9befde802be7d8899637d290895fa58880f19accc",
      "memberId": "PAR::C7-validator-3::1220ca168958529dc032ac158d755d0b1af273c64b197a501df8d52d9b59b7302cb6",
      "synchronizerId": "global-domain::1220b1431ef217342db44d516bb9befde802be7d8899637d290895fa58880f19accc",
      "migrationId": "2",
      "totalPurchased": "1200000",
      "numPurchases": "1",
      "amuletSpent": "2618.1818181818",
      "usdSpent": "72.0000000000"
    },
    {
      "dso": "DSO::1220b1431ef217342db44d516bb9befde802be7d8899637d290895fa58880f19accc",
      "memberId": "PAR::C7-validator-3::1220ca168958529dc032ac158d755d0b1af273c64b197a501df8d52d9b59b7302cb6",
      "synchronizerId": "global-domain::1220b1431ef217342db44d516bb9befde802be7d8899637d290895fa58880f19accc",
      "migrationId": "2",
      "totalPurchased": "1200000",
      "numPurchases": "1",
      "amuletSpent": "2618.1818181818",
      "usdSpent": "72.0000000000"
    },
    {
      "dso": "DSO::1220b1431ef217342db44d516bb9befde802be7d8899637d290895fa58880f19accc",
      "memberId": "PAR::C7-validator-3::1220ca168958529dc032ac158d755d0b1af273c64b197a501df8d52d9b59b7302cb6",
      "synchronizerId": "global-domain::1220b1431ef217342db44d516bb9befde802be7d8899637d290895fa58880f19accc",
      "migrationId": "2",
      "totalPurchased": "1200000",
      "numPurchases": "1",
      "amuletSpent": "2618.1818181818",
      "usdSpent": "72.0000000000"
    },
    {
      "dso": "DSO::1220b1431ef217342db44d516bb9befde802be7d8899637d290895fa58880f19accc",
      "memberId": "PAR::C7-validator-2::122053d11f5ea3a292d7b2e330add4ac3401f291e7b8cc85eaa2806c03e3656eb988",
      "synchronizerId": "global-domain::1220b1431ef217342db44d516bb9befde802be7d8899637d290895fa58880f19accc",
      "migrationId": "2",
      "totalPurchased": "1200000",
      "numPurchases": "1",
      "amuletSpent": "2618.1818181818",
      "usdSpent": "72.0000000000"
    },
    {
      "dso": "DSO::1220b1431ef217342db44d516bb9befde802be7d8899637d290895fa58880f19accc",
      "memberId": "PAR::dfns1::122035d991d57991b9ef733ac4fb475de6257f17b20254a2f3f17c5b12322ed4174c",
      "synchronizerId": "global-domain::1220b1431ef217342db44d516bb9befde802be7d8899637d290895fa58880f19accc",
      "migrationId": "2",
      "totalPurchased": "1200000",
      "numPurchases": "1",
      "amuletSpent": "1440.0000000000",
      "usdSpent": "72.0000000000"
    },
    {
      "dso": "DSO::1220b1431ef217342db44d516bb9befde802be7d8899637d290895fa58880f19accc",
      "memberId": "PAR::GSF-validator-2::12201c4c018a45afb3b6a099a99138bf87c6907b469fd2fefd755c73694bba21237d",
      "synchronizerId": "global-domain::1220b1431ef217342db44d516bb9befde802be7d8899637d290895fa58880f19accc",
      "migrationId": "2",
      "totalPurchased": "1200000",
      "numPurchases": "1",
      "amuletSpent": "1440.0000000000",
      "usdSpent": "72.0000000000"
    },
    {
      "dso": "DSO::1220b1431ef217342db44d516bb9befde802be7d8899637d290895fa58880f19accc",
      "memberId": "PAR::tw-3trade-mainnet-participant-1::1220ef5381d9547718c950ad17caeb79372f06fac7b1ea99a80c7db30f9886f74bad",
      "synchronizerId": "global-domain::1220b1431ef217342db44d516bb9befde802be7d8899637d290895fa58880f19accc",
      "migrationId": "2",
      "totalPurchased": "1999800",
      "numPurchases": "1",
      "amuletSpent": "2399.7600000000",
      "usdSpent": "119.9880000000"
    },
    {
      "dso": "DSO::1220b1431ef217342db44d516bb9befde802be7d8899637d290895fa58880f19accc",
      "memberId": "PAR::castleisland-prod1::1220af4ba486da9949cf0404964707ddcfa51fd8e1640fdb0713709c142e2c1424d1",
      "synchronizerId": "global-domain::1220b1431ef217342db44d516bb9befde802be7d8899637d290895fa58880f19accc",
      "migrationId": "2",
      "totalPurchased": "500000",
      "numPurchases": "1",
      "amuletSpent": "600.0000000000",
      "usdSpent": "30.0000000000"
    },
    {
      "dso": "DSO::1220b1431ef217342db44d516bb9befde802be7d8899637d290895fa58880f19accc",
      "memberId": "PAR::ObsidianSystems-validator-1::1220f8a24f975dc3d070e3111279bc2bf2d713a77c5570cbdd2064acb6a4d8d6feea",
      "synchronizerId": "global-domain::1220b1431ef217342db44d516bb9befde802be7d8899637d290895fa58880f19accc",
      "migrationId": "2",
      "totalPurchased": "1999800",
      "numPurchases": "1",
      "amuletSpent": "2399.7600000000",
      "usdSpent": "119.9880000000"
    },
    {
      "dso": "DSO::1220b1431ef217342db44d516bb9befde802be7d8899637d290895fa58880f19accc",
      "memberId": "PAR::nuveaux-prod1::1220f9afebd9c8fdb40377bd4bdf6c1ed553a89346ca790d1a384d2028daf57a1042",
      "synchronizerId": "global-domain::1220b1431ef217342db44d516bb9befde802be7d8899637d290895fa58880f19accc",
      "migrationId": "2",
      "totalPurchased": "500000",
      "numPurchases": "1",
      "amuletSpent": "600.0000000000",
      "usdSpent": "30.0000000000"
    },
    {
      "dso": "DSO::1220b1431ef217342db44d516bb9befde802be7d8899637d290895fa58880f19accc",
      "memberId": "PAR::arrington-prod1::1220bf07f7d341f754603520ff96ace6c2b39c019fd22700e253468f6cf2c3e4655b",
      "synchronizerId": "global-domain::1220b1431ef217342db44d516bb9befde802be7d8899637d290895fa58880f19accc",
      "migrationId": "2",
      "totalPurchased": "500000",
      "numPurchases": "1",
      "amuletSpent": "600.0000000000",
      "usdSpent": "30.0000000000"
    },
    {
      "dso": "DSO::1220b1431ef217342db44d516bb9befde802be7d8899637d290895fa58880f19accc",
      "memberId": "PAR::angelhack-mainnet-1::12205162445638c3f71c9942b74360134b4ebc953b5bea2c25adc99bff130bffd060",
      "synchronizerId": "global-domain::1220b1431ef217342db44d516bb9befde802be7d8899637d290895fa58880f19accc",
      "migrationId": "2",
      "totalPurchased": "1200000",
      "numPurchases": "1",
      "amuletSpent": "1440.0000000000",
      "usdSpent": "72.0000000000"
    },
    {
      "dso": "DSO::1220b1431ef217342db44d516bb9befde802be7d8899637d290895fa58880f19accc",
      "memberId": "PAR::iBTC-validator-1::1220409a9fcc5ff6422e29ab978c22c004dde33202546b4bcbde24b25b85353366c2",
      "synchronizerId": "global-domain::1220b1431ef217342db44d516bb9befde802be7d8899637d290895fa58880f19accc",
      "migrationId": "2",
      "totalPurchased": "1999800",
      "numPurchases": "1",
      "amuletSpent": "2399.7600000000",
      "usdSpent": "119.9880000000"
    },
    {
      "dso": "DSO::1220b1431ef217342db44d516bb9befde802be7d8899637d290895fa58880f19accc",
      "memberId": "PAR::GSR-validator::1220b7cf823540407527405845a724a7624c3a5ffc5077a83bce5669b8df29588fe5",
      "synchronizerId": "global-domain::1220b1431ef217342db44d516bb9befde802be7d8899637d290895fa58880f19accc",
      "migrationId": "2",
      "totalPurchased": "1999800",
      "numPurchases": "1",
      "amuletSpent": "2399.7600000000",
      "usdSpent": "119.9880000000"
    },
    {
      "dso": "DSO::1220b1431ef217342db44d516bb9befde802be7d8899637d290895fa58880f19accc",
      "memberId": "PAR::Cumberland-Home-1::122000def006910efca51e4bcf35d0c05b12c4871112bab3716d3e2d62e14fe85689",
      "synchronizerId": "global-domain::1220b1431ef217342db44d516bb9befde802be7d8899637d290895fa58880f19accc",
      "migrationId": "2",
      "totalPurchased": "1999800",
      "numPurchases": "1",
      "amuletSpent": "2399.7600000000",
      "usdSpent": "119.9880000000"
    },
    {
      "dso": "DSO::1220b1431ef217342db44d516bb9befde802be7d8899637d290895fa58880f19accc",
      "memberId": "PAR::C7-validator-3::1220074fc550e1a7e89eee0cf0dd4435b562d3ff35373345ef91f57abe26c48716a6",
      "synchronizerId": "global-domain::1220b1431ef217342db44d516bb9befde802be7d8899637d290895fa58880f19accc",
      "migrationId": "2",
      "totalPurchased": "500000",
      "numPurchases": "1",
      "amuletSpent": "600.0000000000",
      "usdSpent": "30.0000000000"
    },
    {
      "dso": "DSO::1220b1431ef217342db44d516bb9befde802be7d8899637d290895fa58880f19accc",
      "memberId": "PAR::validator-coinmetrics::1220b6cf34a2c8937dc72403e7a8b57c80049be8aff3e5e2d992063460bdc8636466",
      "synchronizerId": "global-domain::1220b1431ef217342db44d516bb9befde802be7d8899637d290895fa58880f19accc",
      "migrationId": "2",
      "totalPurchased": "1999800",
      "numPurchases": "1",
      "amuletSpent": "2399.7600000000",
      "usdSpent": "119.9880000000"
    },
    {
      "dso": "DSO::1220b1431ef217342db44d516bb9befde802be7d8899637d290895fa58880f19accc",
      "memberId": "PAR::cohen-prod1::12202720a37a100708470d6623ee4001672eec114cfca39b18ce3f6d91643496fab5",
      "synchronizerId": "global-domain::1220b1431ef217342db44d516bb9befde802be7d8899637d290895fa58880f19accc",
      "migrationId": "2",
      "totalPurchased": "500000",
      "numPurchases": "1",
      "amuletSpent": "600.0000000000",
      "usdSpent": "30.0000000000"
    },
    {
      "dso": "DSO::1220b1431ef217342db44d516bb9befde802be7d8899637d290895fa58880f19accc",
      "memberId": "PAR::rwaxyz-validator-1::1220d3550e89fd8d3b67566e1fd57d2cb02eff78ec42c598feaffb5ffb8eedc0ad18",
      "synchronizerId": "global-domain::1220b1431ef217342db44d516bb9befde802be7d8899637d290895fa58880f19accc",
      "migrationId": "2",
      "totalPurchased": "1200000",
      "numPurchases": "1",
      "amuletSpent": "1440.0000000000",
      "usdSpent": "72.0000000000"
    },
    {
      "dso": "DSO::1220b1431ef217342db44d516bb9befde802be7d8899637d290895fa58880f19accc",
      "memberId": "PAR::validator-mainnet::12209d457bab21f1ce3d52f979cdf021c2990cb74cf01ef2dcf41bf87a79ddaf3ba8",
      "synchronizerId": "global-domain::1220b1431ef217342db44d516bb9befde802be7d8899637d290895fa58880f19accc",
      "migrationId": "2",
      "totalPurchased": "1999800",
      "numPurchases": "1",
      "amuletSpent": "2399.7600000000",
      "usdSpent": "119.9880000000"
    },
    {
      "dso": "DSO::1220b1431ef217342db44d516bb9befde802be7d8899637d290895fa58880f19accc",
      "memberId": "PAR::flipside-prod1::1220bf4169a874284cb202f33426a8cb0ef2cd6c506ece144d3b3bacae773bf479c0",
      "synchronizerId": "global-domain::1220b1431ef217342db44d516bb9befde802be7d8899637d290895fa58880f19accc",
      "migrationId": "2",
      "totalPurchased": "500000",
      "numPurchases": "1",
      "amuletSpent": "600.0000000000",
      "usdSpent": "30.0000000000"
    },
    {
      "dso": "DSO::1220b1431ef217342db44d516bb9befde802be7d8899637d290895fa58880f19accc",
      "memberId": "PAR::validator-witangroup::12209cd1d7513aa3eec2e365a7f7bec2222f7948dd3241ba5a783c81454aa0e127dd",
      "synchronizerId": "global-domain::1220b1431ef217342db44d516bb9befde802be7d8899637d290895fa58880f19accc",
      "migrationId": "2",
      "totalPurchased": "1999800",
      "numPurchases": "1",
      "amuletSpent": "2399.7600000000",
      "usdSpent": "119.9880000000"
    },
    {
      "dso": "DSO::1220b1431ef217342db44d516bb9befde802be7d8899637d290895fa58880f19accc",
      "memberId": "PAR::validator-mainnet2::1220ed9c3e19a5e738d665b3428c83ee5bda6e7475cb62375d48c4552755cb9ab4b6",
      "synchronizerId": "global-domain::1220b1431ef217342db44d516bb9befde802be7d8899637d290895fa58880f19accc",
      "migrationId": "2",
      "totalPurchased": "1999800",
      "numPurchases": "1",
      "amuletSpent": "2399.7600000000",
      "usdSpent": "119.9880000000"
    },
    {
      "dso": "DSO::1220b1431ef217342db44d516bb9befde802be7d8899637d290895fa58880f19accc",
      "memberId": "PAR::validator-mainnet3::12201ee3da1c10a0b6ca16692ebe08801476ae2a903435e1719435cbe466e72bbd26",
      "synchronizerId": "global-domain::1220b1431ef217342db44d516bb9befde802be7d8899637d290895fa58880f19accc",
      "migrationId": "2",
      "totalPurchased": "1999800",
      "numPurchases": "1",
      "amuletSpent": "2399.7600000000",
      "usdSpent": "119.9880000000"
    },
    {
      "dso": "DSO::1220b1431ef217342db44d516bb9befde802be7d8899637d290895fa58880f19accc",
      "memberId": "PAR::Fairmint-validator-1::122047f456985651be8ea317881a9af4f04521417ce1a449b75543541acf33aac4d2",
      "synchronizerId": "global-domain::1220b1431ef217342db44d516bb9befde802be7d8899637d290895fa58880f19accc",
      "migrationId": "2",
      "totalPurchased": "1999800",
      "numPurchases": "1",
      "amuletSpent": "2399.7600000000",
      "usdSpent": "119.9880000000"
    },
    {
      "dso": "DSO::1220b1431ef217342db44d516bb9befde802be7d8899637d290895fa58880f19accc",
      "memberId": "PAR::validator-artichokecapital::12207fbbcc62dff0ef17967a62ea7d1397fa5cdd396f9ed0adf0860459900983d6c7",
      "synchronizerId": "global-domain::1220b1431ef217342db44d516bb9befde802be7d8899637d290895fa58880f19accc",
      "migrationId": "2",
      "totalPurchased": "1999800",
      "numPurchases": "1",
      "amuletSpent": "2399.7600000000",
      "usdSpent": "119.9880000000"
    },
    {
      "dso": "DSO::1220b1431ef217342db44d516bb9befde802be7d8899637d290895fa58880f19accc",
      "memberId": "PAR::kaiko-mainnet-1::1220f67b4f1c8742d83ac7e12749d98195bf88ff120b2dab369291cf6a2ca27be9a9",
      "synchronizerId": "global-domain::1220b1431ef217342db44d516bb9befde802be7d8899637d290895fa58880f19accc",
      "migrationId": "2",
      "totalPurchased": "1200000",
      "numPurchases": "1",
      "amuletSpent": "1440.0000000000",
      "usdSpent": "72.0000000000"
    },
    {
      "dso": "DSO::1220b1431ef217342db44d516bb9befde802be7d8899637d290895fa58880f19accc",
      "memberId": "PAR::Equitize-validator-1::1220fc3066ad2e542892d5c33c058a174387ca503f53a75dedebe543fbb1db7e17e8",
      "synchronizerId": "global-domain::1220b1431ef217342db44d516bb9befde802be7d8899637d290895fa58880f19accc",
      "migrationId": "2",
      "totalPurchased": "1999800",
      "numPurchases": "1",
      "amuletSpent": "2399.7600000000",
      "usdSpent": "119.9880000000"
    },
    {
      "dso": "DSO::1220b1431ef217342db44d516bb9befde802be7d8899637d290895fa58880f19accc",
      "memberId": "PAR::Lab6174-Validator-1::1220f4434e83caa99c74990eae8a4ad80f7b667959217524c12d2a8c3f422f0878fc",
      "synchronizerId": "global-domain::1220b1431ef217342db44d516bb9befde802be7d8899637d290895fa58880f19accc",
      "migrationId": "2",
      "totalPurchased": "1200000",
      "numPurchases": "1",
      "amuletSpent": "1440.0000000000",
      "usdSpent": "72.0000000000"
    },
    {
      "dso": "DSO::1220b1431ef217342db44d516bb9befde802be7d8899637d290895fa58880f19accc",
      "memberId": "PAR::northisland-prod1::12204ef1928f254a5ed4b5714c304e93956e7a2eed6c93af0f7bfdcb048696dd9484",
      "synchronizerId": "global-domain::1220b1431ef217342db44d516bb9befde802be7d8899637d290895fa58880f19accc",
      "migrationId": "2",
      "totalPurchased": "500000",
      "numPurchases": "1",
      "amuletSpent": "600.0000000000",
      "usdSpent": "30.0000000000"
    },
    {
      "dso": "DSO::1220b1431ef217342db44d516bb9befde802be7d8899637d290895fa58880f19accc",
      "memberId": "PAR::prometheus-validator-1::1220547efb49bf5c371b68aaed9a9089d69761dd3a4ff5b08d2b49673170e1efdeb3",
      "synchronizerId": "global-domain::1220b1431ef217342db44d516bb9befde802be7d8899637d290895fa58880f19accc",
      "migrationId": "2",
      "totalPurchased": "1200000",
      "numPurchases": "1",
      "amuletSpent": "1440.0000000000",
      "usdSpent": "72.0000000000"
    },
    {
      "dso": "DSO::1220b1431ef217342db44d516bb9befde802be7d8899637d290895fa58880f19accc",
      "memberId": "PAR::Moonshot-validator-1::1220b7e2287755bb3f9140dc7fe5614fd18f7ae19906cc5e769e680ef19550df13a3",
      "synchronizerId": "global-domain::1220b1431ef217342db44d516bb9befde802be7d8899637d290895fa58880f19accc",
      "migrationId": "2",
      "totalPurchased": "1999800",
      "numPurchases": "1",
      "amuletSpent": "2399.7600000000",
      "usdSpent": "119.9880000000"
    },
    {
      "dso": "DSO::1220b1431ef217342db44d516bb9befde802be7d8899637d290895fa58880f19accc",
      "memberId": "PAR::magna-prod1::122068e59cd46033f07efb08ef088592083f296fe7e1d8705fa22a1aad71525d3e45",
      "synchronizerId": "global-domain::1220b1431ef217342db44d516bb9befde802be7d8899637d290895fa58880f19accc",
      "migrationId": "2",
      "totalPurchased": "500000",
      "numPurchases": "1",
      "amuletSpent": "600.0000000000",
      "usdSpent": "30.0000000000"
    },
    {
      "dso": "DSO::1220b1431ef217342db44d516bb9befde802be7d8899637d290895fa58880f19accc",
      "memberId": "PAR::dvchain-prod1::122039b26ee5f6090bb54439d5a77b5e175da52f994f8f2261a4f2a6d17f67d778fa",
      "synchronizerId": "global-domain::1220b1431ef217342db44d516bb9befde802be7d8899637d290895fa58880f19accc",
      "migrationId": "2",
      "totalPurchased": "500000",
      "numPurchases": "1",
      "amuletSpent": "600.0000000000",
      "usdSpent": "30.0000000000"
    },
    {
      "dso": "DSO::1220b1431ef217342db44d516bb9befde802be7d8899637d290895fa58880f19accc",
      "memberId": "PAR::particula-mainnet-1::122013c4695b641d4a5f67321ed5611d7c3d58a7dd4901065dab02c0e15760a782f3",
      "synchronizerId": "global-domain::1220b1431ef217342db44d516bb9befde802be7d8899637d290895fa58880f19accc",
      "migrationId": "2",
      "totalPurchased": "1200000",
      "numPurchases": "1",
      "amuletSpent": "1440.0000000000",
      "usdSpent": "72.0000000000"
    },
    {
      "dso": "DSO::1220b1431ef217342db44d516bb9befde802be7d8899637d290895fa58880f19accc",
      "memberId": "PAR::IntellectEU-validator-2::1220e2a179be15928ce0b551c069faaa2b8e521fd9c601b59752b82842790695caa0",
      "synchronizerId": "global-domain::1220b1431ef217342db44d516bb9befde802be7d8899637d290895fa58880f19accc",
      "migrationId": "2",
      "totalPurchased": "1999800",
      "numPurchases": "1",
      "amuletSpent": "2399.7600000000",
      "usdSpent": "119.9880000000"
    },
    {
      "dso": "DSO::1220b1431ef217342db44d516bb9befde802be7d8899637d290895fa58880f19accc",
      "memberId": "PAR::IgorGusarov-myWallet-1::12201eff0a762b51ef3188e50ea8b34b65c135defff401e450a89b8b133812aa8f96",
      "synchronizerId": "global-domain::1220b1431ef217342db44d516bb9befde802be7d8899637d290895fa58880f19accc",
      "migrationId": "2",
      "totalPurchased": "1200000",
      "numPurchases": "1",
      "amuletSpent": "1440.0000000000",
      "usdSpent": "72.0000000000"
    },
    {
      "dso": "DSO::1220b1431ef217342db44d516bb9befde802be7d8899637d290895fa58880f19accc",
      "memberId": "PAR::checker-prod1::12200a156c57a5ca69ccd8adb93840703ae8df14081b9c936219a3e3f9835a9bd90f",
      "synchronizerId": "global-domain::1220b1431ef217342db44d516bb9befde802be7d8899637d290895fa58880f19accc",
      "migrationId": "2",
      "totalPurchased": "500000",
      "numPurchases": "1",
      "amuletSpent": "600.0000000000",
      "usdSpent": "30.0000000000"
    },
    {
      "dso": "DSO::1220b1431ef217342db44d516bb9befde802be7d8899637d290895fa58880f19accc",
      "memberId": "PAR::M1-validator-1::12207b40944692e083593819697e1cd87a94026afca2564253d16ff8696b233a6637",
      "synchronizerId": "global-domain::1220b1431ef217342db44d516bb9befde802be7d8899637d290895fa58880f19accc",
      "migrationId": "2",
      "totalPurchased": "1999800",
      "numPurchases": "1",
      "amuletSpent": "2399.7600000000",
      "usdSpent": "119.9880000000"
    },
    {
      "dso": "DSO::1220b1431ef217342db44d516bb9befde802be7d8899637d290895fa58880f19accc",
      "memberId": "PAR::Thetanuts-Options-1::1220df09409bfe8d1008ec023c19415a2afb89c56476bd0467d4f76864592cf53341",
      "synchronizerId": "global-domain::1220b1431ef217342db44d516bb9befde802be7d8899637d290895fa58880f19accc",
      "migrationId": "2",
      "totalPurchased": "1200000",
      "numPurchases": "1",
      "amuletSpent": "1440.0000000000",
      "usdSpent": "72.0000000000"
    },
    {
      "dso": "DSO::1220b1431ef217342db44d516bb9befde802be7d8899637d290895fa58880f19accc",
      "memberId": "PAR::C7-validator-3::1220074fc550e1a7e89eee0cf0dd4435b562d3ff35373345ef91f57abe26c48716a6",
      "synchronizerId": "global-domain::1220b1431ef217342db44d516bb9befde802be7d8899637d290895fa58880f19accc",
      "migrationId": "2",
      "totalPurchased": "1999800",
      "numPurchases": "1",
      "amuletSpent": "2399.7600000000",
      "usdSpent": "119.9880000000"
    },
    {
      "dso": "DSO::1220b1431ef217342db44d516bb9befde802be7d8899637d290895fa58880f19accc",
      "memberId": "PAR::opensystems-prod1::1220268642c1b24023fa26727f4c490d4cf3ea3ca2e89874247a1fa5994da692f67d",
      "synchronizerId": "global-domain::1220b1431ef217342db44d516bb9befde802be7d8899637d290895fa58880f19accc",
      "migrationId": "2",
      "totalPurchased": "500000",
      "numPurchases": "1",
      "amuletSpent": "600.0000000000",
      "usdSpent": "30.0000000000"
    },
    {
      "dso": "DSO::1220b1431ef217342db44d516bb9befde802be7d8899637d290895fa58880f19accc",
      "memberId": "PAR::IPBlock-validator-1_1::1220e655341f4512555d89c14cf52c80a029b57e19d30d80721b4aae5b0a053ab397",
      "synchronizerId": "global-domain::1220b1431ef217342db44d516bb9befde802be7d8899637d290895fa58880f19accc",
      "migrationId": "2",
      "totalPurchased": "1200000",
      "numPurchases": "1",
      "amuletSpent": "1440.0000000000",
      "usdSpent": "72.0000000000"
    },
    {
      "dso": "DSO::1220b1431ef217342db44d516bb9befde802be7d8899637d290895fa58880f19accc",
      "memberId": "PAR::validator-lagodivilla::12205349631338198ec48c090ee0037fbdb411178f0c352fcf90cc901db450e52c00",
      "synchronizerId": "global-domain::1220b1431ef217342db44d516bb9befde802be7d8899637d290895fa58880f19accc",
      "migrationId": "2",
      "totalPurchased": "1999800",
      "numPurchases": "1",
      "amuletSpent": "2399.7600000000",
      "usdSpent": "119.9880000000"
    },
    {
      "dso": "DSO::1220b1431ef217342db44d516bb9befde802be7d8899637d290895fa58880f19accc",
      "memberId": "PAR::validator-moatcapital::122052434629725d803d7f701527edae4d338b8b501be4de4f32417c45414aea4d14",
      "synchronizerId": "global-domain::1220b1431ef217342db44d516bb9befde802be7d8899637d290895fa58880f19accc",
      "migrationId": "2",
      "totalPurchased": "1999800",
      "numPurchases": "1",
      "amuletSpent": "2399.7600000000",
      "usdSpent": "119.9880000000"
    },
    {
      "dso": "DSO::1220b1431ef217342db44d516bb9befde802be7d8899637d290895fa58880f19accc",
      "memberId": "PAR::validator-cohenconsulting::1220a80000f65ba85bff1e1b3c08ae45d0c4ee271285fb57627f89c505c9fd992fc2",
      "synchronizerId": "global-domain::1220b1431ef217342db44d516bb9befde802be7d8899637d290895fa58880f19accc",
      "migrationId": "2",
      "totalPurchased": "1999800",
      "numPurchases": "1",
      "amuletSpent": "2399.7600000000",
      "usdSpent": "119.9880000000"
    },
    {
      "dso": "DSO::1220b1431ef217342db44d516bb9befde802be7d8899637d290895fa58880f19accc",
      "memberId": "PAR::validator-thornhill::1220e6edb3ba9d24e742f94a726902ab4e95c3c4f630e45d762a44a79f31be8562c6",
      "synchronizerId": "global-domain::1220b1431ef217342db44d516bb9befde802be7d8899637d290895fa58880f19accc",
      "migrationId": "2",
      "totalPurchased": "1999800",
      "numPurchases": "1",
      "amuletSpent": "2399.7600000000",
      "usdSpent": "119.9880000000"
    },
    {
      "dso": "DSO::1220b1431ef217342db44d516bb9befde802be7d8899637d290895fa58880f19accc",
      "memberId": "PAR::validator-unlockit::1220671ca485c7bb9b4b45e8596dd71a6916a912899fe56fedf687a78cdbfa5e0624",
      "synchronizerId": "global-domain::1220b1431ef217342db44d516bb9befde802be7d8899637d290895fa58880f19accc",
      "migrationId": "2",
      "totalPurchased": "1999800",
      "numPurchases": "1",
      "amuletSpent": "2399.7600000000",
      "usdSpent": "119.9880000000"
    },
    {
      "dso": "DSO::1220b1431ef217342db44d516bb9befde802be7d8899637d290895fa58880f19accc",
      "memberId": "PAR::validator-beyondcentral::122007bad1361a72a3379e11c760f4317c1605b001cc11be6028ce47e0cce979a971",
      "synchronizerId": "global-domain::1220b1431ef217342db44d516bb9befde802be7d8899637d290895fa58880f19accc",
      "migrationId": "2",
      "totalPurchased": "1999800",
      "numPurchases": "1",
      "amuletSpent": "2399.7600000000",
      "usdSpent": "119.9880000000"
    },
    {
      "dso": "DSO::1220b1431ef217342db44d516bb9befde802be7d8899637d290895fa58880f19accc",
      "memberId": "PAR::validator-sfglobalholding::12203b61ab7725a27c88e27c7392450ab3989bd9cf99769643f6aac2c5ef24cc997f",
      "synchronizerId": "global-domain::1220b1431ef217342db44d516bb9befde802be7d8899637d290895fa58880f19accc",
      "migrationId": "2",
      "totalPurchased": "1999800",
      "numPurchases": "1",
      "amuletSpent": "2399.7600000000",
      "usdSpent": "119.9880000000"
    },
    {
      "dso": "DSO::1220b1431ef217342db44d516bb9befde802be7d8899637d290895fa58880f19accc",
      "memberId": "PAR::sendmainnet1::12203726c4d6a2041bc700b91effb7baea3fa3af720edabb5dd3e6e8b56867f9b016",
      "synchronizerId": "global-domain::1220b1431ef217342db44d516bb9befde802be7d8899637d290895fa58880f19accc",
      "migrationId": "2",
      "totalPurchased": "1200000",
      "numPurchases": "1",
      "amuletSpent": "1440.0000000000",
      "usdSpent": "72.0000000000"
    },
    {
      "dso": "DSO::1220b1431ef217342db44d516bb9befde802be7d8899637d290895fa58880f19accc",
      "memberId": "PAR::validator-decillion::12202316d9801c31279fa81d17f586ad00b942c661d521b1178540ac80b060dd10e6",
      "synchronizerId": "global-domain::1220b1431ef217342db44d516bb9befde802be7d8899637d290895fa58880f19accc",
      "migrationId": "2",
      "totalPurchased": "1999800",
      "numPurchases": "1",
      "amuletSpent": "2399.7600000000",
      "usdSpent": "119.9880000000"
    },
    {
      "dso": "DSO::1220b1431ef217342db44d516bb9befde802be7d8899637d290895fa58880f19accc",
      "memberId": "PAR::validator-i-estate::12208a323619193ca65b21293e66667f87e29b7b2f1698f9340c87613a1889aaed55",
      "synchronizerId": "global-domain::1220b1431ef217342db44d516bb9befde802be7d8899637d290895fa58880f19accc",
      "migrationId": "2",
      "totalPurchased": "1999800",
      "numPurchases": "1",
      "amuletSpent": "2399.7600000000",
      "usdSpent": "119.9880000000"
    },
    {
      "dso": "DSO::1220b1431ef217342db44d516bb9befde802be7d8899637d290895fa58880f19accc",
      "memberId": "PAR::validator-centillion::122096b5502fccd48220df79e8c6abcc5bb930a3decb1a41d4c1ec94a16fb7d7005b",
      "synchronizerId": "global-domain::1220b1431ef217342db44d516bb9befde802be7d8899637d290895fa58880f19accc",
      "migrationId": "2",
      "totalPurchased": "1999800",
      "numPurchases": "1",
      "amuletSpent": "2399.7600000000",
      "usdSpent": "119.9880000000"
    },
    {
      "dso": "DSO::1220b1431ef217342db44d516bb9befde802be7d8899637d290895fa58880f19accc",
      "memberId": "PAR::validator-safeboxstorage::122085465d7fff73c5605f1f951f645f34f1609735300d85eabde45f988e09f25bda",
      "synchronizerId": "global-domain::1220b1431ef217342db44d516bb9befde802be7d8899637d290895fa58880f19accc",
      "migrationId": "2",
      "totalPurchased": "1999800",
      "numPurchases": "1",
      "amuletSpent": "2399.7600000000",
      "usdSpent": "119.9880000000"
    },
    {
      "dso": "DSO::1220b1431ef217342db44d516bb9befde802be7d8899637d290895fa58880f19accc",
      "memberId": "PAR::validator-squarefoottoken::1220f1ad878724b3bf97cf18dcdff07f7eca4cdebe9889295fef356927777f3ed8f8",
      "synchronizerId": "global-domain::1220b1431ef217342db44d516bb9befde802be7d8899637d290895fa58880f19accc",
      "migrationId": "2",
      "totalPurchased": "1999800",
      "numPurchases": "1",
      "amuletSpent": "2399.7600000000",
      "usdSpent": "119.9880000000"
    },
    {
      "dso": "DSO::1220b1431ef217342db44d516bb9befde802be7d8899637d290895fa58880f19accc",
      "memberId": "PAR::lightshift-val-1::122036a7877810c578708cb1e8e7db2a8eb586adf7f57d7ba7a78654304ac446bc7c",
      "synchronizerId": "global-domain::1220b1431ef217342db44d516bb9befde802be7d8899637d290895fa58880f19accc",
      "migrationId": "2",
      "totalPurchased": "1200000",
      "numPurchases": "1",
      "amuletSpent": "1440.0000000000",
      "usdSpent": "72.0000000000"
    },
    {
      "dso": "DSO::1220b1431ef217342db44d516bb9befde802be7d8899637d290895fa58880f19accc",
      "memberId": "PAR::mintify-mainnet-1::122008e5b5243baf52fcb8790bee596c5272cfdf0b4015302f6c8279330ef19a4e3b",
      "synchronizerId": "global-domain::1220b1431ef217342db44d516bb9befde802be7d8899637d290895fa58880f19accc",
      "migrationId": "2",
      "totalPurchased": "1200000",
      "numPurchases": "1",
      "amuletSpent": "1440.0000000000",
      "usdSpent": "72.0000000000"
    },
    {
      "dso": "DSO::1220b1431ef217342db44d516bb9befde802be7d8899637d290895fa58880f19accc",
      "memberId": "PAR::dora-1::1220677b58377aff35d6efc9dd9e81e13ce934350f323663c54cf7d3982a9c47167f",
      "synchronizerId": "global-domain::1220b1431ef217342db44d516bb9befde802be7d8899637d290895fa58880f19accc",
      "migrationId": "2",
      "totalPurchased": "1200000",
      "numPurchases": "1",
      "amuletSpent": "1440.0000000000",
      "usdSpent": "72.0000000000"
    },
    {
      "dso": "DSO::1220b1431ef217342db44d516bb9befde802be7d8899637d290895fa58880f19accc",
      "memberId": "PAR::pyphicap-validator-1::1220410d9595a1938f6e1843835c5758588fde137d984ffd9b19941142cfbf788d16",
      "synchronizerId": "global-domain::1220b1431ef217342db44d516bb9befde802be7d8899637d290895fa58880f19accc",
      "migrationId": "2",
      "totalPurchased": "1200000",
      "numPurchases": "1",
      "amuletSpent": "1440.0000000000",
      "usdSpent": "72.0000000000"
    },
    {
      "dso": "DSO::1220b1431ef217342db44d516bb9befde802be7d8899637d290895fa58880f19accc",
      "memberId": "PAR::sendmainnet1::12203726c4d6a2041bc700b91effb7baea3fa3af720edabb5dd3e6e8b56867f9b016",
      "synchronizerId": "global-domain::1220b1431ef217342db44d516bb9befde802be7d8899637d290895fa58880f19accc",
      "migrationId": "2",
      "totalPurchased": "1200000",
      "numPurchases": "1",
      "amuletSpent": "1440.0000000000",
      "usdSpent": "72.0000000000"
    }
  ]
}