{
  "metadata": {
    "template_id": "996a3b619d6b65ca7812881978c44c650cac119de78f5317d1f317658943001c:Splice.DsoRules:VoteRequest",
    "canonical_package": "3ca1343ab26b453d38c8adb70dca5f1ead8440c42b59b68f070786955cbf9ec1",
    "migration_id": 3,
    "record_time": "2025-10-30T21:00:00Z",
    "timestamp": "2025-10-30T23:52:55.958Z",
    "entry_count": 16
  },
  "data": [
    {
      "dso": "DSO::1220b1431ef217342db44d516bb9befde802be7d8899637d290895fa58880f19accc",
      "requester": "C7-Technology-Services-Limited",
      "action": {
        "tag": "ARC_DsoRules",
        "value": {
          "dsoAction": {
            "tag": "SRARC_GrantFeaturedAppRight",
            "value": {
              "provider": "TextureCapital-validator-1::12206f711aa1c1017053f53a069279518584074c0b0348f522b020d1fcc311e01988"
            }
          }
        }
      },
      "reason": {
        "url": "https://lists.sync.global/g/tokenomics-announce/message/250",
        "body": "Texture Capital Inc is a subsidiary of Texture Capital Holdings and a FINRA member broker-dealer and operator of an SEC registered Alternative Trading System.Texture Transfer Services is a separate subsidiary that is an SEC-registered transfer agent. Our unique U.S. regulatory status allows us to compliantly issue digital securities and operate secondary markets. Today, Texture Capital already offers a issuer platform where subscribers can onboard and begin raising capital immediately."
      },
      "voteBefore": "2025-11-05T13:00:23.737790Z",
      "votes": [
        [
          "C7-Technology-Services-Limited",
          {
            "sv": "C7-Technology-Services-Limited::122027859595a9f295312977656425f2360813ce5a2681aadc7605d2e198dc82a877",
            "accept": true,
            "reason": {
              "url": "",
              "body": "I accept, as I requested the vote."
            },
            "optCastAt": "2025-10-29T12:54:41.619790Z"
          }
        ],
        [
          "Five-North-1",
          {
            "sv": "Five-North-1::1220520b6d396b91c4b13a1786bd5f317e4240001632d4a628c1c4f53a0b5165ba98",
            "accept": true,
            "reason": {
              "url": "",
              "body": ""
            },
            "optCastAt": "2025-10-29T16:46:04.012270Z"
          }
        ],
        [
          "Liberty-City-Ventures-1",
          {
            "sv": "Liberty-City-Ventures-1::1220c8a81a9d60198fd67aa596f8af90cfe57f5966964427e32f2dab1570ad0d9a25",
            "accept": true,
            "reason": {
              "url": "",
              "body": ""
            },
            "optCastAt": "2025-10-29T16:04:21.857530Z"
          }
        ],
        [
          "MPC-Holding-Inc",
          {
            "sv": "MPC-Holding-Inc::12204783725aa3adcd787311531134baed8b9b28ccf76b100c62b8d4995842aabd6b",
            "accept": true,
            "reason": {
              "url": "",
              "body": ""
            },
            "optCastAt": "2025-10-29T16:03:39.398467Z"
          }
        ],
        [
          "Orb-1-LP-1",
          {
            "sv": "Orb-1-LP-1::122059e5d9c6036656bba13299bf959ed190fc51e2564024b9872ecd84001f87ea92",
            "accept": true,
            "reason": {
              "url": "",
              "body": ""
            },
            "optCastAt": "2025-10-29T16:09:02.141908Z"
          }
        ]
      ],
      "trackingCid": "00c4a618eca4b56391aeb32d9fefa62815f828da39035b9542328a487e1637bb3bca11122060eaec0ef6b0fbef9389818aa4d9ea4f417cc83d73f2e01664fc6ea117689368",
      "targetEffectiveAt": "2025-11-06T13:00:23.623Z"
    },
    {
      "dso": "DSO::1220b1431ef217342db44d516bb9befde802be7d8899637d290895fa58880f19accc",
      "requester": "Global-Synchronizer-Foundation",
      "action": {
        "tag": "ARC_DsoRules",
        "value": {
          "dsoAction": {
            "tag": "SRARC_CreateUnallocatedUnclaimedActivityRecord",
            "value": {
              "beneficiary": "IntellectEU-SVrewards-1::122085181345795b9e58122cef90b8df61ddfe128cdaf9abbcb77f8cef92950c1d05",
              "amount": "9334966.0457050000",
              "reason": "IntellectEU has completed its milestone(s) set in the CIP-0058. The voting proposal is to mint a portion of the Unclaimed Rewards by IntellectEU’s Validator, based on the calculation approved by the Tokenomics working group.",
              "expiresAt": "2025-11-05T22:00:21.866Z"
            }
          }
        }
      },
      "reason": {
        "url": "https://lists.sync.global/g/cip-announce/message/59",
        "body": "IntellectEU has completed its milestone(s) set in the CIP-0058. The voting proposal is to mint a portion of the Unclaimed Rewards by IntellectEU’s Validator, based on the calculation approved by the Tokenomics working group."
      },
      "voteBefore": "2025-11-04T20:00:21.980819Z",
      "votes": [
        [
          "Five-North-1",
          {
            "sv": "Five-North-1::1220520b6d396b91c4b13a1786bd5f317e4240001632d4a628c1c4f53a0b5165ba98",
            "accept": true,
            "reason": {
              "url": "",
              "body": ""
            },
            "optCastAt": "2025-10-29T16:46:24.477818Z"
          }
        ],
        [
          "Global-Synchronizer-Foundation",
          {
            "sv": "Global-Synchronizer-Foundation::1220b0867964b602f2cc7ea61324a95f000f0060e735cfaf4f23f424fdab02c170ac",
            "accept": true,
            "reason": {
              "url": "",
              "body": "I accept, as I requested the vote."
            },
            "optCastAt": "2025-10-28T21:46:54.299819Z"
          }
        ],
        [
          "Liberty-City-Ventures-1",
          {
            "sv": "Liberty-City-Ventures-1::1220c8a81a9d60198fd67aa596f8af90cfe57f5966964427e32f2dab1570ad0d9a25",
            "accept": true,
            "reason": {
              "url": "",
              "body": ""
            },
            "optCastAt": "2025-10-29T16:05:41.751308Z"
          }
        ],
        [
          "MPC-Holding-Inc",
          {
            "sv": "MPC-Holding-Inc::12204783725aa3adcd787311531134baed8b9b28ccf76b100c62b8d4995842aabd6b",
            "accept": true,
            "reason": {
              "url": "",
              "body": ""
            },
            "optCastAt": "2025-10-29T16:04:10.980036Z"
          }
        ],
        [
          "Orb-1-LP-1",
          {
            "sv": "Orb-1-LP-1::122059e5d9c6036656bba13299bf959ed190fc51e2564024b9872ecd84001f87ea92",
            "accept": true,
            "reason": {
              "url": "",
              "body": ""
            },
            "optCastAt": "2025-10-29T16:08:49.090171Z"
          }
        ],
        [
          "Proof-Group-1",
          {
            "sv": "Proof-Group-1::1220a0027410294266f712c1a4787d2dcb9be20b712486dca010d4d9cdbe3e809385",
            "accept": true,
            "reason": {
              "url": "",
              "body": ""
            },
            "optCastAt": "2025-10-29T20:28:01.561084Z"
          }
        ]
      ],
      "trackingCid": "006ee1fec23b7608435274940bc1efd2460d05ef7d699970b45d4385d5f9c140dbca111220ef6572f616ee0233329274a3729179c7549154da8d37bdc21f1e5a8756b08afa",
      "targetEffectiveAt": "2025-11-05T20:00:21.866Z"
    },
    {
      "dso": "DSO::1220b1431ef217342db44d516bb9befde802be7d8899637d290895fa58880f19accc",
      "requester": "Global-Synchronizer-Foundation",
      "action": {
        "tag": "ARC_DsoRules",
        "value": {
          "dsoAction": {
            "tag": "SRARC_CreateUnallocatedUnclaimedActivityRecord",
            "value": {
              "beneficiary": "GSF-SVRewards-1::12201725270d497ab23ceffd0d2acce46cc9da44586fd494786ef53cc58b6e4abd79",
              "amount": "10.0000000000",
              "reason": "According to CIP-0067, this voting proposal is a One-Time Allocation of Historical Unclaimed Rewards to the Global Synchronizer Foundation (GSF). The vote covers the transfer of rewards from the unclaimed pool to the designated GSF address. Upon successful execution, the full remaining balance will be sent to the designated address. For full details, please refer to the CIP-0067.",
              "expiresAt": "2025-10-31T20:00:18.057Z"
            }
          }
        }
      },
      "reason": {
        "url": "https://lists.sync.global/g/tokenomics-announce/message/245",
        "body": "According to CIP-0067, this voting proposal is a One-Time Allocation of Historical Unclaimed Rewards to the Global Synchronizer Foundation (GSF). The vote covers the transfer of rewards from the unclaimed pool to the designated GSF address. Upon successful execution, the full remaining balance will be sent to the designated address. For full details, please refer to the CIP-0067."
      },
      "voteBefore": "2025-10-31T18:00:18.638769Z",
      "votes": [
        [
          "Cumberland-1",
          {
            "sv": "Cumberland-1::12201aa8a23046d5740c9edd58f7e820c83e7f5c58f25551f955f3252d3a04240860",
            "accept": true,
            "reason": {
              "url": "",
              "body": ""
            },
            "optCastAt": "2025-10-29T22:46:04.924294Z"
          }
        ],
        [
          "Cumberland-2",
          {
            "sv": "Cumberland-2::1220120801da0994334c869a6db19d9321f3d5baf9e40377830a90c2af78658aede6",
            "accept": true,
            "reason": {
              "url": "",
              "body": ""
            },
            "optCastAt": "2025-10-29T22:49:56.241010Z"
          }
        ],
        [
          "Digital-Asset-1",
          {
            "sv": "Digital-Asset-1::12203a616cd41a519d1950ffd4df0ced808cce3bea558d684296c007bb8e12d7f649",
            "accept": true,
            "reason": {
              "url": "",
              "body": ""
            },
            "optCastAt": "2025-10-29T18:22:09.920425Z"
          }
        ],
        [
          "Digital-Asset-2",
          {
            "sv": "Digital-Asset-2::12209b21d512c6a7e2f5d215266fe6568cb732caaef7ff04e308f990a652340d3529",
            "accept": true,
            "reason": {
              "url": "",
              "body": ""
            },
            "optCastAt": "2025-10-29T18:23:15.062197Z"
          }
        ],
        [
          "Five-North-1",
          {
            "sv": "Five-North-1::1220520b6d396b91c4b13a1786bd5f317e4240001632d4a628c1c4f53a0b5165ba98",
            "accept": true,
            "reason": {
              "url": "",
              "body": ""
            },
            "optCastAt": "2025-10-29T16:46:49.725528Z"
          }
        ],
        [
          "Global-Synchronizer-Foundation",
          {
            "sv": "Global-Synchronizer-Foundation::1220b0867964b602f2cc7ea61324a95f000f0060e735cfaf4f23f424fdab02c170ac",
            "accept": true,
            "reason": {
              "url": "",
              "body": "I accept, as I requested the vote."
            },
            "optCastAt": "2025-10-29T16:04:52.805769Z"
          }
        ],
        [
          "Liberty-City-Ventures-1",
          {
            "sv": "Liberty-City-Ventures-1::1220c8a81a9d60198fd67aa596f8af90cfe57f5966964427e32f2dab1570ad0d9a25",
            "accept": true,
            "reason": {
              "url": "",
              "body": ""
            },
            "optCastAt": "2025-10-29T16:06:25.184678Z"
          }
        ],
        [
          "MPC-Holding-Inc",
          {
            "sv": "MPC-Holding-Inc::12204783725aa3adcd787311531134baed8b9b28ccf76b100c62b8d4995842aabd6b",
            "accept": true,
            "reason": {
              "url": "",
              "body": ""
            },
            "optCastAt": "2025-10-29T16:07:17.228981Z"
          }
        ],
        [
          "Orb-1-LP-1",
          {
            "sv": "Orb-1-LP-1::122059e5d9c6036656bba13299bf959ed190fc51e2564024b9872ecd84001f87ea92",
            "accept": true,
            "reason": {
              "url": "",
              "body": ""
            },
            "optCastAt": "2025-10-29T16:08:31.476889Z"
          }
        ],
        [
          "Proof-Group-1",
          {
            "sv": "Proof-Group-1::1220a0027410294266f712c1a4787d2dcb9be20b712486dca010d4d9cdbe3e809385",
            "accept": true,
            "reason": {
              "url": "",
              "body": ""
            },
            "optCastAt": "2025-10-29T20:27:21.012293Z"
          }
        ]
      ],
      "trackingCid": "0027267da7aae8962a351acdeffd8d7f395d22089e888c07f56c62ec4a8c01f5e3ca111220128cf77fbe1b628e652eb6bd2a1256a1dfd6ea43dcb03d0ff23bd55589d76d5c",
      "targetEffectiveAt": "2025-10-31T19:00:18.057Z"
    },
    {
      "dso": "DSO::1220b1431ef217342db44d516bb9befde802be7d8899637d290895fa58880f19accc",
      "requester": "Digital-Asset-2",
      "action": {
        "tag": "ARC_DsoRules",
        "value": {
          "dsoAction": {
            "tag": "SRARC_SetConfig",
            "value": {
              "newConfig": {
                "numUnclaimedRewardsThreshold": "10",
                "numMemberTrafficContractsThreshold": "5",
                "actionConfirmationTimeout": {
                  "microseconds": "3600000000"
                },
                "svOnboardingRequestTimeout": {
                  "microseconds": "86400000000"
                },
                "svOnboardingConfirmedTimeout": {
                  "microseconds": "86400000000"
                },
                "voteRequestTimeout": {
                  "microseconds": "604800000000"
                },
                "dsoDelegateInactiveTimeout": {
                  "microseconds": "70000000"
                },
                "synchronizerNodeConfigLimits": {
                  "cometBft": {
                    "maxNumCometBftNodes": "2",
                    "maxNumGovernanceKeys": "2",
                    "maxNumSequencingKeys": "2",
                    "maxNodeIdLength": "50",
                    "maxPubKeyLength": "256"
                  }
                },
                "maxTextLength": "1024",
                "decentralizedSynchronizer": {
                  "synchronizers": [
                    [
                      "global-domain::1220b1431ef217342db44d516bb9befde802be7d8899637d290895fa58880f19accc",
                      {
                        "state": "DS_Operational",
                        "cometBftGenesisJson": "TODO(#4900): share CometBFT genesis.json of founding SV node via DsoRules config.",
                        "acsCommitmentReconciliationInterval": null
                      }
                    ]
                  ],
                  "lastSynchronizerId": "global-domain::1220b1431ef217342db44d516bb9befde802be7d8899637d290895fa58880f19accc",
                  "activeSynchronizerId": "global-domain::1220b1431ef217342db44d516bb9befde802be7d8899637d290895fa58880f19accc"
                },
                "nextScheduledSynchronizerUpgrade": null,
                "voteCooldownTime": null
              },
              "baseConfig": {
                "numUnclaimedRewardsThreshold": "10",
                "numMemberTrafficContractsThreshold": "5",
                "actionConfirmationTimeout": {
                  "microseconds": "3600000000"
                },
                "svOnboardingRequestTimeout": {
                  "microseconds": "3600000000"
                },
                "svOnboardingConfirmedTimeout": {
                  "microseconds": "3600000000"
                },
                "voteRequestTimeout": {
                  "microseconds": "604800000000"
                },
                "dsoDelegateInactiveTimeout": {
                  "microseconds": "70000000"
                },
                "synchronizerNodeConfigLimits": {
                  "cometBft": {
                    "maxNumCometBftNodes": "2",
                    "maxNumGovernanceKeys": "2",
                    "maxNumSequencingKeys": "2",
                    "maxNodeIdLength": "50",
                    "maxPubKeyLength": "256"
                  }
                },
                "maxTextLength": "1024",
                "decentralizedSynchronizer": {
                  "synchronizers": [
                    [
                      "global-domain::1220b1431ef217342db44d516bb9befde802be7d8899637d290895fa58880f19accc",
                      {
                        "state": "DS_Operational",
                        "cometBftGenesisJson": "TODO(#4900): share CometBFT genesis.json of founding SV node via DsoRules config.",
                        "acsCommitmentReconciliationInterval": null
                      }
                    ]
                  ],
                  "lastSynchronizerId": "global-domain::1220b1431ef217342db44d516bb9befde802be7d8899637d290895fa58880f19accc",
                  "activeSynchronizerId": "global-domain::1220b1431ef217342db44d516bb9befde802be7d8899637d290895fa58880f19accc"
                },
                "nextScheduledSynchronizerUpgrade": {
                  "time": "2025-06-25T13:00:00Z",
                  "migrationId": "3"
                },
                "voteCooldownTime": null
              }
            }
          }
        }
      },
      "reason": {
        "url": "https://lists.sync.global/g/supervalidator-ops/message/3",
        "body": "Bump SV onboarding timeouts to 24h"
      },
      "voteBefore": "2025-11-04T16:20:47.527264Z",
      "votes": [
        [
          "Digital-Asset-1",
          {
            "sv": "Digital-Asset-1::12203a616cd41a519d1950ffd4df0ced808cce3bea558d684296c007bb8e12d7f649",
            "accept": true,
            "reason": {
              "url": "",
              "body": ""
            },
            "optCastAt": "2025-10-28T15:51:25.226291Z"
          }
        ],
        [
          "Digital-Asset-2",
          {
            "sv": "Digital-Asset-2::12209b21d512c6a7e2f5d215266fe6568cb732caaef7ff04e308f990a652340d3529",
            "accept": true,
            "reason": {
              "url": "",
              "body": "I accept, as I requested the vote."
            },
            "optCastAt": "2025-10-28T15:50:52.319264Z"
          }
        ],
        [
          "Five-North-1",
          {
            "sv": "Five-North-1::1220520b6d396b91c4b13a1786bd5f317e4240001632d4a628c1c4f53a0b5165ba98",
            "accept": true,
            "reason": {
              "url": "",
              "body": ""
            },
            "optCastAt": "2025-10-28T20:58:57.465220Z"
          }
        ],
        [
          "Liberty-City-Ventures-1",
          {
            "sv": "Liberty-City-Ventures-1::1220c8a81a9d60198fd67aa596f8af90cfe57f5966964427e32f2dab1570ad0d9a25",
            "accept": true,
            "reason": {
              "url": "",
              "body": ""
            },
            "optCastAt": "2025-10-28T16:17:32.722815Z"
          }
        ],
        [
          "MPC-Holding-Inc",
          {
            "sv": "MPC-Holding-Inc::12204783725aa3adcd787311531134baed8b9b28ccf76b100c62b8d4995842aabd6b",
            "accept": true,
            "reason": {
              "url": "",
              "body": ""
            },
            "optCastAt": "2025-10-28T16:15:47.006619Z"
          }
        ],
        [
          "Orb-1-LP-1",
          {
            "sv": "Orb-1-LP-1::122059e5d9c6036656bba13299bf959ed190fc51e2564024b9872ecd84001f87ea92",
            "accept": true,
            "reason": {
              "url": "",
              "body": ""
            },
            "optCastAt": "2025-10-28T16:12:38.726842Z"
          }
        ],
        [
          "Proof-Group-1",
          {
            "sv": "Proof-Group-1::1220a0027410294266f712c1a4787d2dcb9be20b712486dca010d4d9cdbe3e809385",
            "accept": true,
            "reason": {
              "url": "",
              "body": ""
            },
            "optCastAt": "2025-10-29T00:33:00.690593Z"
          }
        ],
        [
          "SV-Nodeops-Limited",
          {
            "sv": "SV-Nodeops-Limited::1220734414a4b0658bb2be4caf33205e5a45bf8dc5207e3bfc769d361582dc72feef",
            "accept": true,
            "reason": {
              "url": "",
              "body": ""
            },
            "optCastAt": "2025-10-30T06:41:07.290669Z"
          }
        ]
      ],
      "trackingCid": "0039af6ae002f892c839e655410b4d0863e2926515da1e7e179787ae78f64b84c6ca111220034e051124f8ee7d07aff40bc650a945ca7f3bbaea02bf75c960cbf4606cd144",
      "targetEffectiveAt": "2025-11-05T16:20:47.454Z"
    },
    {
      "dso": "DSO::1220b1431ef217342db44d516bb9befde802be7d8899637d290895fa58880f19accc",
      "requester": "Global-Synchronizer-Foundation",
      "action": {
        "tag": "ARC_DsoRules",
        "value": {
          "dsoAction": {
            "tag": "SRARC_CreateUnallocatedUnclaimedActivityRecord",
            "value": {
              "beneficiary": "GSF-SVRewards-1::12201725270d497ab23ceffd0d2acce46cc9da44586fd494786ef53cc58b6e4abd79",
              "amount": "1617843619.7900000000",
              "reason": "According to CIP-0067, this voting proposal is a One-Time Allocation of Historical Unclaimed Rewards to the Global Synchronizer Foundation (GSF). The vote covers the transfer of the entire balance of unclaimed rewards from the pool to the designated GSF address. For full details, please refer to the CIP-0067.",
              "expiresAt": "2025-10-31T20:00:40.282Z"
            }
          }
        }
      },
      "reason": {
        "url": "https://lists.sync.global/g/tokenomics-announce/message/245",
        "body": "According to CIP-0067, this voting proposal is a One-Time Allocation of Historical Unclaimed Rewards to the Global Synchronizer Foundation (GSF). The vote covers the transfer of the entire balance of unclaimed rewards from the pool to the designated GSF address. For full details, please refer to the CIP-0067."
      },
      "voteBefore": "2025-10-31T18:00:40.821348Z",
      "votes": [
        [
          "Digital-Asset-1",
          {
            "sv": "Digital-Asset-1::12203a616cd41a519d1950ffd4df0ced808cce3bea558d684296c007bb8e12d7f649",
            "accept": false,
            "reason": {
              "url": "",
              "body": ""
            },
            "optCastAt": "2025-10-29T18:21:17.153858Z"
          }
        ],
        [
          "Digital-Asset-2",
          {
            "sv": "Digital-Asset-2::12209b21d512c6a7e2f5d215266fe6568cb732caaef7ff04e308f990a652340d3529",
            "accept": false,
            "reason": {
              "url": "",
              "body": ""
            },
            "optCastAt": "2025-10-29T18:24:01.987445Z"
          }
        ],
        [
          "Five-North-1",
          {
            "sv": "Five-North-1::1220520b6d396b91c4b13a1786bd5f317e4240001632d4a628c1c4f53a0b5165ba98",
            "accept": true,
            "reason": {
              "url": "",
              "body": ""
            },
            "optCastAt": "2025-10-29T16:28:04.068851Z"
          }
        ],
        [
          "Global-Synchronizer-Foundation",
          {
            "sv": "Global-Synchronizer-Foundation::1220b0867964b602f2cc7ea61324a95f000f0060e735cfaf4f23f424fdab02c170ac",
            "accept": false,
            "reason": {
              "url": "",
              "body": "Please reject this vote for the full allocation. The vote will be recreated following the successful completion of the test allocation"
            },
            "optCastAt": "2025-10-29T17:14:00.270017Z"
          }
        ],
        [
          "Liberty-City-Ventures-1",
          {
            "sv": "Liberty-City-Ventures-1::1220c8a81a9d60198fd67aa596f8af90cfe57f5966964427e32f2dab1570ad0d9a25",
            "accept": false,
            "reason": {
              "url": "",
              "body": ""
            },
            "optCastAt": "2025-10-30T11:34:28.246821Z"
          }
        ],
        [
          "MPC-Holding-Inc",
          {
            "sv": "MPC-Holding-Inc::12204783725aa3adcd787311531134baed8b9b28ccf76b100c62b8d4995842aabd6b",
            "accept": false,
            "reason": {
              "url": "",
              "body": ""
            },
            "optCastAt": "2025-10-30T11:33:21.688568Z"
          }
        ],
        [
          "Orb-1-LP-1",
          {
            "sv": "Orb-1-LP-1::122059e5d9c6036656bba13299bf959ed190fc51e2564024b9872ecd84001f87ea92",
            "accept": false,
            "reason": {
              "url": "",
              "body": ""
            },
            "optCastAt": "2025-10-30T11:32:07.983490Z"
          }
        ],
        [
          "Proof-Group-1",
          {
            "sv": "Proof-Group-1::1220a0027410294266f712c1a4787d2dcb9be20b712486dca010d4d9cdbe3e809385",
            "accept": false,
            "reason": {
              "url": "",
              "body": "Rejecting as requested by GSF"
            },
            "optCastAt": "2025-10-29T20:24:42.119905Z"
          }
        ],
        [
          "SV-Nodeops-Limited",
          {
            "sv": "SV-Nodeops-Limited::1220734414a4b0658bb2be4caf33205e5a45bf8dc5207e3bfc769d361582dc72feef",
            "accept": false,
            "reason": {
              "url": "",
              "body": ""
            },
            "optCastAt": "2025-10-30T06:27:29.793417Z"
          }
        ]
      ],
      "trackingCid": "008a0d9243f477f94d5dd4dae58184747e38e91a6133e1b07635853317d01afc45ca1112202739bc0320ce5c292d35f229aea4c04aa65571e43cedaa574a36199ade57c3f6",
      "targetEffectiveAt": "2025-10-31T19:00:40.282Z"
    },
    {
      "dso": "DSO::1220b1431ef217342db44d516bb9befde802be7d8899637d290895fa58880f19accc",
      "requester": "Digital-Asset-2",
      "action": {
        "tag": "ARC_DsoRules",
        "value": {
          "dsoAction": {
            "tag": "SRARC_UpdateSvRewardWeight",
            "value": {
              "svParty": "Digital-Asset-1::12203a616cd41a519d1950ffd4df0ced808cce3bea558d684296c007bb8e12d7f649",
              "newRewardWeight": "159250"
            }
          }
        }
      },
      "reason": {
        "url": "https://lists.sync.global/g/supervalidator-announce/topic/fyi_planned_digital_asset/115330544",
        "body": "Operational: Restore original weight of DA-1 after reonboarding."
      },
      "voteBefore": "2025-11-06T18:00:31.566849Z",
      "votes": [
        [
          "Cumberland-1",
          {
            "sv": "Cumberland-1::12201aa8a23046d5740c9edd58f7e820c83e7f5c58f25551f955f3252d3a04240860",
            "accept": true,
            "reason": {
              "url": "",
              "body": ""
            },
            "optCastAt": "2025-10-30T20:04:00.476878Z"
          }
        ],
        [
          "Cumberland-2",
          {
            "sv": "Cumberland-2::1220120801da0994334c869a6db19d9321f3d5baf9e40377830a90c2af78658aede6",
            "accept": true,
            "reason": {
              "url": "",
              "body": ""
            },
            "optCastAt": "2025-10-30T20:04:45.190476Z"
          }
        ],
        [
          "Digital-Asset-1",
          {
            "sv": "Digital-Asset-1::12203a616cd41a519d1950ffd4df0ced808cce3bea558d684296c007bb8e12d7f649",
            "accept": true,
            "reason": {
              "url": "",
              "body": ""
            },
            "optCastAt": "2025-10-28T17:45:50.795341Z"
          }
        ],
        [
          "Digital-Asset-2",
          {
            "sv": "Digital-Asset-2::12209b21d512c6a7e2f5d215266fe6568cb732caaef7ff04e308f990a652340d3529",
            "accept": true,
            "reason": {
              "url": "",
              "body": "I accept, as I requested the vote."
            },
            "optCastAt": "2025-10-28T17:43:47.813849Z"
          }
        ],
        [
          "Five-North-1",
          {
            "sv": "Five-North-1::1220520b6d396b91c4b13a1786bd5f317e4240001632d4a628c1c4f53a0b5165ba98",
            "accept": true,
            "reason": {
              "url": "",
              "body": ""
            },
            "optCastAt": "2025-10-29T10:15:43.448546Z"
          }
        ],
        [
          "Liberty-City-Ventures-1",
          {
            "sv": "Liberty-City-Ventures-1::1220c8a81a9d60198fd67aa596f8af90cfe57f5966964427e32f2dab1570ad0d9a25",
            "accept": true,
            "reason": {
              "url": "",
              "body": ""
            },
            "optCastAt": "2025-10-29T16:05:47.301935Z"
          }
        ],
        [
          "MPC-Holding-Inc",
          {
            "sv": "MPC-Holding-Inc::12204783725aa3adcd787311531134baed8b9b28ccf76b100c62b8d4995842aabd6b",
            "accept": true,
            "reason": {
              "url": "",
              "body": ""
            },
            "optCastAt": "2025-10-29T16:04:02.467420Z"
          }
        ],
        [
          "Orb-1-LP-1",
          {
            "sv": "Orb-1-LP-1::122059e5d9c6036656bba13299bf959ed190fc51e2564024b9872ecd84001f87ea92",
            "accept": true,
            "reason": {
              "url": "",
              "body": ""
            },
            "optCastAt": "2025-10-29T16:08:36.630429Z"
          }
        ],
        [
          "Proof-Group-1",
          {
            "sv": "Proof-Group-1::1220a0027410294266f712c1a4787d2dcb9be20b712486dca010d4d9cdbe3e809385",
            "accept": true,
            "reason": {
              "url": "",
              "body": ""
            },
            "optCastAt": "2025-10-29T20:28:24.764780Z"
          }
        ],
        [
          "SV-Nodeops-Limited",
          {
            "sv": "SV-Nodeops-Limited::1220734414a4b0658bb2be4caf33205e5a45bf8dc5207e3bfc769d361582dc72feef",
            "accept": true,
            "reason": {
              "url": "",
              "body": ""
            },
            "optCastAt": "2025-10-30T06:39:18.181959Z"
          }
        ]
      ],
      "trackingCid": "007d1653db58e8667ed74392c0e6ff1f88ee24b17843c169e60fc269625ed6caeaca111220371924a9a67df5320c7d92ddf2d1b0554327271280a4f55eb9c01f478d477def",
      "targetEffectiveAt": "2025-11-07T18:00:31.407Z"
    },
    {
      "dso": "DSO::1220b1431ef217342db44d516bb9befde802be7d8899637d290895fa58880f19accc",
      "requester": "Digital-Asset-2",
      "action": {
        "tag": "ARC_DsoRules",
        "value": {
          "dsoAction": {
            "tag": "SRARC_UpdateSvRewardWeight",
            "value": {
              "svParty": "Digital-Asset-2::12209b21d512c6a7e2f5d215266fe6568cb732caaef7ff04e308f990a652340d3529",
              "newRewardWeight": "159250"
            }
          }
        }
      },
      "reason": {
        "url": "https://lists.sync.global/g/supervalidator-announce/topic/fyi_planned_digital_asset/115330544",
        "body": "Operational: Restore original weight of DA-2 after reonboarding DA-1."
      },
      "voteBefore": "2025-11-06T18:00:34.044345Z",
      "votes": [
        [
          "Cumberland-1",
          {
            "sv": "Cumberland-1::12201aa8a23046d5740c9edd58f7e820c83e7f5c58f25551f955f3252d3a04240860",
            "accept": true,
            "reason": {
              "url": "",
              "body": ""
            },
            "optCastAt": "2025-10-30T20:06:18.040005Z"
          }
        ],
        [
          "Digital-Asset-1",
          {
            "sv": "Digital-Asset-1::12203a616cd41a519d1950ffd4df0ced808cce3bea558d684296c007bb8e12d7f649",
            "accept": true,
            "reason": {
              "url": "",
              "body": ""
            },
            "optCastAt": "2025-10-28T17:46:06.922033Z"
          }
        ],
        [
          "Digital-Asset-2",
          {
            "sv": "Digital-Asset-2::12209b21d512c6a7e2f5d215266fe6568cb732caaef7ff04e308f990a652340d3529",
            "accept": true,
            "reason": {
              "url": "",
              "body": "I accept, as I requested the vote."
            },
            "optCastAt": "2025-10-28T17:44:17.162345Z"
          }
        ],
        [
          "Five-North-1",
          {
            "sv": "Five-North-1::1220520b6d396b91c4b13a1786bd5f317e4240001632d4a628c1c4f53a0b5165ba98",
            "accept": true,
            "reason": {
              "url": "",
              "body": ""
            },
            "optCastAt": "2025-10-29T10:20:11.028424Z"
          }
        ],
        [
          "Liberty-City-Ventures-1",
          {
            "sv": "Liberty-City-Ventures-1::1220c8a81a9d60198fd67aa596f8af90cfe57f5966964427e32f2dab1570ad0d9a25",
            "accept": true,
            "reason": {
              "url": "",
              "body": ""
            },
            "optCastAt": "2025-10-29T16:05:57.726160Z"
          }
        ],
        [
          "MPC-Holding-Inc",
          {
            "sv": "MPC-Holding-Inc::12204783725aa3adcd787311531134baed8b9b28ccf76b100c62b8d4995842aabd6b",
            "accept": true,
            "reason": {
              "url": "",
              "body": ""
            },
            "optCastAt": "2025-10-29T16:03:56.861721Z"
          }
        ],
        [
          "Orb-1-LP-1",
          {
            "sv": "Orb-1-LP-1::122059e5d9c6036656bba13299bf959ed190fc51e2564024b9872ecd84001f87ea92",
            "accept": true,
            "reason": {
              "url": "",
              "body": ""
            },
            "optCastAt": "2025-10-29T16:06:35.751682Z"
          }
        ],
        [
          "Proof-Group-1",
          {
            "sv": "Proof-Group-1::1220a0027410294266f712c1a4787d2dcb9be20b712486dca010d4d9cdbe3e809385",
            "accept": true,
            "reason": {
              "url": "",
              "body": ""
            },
            "optCastAt": "2025-10-29T20:28:39.924051Z"
          }
        ],
        [
          "SV-Nodeops-Limited",
          {
            "sv": "SV-Nodeops-Limited::1220734414a4b0658bb2be4caf33205e5a45bf8dc5207e3bfc769d361582dc72feef",
            "accept": true,
            "reason": {
              "url": "",
              "body": ""
            },
            "optCastAt": "2025-10-30T06:38:10.922447Z"
          }
        ]
      ],
      "trackingCid": "00c60a9f00daa74664c600bf219ad72542e66f4ec5a46e5a3d5fee12be71609d39ca1112209f5136e598149ea56a6b27a73c3dcf903f8dab7ce68af3e78b64d70f8aa55e14",
      "targetEffectiveAt": "2025-11-07T18:00:33.917Z"
    },
    {
      "dso": "DSO::1220b1431ef217342db44d516bb9befde802be7d8899637d290895fa58880f19accc",
      "requester": "Digital-Asset-2",
      "action": {
        "tag": "ARC_DsoRules",
        "value": {
          "dsoAction": {
            "tag": "SRARC_GrantFeaturedAppRight",
            "value": {
              "provider": "auth0_007c68f92e9e93fbd6f5a89b0a0c::12208d1aaf40a035e46b5076e41b84acc17a7cfb9c5b6d0848b2203cc2e5eceaee43"
            }
          }
        }
      },
      "reason": {
        "url": "https://lists.sync.global/g/tokenomics-announce/message/245",
        "body": "Profitr partners with leading private lenders to offer investors access to best-in-class, fully-funded, structured, performing loans. Profitr tokenizes private credit instruments on Canton.\n\n"
      },
      "voteBefore": "2025-11-04T21:20:00.221389Z",
      "votes": [
        [
          "Cumberland-1",
          {
            "sv": "Cumberland-1::12201aa8a23046d5740c9edd58f7e820c83e7f5c58f25551f955f3252d3a04240860",
            "accept": true,
            "reason": {
              "url": "",
              "body": ""
            },
            "optCastAt": "2025-10-30T20:09:08.442391Z"
          }
        ],
        [
          "Cumberland-2",
          {
            "sv": "Cumberland-2::1220120801da0994334c869a6db19d9321f3d5baf9e40377830a90c2af78658aede6",
            "accept": true,
            "reason": {
              "url": "",
              "body": ""
            },
            "optCastAt": "2025-10-30T20:09:45.756110Z"
          }
        ],
        [
          "Digital-Asset-2",
          {
            "sv": "Digital-Asset-2::12209b21d512c6a7e2f5d215266fe6568cb732caaef7ff04e308f990a652340d3529",
            "accept": true,
            "reason": {
              "url": "",
              "body": "I accept, as I requested the vote."
            },
            "optCastAt": "2025-10-28T21:24:28.298389Z"
          }
        ],
        [
          "Five-North-1",
          {
            "sv": "Five-North-1::1220520b6d396b91c4b13a1786bd5f317e4240001632d4a628c1c4f53a0b5165ba98",
            "accept": true,
            "reason": {
              "url": "",
              "body": ""
            },
            "optCastAt": "2025-10-29T16:45:40.521714Z"
          }
        ],
        [
          "Liberty-City-Ventures-1",
          {
            "sv": "Liberty-City-Ventures-1::1220c8a81a9d60198fd67aa596f8af90cfe57f5966964427e32f2dab1570ad0d9a25",
            "accept": true,
            "reason": {
              "url": "",
              "body": ""
            },
            "optCastAt": "2025-10-29T16:02:56.244874Z"
          }
        ],
        [
          "MPC-Holding-Inc",
          {
            "sv": "MPC-Holding-Inc::12204783725aa3adcd787311531134baed8b9b28ccf76b100c62b8d4995842aabd6b",
            "accept": true,
            "reason": {
              "url": "",
              "body": ""
            },
            "optCastAt": "2025-10-29T16:07:28.157496Z"
          }
        ],
        [
          "Orb-1-LP-1",
          {
            "sv": "Orb-1-LP-1::122059e5d9c6036656bba13299bf959ed190fc51e2564024b9872ecd84001f87ea92",
            "accept": true,
            "reason": {
              "url": "",
              "body": ""
            },
            "optCastAt": "2025-10-29T16:08:25.595355Z"
          }
        ]
      ],
      "trackingCid": "00523ea18c312f4fd9c08079949b569b57f2683fd5190979a29bb1c337ab40eb4cca11122021ccbcf95956442af99ff9f51d2ff5b1467243c80fc55e09f3153b6fe4b6ece5",
      "targetEffectiveAt": "2025-11-05T21:20:00Z"
    },
    {
      "dso": "DSO::1220b1431ef217342db44d516bb9befde802be7d8899637d290895fa58880f19accc",
      "requester": "Digital-Asset-2",
      "action": {
        "tag": "ARC_DsoRules",
        "value": {
          "dsoAction": {
            "tag": "SRARC_GrantFeaturedAppRight",
            "value": {
              "provider": "cantor8-digik-1::12204dcfad78c016ab59babba72d4ffe9bdca8aeaf6299a3f0da59523ee3f765b053"
            }
          }
        }
      },
      "reason": {
        "url": "https://lists.sync.global/g/tokenomics-announce/topic/tokenomics_outcomes/114836496",
        "body": "CB Wallet by Cantor8 is a mobile/ web wallet solution with external signing. Any one using the app can create an account on any validator node that supports our wallet. The account will have external signing capabilities and Canton Coin transfer (with more digital assests coming soon). The keys are stored within the user's device and are never exposed to the validator or anyone other than the user.  CB Wallet was built by DigiK, a portfolio company of Cantor8. "
      },
      "voteBefore": "2025-11-04T22:29:00.127020Z",
      "votes": [
        [
          "Cumberland-1",
          {
            "sv": "Cumberland-1::12201aa8a23046d5740c9edd58f7e820c83e7f5c58f25551f955f3252d3a04240860",
            "accept": true,
            "reason": {
              "url": "",
              "body": ""
            },
            "optCastAt": "2025-10-30T20:10:15.970614Z"
          }
        ],
        [
          "Cumberland-2",
          {
            "sv": "Cumberland-2::1220120801da0994334c869a6db19d9321f3d5baf9e40377830a90c2af78658aede6",
            "accept": true,
            "reason": {
              "url": "",
              "body": ""
            },
            "optCastAt": "2025-10-30T20:10:01.098800Z"
          }
        ],
        [
          "Digital-Asset-2",
          {
            "sv": "Digital-Asset-2::12209b21d512c6a7e2f5d215266fe6568cb732caaef7ff04e308f990a652340d3529",
            "accept": true,
            "reason": {
              "url": "",
              "body": "NOTE TYPO: Wallet name is C8 Wallet, not CB Wallet"
            },
            "optCastAt": "2025-10-29T15:08:09.288154Z"
          }
        ],
        [
          "Five-North-1",
          {
            "sv": "Five-North-1::1220520b6d396b91c4b13a1786bd5f317e4240001632d4a628c1c4f53a0b5165ba98",
            "accept": true,
            "reason": {
              "url": "",
              "body": ""
            },
            "optCastAt": "2025-10-29T16:43:56.436934Z"
          }
        ],
        [
          "Liberty-City-Ventures-1",
          {
            "sv": "Liberty-City-Ventures-1::1220c8a81a9d60198fd67aa596f8af90cfe57f5966964427e32f2dab1570ad0d9a25",
            "accept": true,
            "reason": {
              "url": "",
              "body": ""
            },
            "optCastAt": "2025-10-29T16:03:24.957048Z"
          }
        ],
        [
          "MPC-Holding-Inc",
          {
            "sv": "MPC-Holding-Inc::12204783725aa3adcd787311531134baed8b9b28ccf76b100c62b8d4995842aabd6b",
            "accept": true,
            "reason": {
              "url": "",
              "body": ""
            },
            "optCastAt": "2025-10-29T16:00:53.559070Z"
          }
        ],
        [
          "Orb-1-LP-1",
          {
            "sv": "Orb-1-LP-1::122059e5d9c6036656bba13299bf959ed190fc51e2564024b9872ecd84001f87ea92",
            "accept": true,
            "reason": {
              "url": "",
              "body": ""
            },
            "optCastAt": "2025-10-29T16:01:30.688372Z"
          }
        ]
      ],
      "trackingCid": "00916d0f2d4d43dcc880865b4f5c8902a665f47d2911fa3179d7942795ebbb7bebca1112204b2eed868185cbc1a8946bcf9d666feca82fd99882b13667420eb891f407377c",
      "targetEffectiveAt": "2025-11-05T22:29:00Z"
    },
    {
      "dso": "DSO::1220b1431ef217342db44d516bb9befde802be7d8899637d290895fa58880f19accc",
      "requester": "Global-Synchronizer-Foundation",
      "action": {
        "tag": "ARC_DsoRules",
        "value": {
          "dsoAction": {
            "tag": "SRARC_UpdateSvRewardWeight",
            "value": {
              "svParty": "Global-Synchronizer-Foundation::1220b0867964b602f2cc7ea61324a95f000f0060e735cfaf4f23f424fdab02c170ac",
              "newRewardWeight": "1355000"
            }
          }
        }
      },
      "reason": {
        "url": "https://lists.sync.global/g/cip-announce/message/56",
        "body": "According to CIP-0085, Talos is approved as a Weight 6.5 Super Validator. The voting proposal is to increase GSF minting weight by 6.5."
      },
      "voteBefore": "2025-11-03T12:00:53.936830Z",
      "votes": [
        [
          "C7-Technology-Services-Limited",
          {
            "sv": "C7-Technology-Services-Limited::122027859595a9f295312977656425f2360813ce5a2681aadc7605d2e198dc82a877",
            "accept": true,
            "reason": {
              "url": "",
              "body": ""
            },
            "optCastAt": "2025-10-28T15:09:52.002480Z"
          }
        ],
        [
          "Cumberland-1",
          {
            "sv": "Cumberland-1::12201aa8a23046d5740c9edd58f7e820c83e7f5c58f25551f955f3252d3a04240860",
            "accept": true,
            "reason": {
              "url": "",
              "body": ""
            },
            "optCastAt": "2025-10-30T20:10:49.732699Z"
          }
        ],
        [
          "Digital-Asset-1",
          {
            "sv": "Digital-Asset-1::12203a616cd41a519d1950ffd4df0ced808cce3bea558d684296c007bb8e12d7f649",
            "accept": true,
            "reason": {
              "url": "",
              "body": ""
            },
            "optCastAt": "2025-10-28T15:29:44.882934Z"
          }
        ],
        [
          "Digital-Asset-2",
          {
            "sv": "Digital-Asset-2::12209b21d512c6a7e2f5d215266fe6568cb732caaef7ff04e308f990a652340d3529",
            "accept": true,
            "reason": {
              "url": "",
              "body": ""
            },
            "optCastAt": "2025-10-28T15:29:59.328705Z"
          }
        ],
        [
          "Five-North-1",
          {
            "sv": "Five-North-1::1220520b6d396b91c4b13a1786bd5f317e4240001632d4a628c1c4f53a0b5165ba98",
            "accept": true,
            "reason": {
              "url": "",
              "body": ""
            },
            "optCastAt": "2025-10-29T16:29:57.242849Z"
          }
        ],
        [
          "Global-Synchronizer-Foundation",
          {
            "sv": "Global-Synchronizer-Foundation::1220b0867964b602f2cc7ea61324a95f000f0060e735cfaf4f23f424fdab02c170ac",
            "accept": true,
            "reason": {
              "url": "",
              "body": "I accept, as I requested the vote."
            },
            "optCastAt": "2025-10-27T11:17:58.057830Z"
          }
        ],
        [
          "Liberty-City-Ventures-1",
          {
            "sv": "Liberty-City-Ventures-1::1220c8a81a9d60198fd67aa596f8af90cfe57f5966964427e32f2dab1570ad0d9a25",
            "accept": true,
            "reason": {
              "url": "",
              "body": ""
            },
            "optCastAt": "2025-10-28T16:17:40.862994Z"
          }
        ],
        [
          "MPC-Holding-Inc",
          {
            "sv": "MPC-Holding-Inc::12204783725aa3adcd787311531134baed8b9b28ccf76b100c62b8d4995842aabd6b",
            "accept": true,
            "reason": {
              "url": "",
              "body": ""
            },
            "optCastAt": "2025-10-28T16:15:24.059541Z"
          }
        ],
        [
          "Orb-1-LP-1",
          {
            "sv": "Orb-1-LP-1::122059e5d9c6036656bba13299bf959ed190fc51e2564024b9872ecd84001f87ea92",
            "accept": true,
            "reason": {
              "url": "",
              "body": ""
            },
            "optCastAt": "2025-10-28T16:12:52.736506Z"
          }
        ],
        [
          "Proof-Group-1",
          {
            "sv": "Proof-Group-1::1220a0027410294266f712c1a4787d2dcb9be20b712486dca010d4d9cdbe3e809385",
            "accept": true,
            "reason": {
              "url": "",
              "body": ""
            },
            "optCastAt": "2025-10-29T00:39:22.342380Z"
          }
        ],
        [
          "Tradeweb-Markets-1",
          {
            "sv": "Tradeweb-Markets-1::12203cd253ff9f6526c871dd6a9b3af8d1f0484ff0910e6cae75e9bcf76d1be5ff99",
            "accept": true,
            "reason": {
              "url": "",
              "body": ""
            },
            "optCastAt": "2025-10-27T15:34:10.909122Z"
          }
        ]
      ],
      "trackingCid": "0017eb5c33cfecb7fb18e93ab2d86e12f8d380b04aa0b53292ded19deb9c2dbb20ca1112206419275e4ef26492a68c9fbf3f83374285189ade235359c3ff36350c24f29a06",
      "targetEffectiveAt": "2025-11-04T12:00:53.625Z"
    },
    {
      "dso": "DSO::1220b1431ef217342db44d516bb9befde802be7d8899637d290895fa58880f19accc",
      "requester": "Global-Synchronizer-Foundation",
      "action": {
        "tag": "ARC_DsoRules",
        "value": {
          "dsoAction": {
            "tag": "SRARC_GrantFeaturedAppRight",
            "value": {
              "provider": "Pilot::1220dd489bd2242472a14015e9aebc12a48879a7e3aac60875506df30f7fce4e0f78"
            }
          }
        }
      },
      "reason": {
        "url": "https://lists.sync.global/g/tokenomics-announce/message/249",
        "body": "Pilot by Macao Mining is an AI-powered co-pilot that transforms blockchain data into actionable intelligence. It delivers agentic insights, automates analysis, and coordinates secure on-chain actions—helping enterprises and individuals navigate and operate confidently across decentralized networks."
      },
      "voteBefore": "2025-11-03T16:00:42.764213Z",
      "votes": [
        [
          "C7-Technology-Services-Limited",
          {
            "sv": "C7-Technology-Services-Limited::122027859595a9f295312977656425f2360813ce5a2681aadc7605d2e198dc82a877",
            "accept": true,
            "reason": {
              "url": "",
              "body": ""
            },
            "optCastAt": "2025-10-28T15:03:42.746566Z"
          }
        ],
        [
          "Cumberland-1",
          {
            "sv": "Cumberland-1::12201aa8a23046d5740c9edd58f7e820c83e7f5c58f25551f955f3252d3a04240860",
            "accept": true,
            "reason": {
              "url": "",
              "body": ""
            },
            "optCastAt": "2025-10-30T20:24:23.399716Z"
          }
        ],
        [
          "Cumberland-2",
          {
            "sv": "Cumberland-2::1220120801da0994334c869a6db19d9321f3d5baf9e40377830a90c2af78658aede6",
            "accept": true,
            "reason": {
              "url": "",
              "body": ""
            },
            "optCastAt": "2025-10-30T20:25:00.385521Z"
          }
        ],
        [
          "Digital-Asset-1",
          {
            "sv": "Digital-Asset-1::12203a616cd41a519d1950ffd4df0ced808cce3bea558d684296c007bb8e12d7f649",
            "accept": true,
            "reason": {
              "url": "",
              "body": ""
            },
            "optCastAt": "2025-10-28T15:28:26.227191Z"
          }
        ],
        [
          "Digital-Asset-2",
          {
            "sv": "Digital-Asset-2::12209b21d512c6a7e2f5d215266fe6568cb732caaef7ff04e308f990a652340d3529",
            "accept": true,
            "reason": {
              "url": "",
              "body": ""
            },
            "optCastAt": "2025-10-28T15:28:42.220720Z"
          }
        ],
        [
          "Five-North-1",
          {
            "sv": "Five-North-1::1220520b6d396b91c4b13a1786bd5f317e4240001632d4a628c1c4f53a0b5165ba98",
            "accept": true,
            "reason": {
              "url": "",
              "body": ""
            },
            "optCastAt": "2025-10-29T07:24:04.962405Z"
          }
        ],
        [
          "Global-Synchronizer-Foundation",
          {
            "sv": "Global-Synchronizer-Foundation::1220b0867964b602f2cc7ea61324a95f000f0060e735cfaf4f23f424fdab02c170ac",
            "accept": true,
            "reason": {
              "url": "",
              "body": "I accept, as I requested the vote."
            },
            "optCastAt": "2025-10-27T15:58:57.030213Z"
          }
        ],
        [
          "Liberty-City-Ventures-1",
          {
            "sv": "Liberty-City-Ventures-1::1220c8a81a9d60198fd67aa596f8af90cfe57f5966964427e32f2dab1570ad0d9a25",
            "accept": true,
            "reason": {
              "url": "",
              "body": ""
            },
            "optCastAt": "2025-10-28T16:17:49.749699Z"
          }
        ],
        [
          "MPC-Holding-Inc",
          {
            "sv": "MPC-Holding-Inc::12204783725aa3adcd787311531134baed8b9b28ccf76b100c62b8d4995842aabd6b",
            "accept": true,
            "reason": {
              "url": "",
              "body": ""
            },
            "optCastAt": "2025-10-28T16:15:12.152485Z"
          }
        ],
        [
          "Orb-1-LP-1",
          {
            "sv": "Orb-1-LP-1::122059e5d9c6036656bba13299bf959ed190fc51e2564024b9872ecd84001f87ea92",
            "accept": true,
            "reason": {
              "url": "",
              "body": ""
            },
            "optCastAt": "2025-10-28T16:13:14.567813Z"
          }
        ],
        [
          "Proof-Group-1",
          {
            "sv": "Proof-Group-1::1220a0027410294266f712c1a4787d2dcb9be20b712486dca010d4d9cdbe3e809385",
            "accept": true,
            "reason": {
              "url": "",
              "body": ""
            },
            "optCastAt": "2025-10-29T00:40:36.997362Z"
          }
        ]
      ],
      "trackingCid": "007bf84e1c3af5ec347e9a62973a41e471b47f5b0319461ca7eb207cfd6f4811a9ca1112209035e7b62d3e01738cf579e474e40121da17a9f2966162f8443c06861a3887c3",
      "targetEffectiveAt": "2025-11-04T16:00:42.568Z"
    },
    {
      "dso": "DSO::1220b1431ef217342db44d516bb9befde802be7d8899637d290895fa58880f19accc",
      "requester": "Digital-Asset-2",
      "action": {
        "tag": "ARC_DsoRules",
        "value": {
          "dsoAction": {
            "tag": "SRARC_GrantFeaturedAppRight",
            "value": {
              "provider": "ByBit-MainNetValidator-1::12202c9fc5180723f14e87c88d316355817dd565afc2a897706a789086c33cd6a095"
            }
          }
        }
      },
      "reason": {
        "url": "https://lists.sync.global/g/supervalidator-announce/topic/featured_app_vote_proposal_on/115938869",
        "body": "On October 24th, 2025, the Tokenomics working group of the Canton Foundation pre-approved Featured Application status for a set of exchange, wallet and custodian partners. The list of pre-approved partners was distributed to Super Validator operators who will implement featured application status onchain for these partners once they are ready to make those plans public. \n\nThis proposal presents the featured app party for ByBit, an exchange included on the preapproved list."
      },
      "voteBefore": "2025-11-01T00:57:00.191080Z",
      "votes": [
        [
          "C7-Technology-Services-Limited",
          {
            "sv": "C7-Technology-Services-Limited::122027859595a9f295312977656425f2360813ce5a2681aadc7605d2e198dc82a877",
            "accept": true,
            "reason": {
              "url": "",
              "body": ""
            },
            "optCastAt": "2025-10-28T14:56:52.196911Z"
          }
        ],
        [
          "Cumberland-1",
          {
            "sv": "Cumberland-1::12201aa8a23046d5740c9edd58f7e820c83e7f5c58f25551f955f3252d3a04240860",
            "accept": true,
            "reason": {
              "url": "",
              "body": ""
            },
            "optCastAt": "2025-10-30T20:26:23.685407Z"
          }
        ],
        [
          "Cumberland-2",
          {
            "sv": "Cumberland-2::1220120801da0994334c869a6db19d9321f3d5baf9e40377830a90c2af78658aede6",
            "accept": true,
            "reason": {
              "url": "",
              "body": ""
            },
            "optCastAt": "2025-10-30T20:25:37.729384Z"
          }
        ],
        [
          "Digital-Asset-1",
          {
            "sv": "Digital-Asset-1::12203a616cd41a519d1950ffd4df0ced808cce3bea558d684296c007bb8e12d7f649",
            "accept": true,
            "reason": {
              "url": "",
              "body": "post DA-1 reonboard"
            },
            "optCastAt": "2025-10-27T22:23:07.659944Z"
          }
        ],
        [
          "Digital-Asset-2",
          {
            "sv": "Digital-Asset-2::12209b21d512c6a7e2f5d215266fe6568cb732caaef7ff04e308f990a652340d3529",
            "accept": true,
            "reason": {
              "url": "",
              "body": "I accept, as I requested the vote."
            },
            "optCastAt": "2025-10-25T01:36:36.758080Z"
          }
        ],
        [
          "Five-North-1",
          {
            "sv": "Five-North-1::1220520b6d396b91c4b13a1786bd5f317e4240001632d4a628c1c4f53a0b5165ba98",
            "accept": true,
            "reason": {
              "url": "",
              "body": ""
            },
            "optCastAt": "2025-10-25T01:59:34.023370Z"
          }
        ],
        [
          "Global-Synchronizer-Foundation",
          {
            "sv": "Global-Synchronizer-Foundation::1220b0867964b602f2cc7ea61324a95f000f0060e735cfaf4f23f424fdab02c170ac",
            "accept": true,
            "reason": {
              "url": "",
              "body": ""
            },
            "optCastAt": "2025-10-28T11:03:36.459936Z"
          }
        ],
        [
          "Liberty-City-Ventures-1",
          {
            "sv": "Liberty-City-Ventures-1::1220c8a81a9d60198fd67aa596f8af90cfe57f5966964427e32f2dab1570ad0d9a25",
            "accept": true,
            "reason": {
              "url": "",
              "body": ""
            },
            "optCastAt": "2025-10-28T16:17:18.347643Z"
          }
        ],
        [
          "MPC-Holding-Inc",
          {
            "sv": "MPC-Holding-Inc::12204783725aa3adcd787311531134baed8b9b28ccf76b100c62b8d4995842aabd6b",
            "accept": true,
            "reason": {
              "url": "",
              "body": ""
            },
            "optCastAt": "2025-10-28T16:16:05.796838Z"
          }
        ],
        [
          "Orb-1-LP-1",
          {
            "sv": "Orb-1-LP-1::122059e5d9c6036656bba13299bf959ed190fc51e2564024b9872ecd84001f87ea92",
            "accept": true,
            "reason": {
              "url": "",
              "body": ""
            },
            "optCastAt": "2025-10-28T16:11:20.211906Z"
          }
        ],
        [
          "Proof-Group-1",
          {
            "sv": "Proof-Group-1::1220a0027410294266f712c1a4787d2dcb9be20b712486dca010d4d9cdbe3e809385",
            "accept": true,
            "reason": {
              "url": "",
              "body": ""
            },
            "optCastAt": "2025-10-29T00:39:54.083796Z"
          }
        ],
        [
          "SV-Nodeops-Limited",
          {
            "sv": "SV-Nodeops-Limited::1220734414a4b0658bb2be4caf33205e5a45bf8dc5207e3bfc769d361582dc72feef",
            "accept": true,
            "reason": {
              "url": "https://sbisecsol.slack.com/archives/C05CRQVN7HB/p1761536963822399?thread_ts=1761533921.167709&cid=C05CRQVN7HB",
              "body": ""
            },
            "optCastAt": "2025-10-27T04:50:41.633892Z"
          }
        ],
        [
          "Tradeweb-Markets-1",
          {
            "sv": "Tradeweb-Markets-1::12203cd253ff9f6526c871dd6a9b3af8d1f0484ff0910e6cae75e9bcf76d1be5ff99",
            "accept": true,
            "reason": {
              "url": "",
              "body": ""
            },
            "optCastAt": "2025-10-27T15:34:31.700675Z"
          }
        ]
      ],
      "trackingCid": "00610cffce9cf5202f71d56e0e931aec92bc4d9779629b1cc4f0cd4eb837e5670fca11122047d3d8fa1040617e88f44d59cdf178780bd9e096aad8a1a7ba22f70f49717cb2",
      "targetEffectiveAt": "2025-11-02T00:57:00Z"
    },
    {
      "dso": "DSO::1220b1431ef217342db44d516bb9befde802be7d8899637d290895fa58880f19accc",
      "requester": "Global-Synchronizer-Foundation",
      "action": {
        "tag": "ARC_DsoRules",
        "value": {
          "dsoAction": {
            "tag": "SRARC_GrantFeaturedAppRight",
            "value": {
              "provider": "AllDeFi::1220e147f3b28b555a6970b3a8ef0bf48fab4c556761870f1b11f56839f7a5046963"
            }
          }
        }
      },
      "reason": {
        "url": "https://lists.sync.global/g/tokenomics-announce/message/245",
        "body": "ALL DEFI is a platform of yield generating strategies developed by professional asset managers for decentralized money. AllDeFi leverages smart contracts to provide asset management services comparable to the best traditional hedge funds."
      },
      "voteBefore": "2025-10-30T14:00:14.581250Z",
      "votes": [
        [
          "C7-Technology-Services-Limited",
          {
            "sv": "C7-Technology-Services-Limited::122027859595a9f295312977656425f2360813ce5a2681aadc7605d2e198dc82a877",
            "accept": true,
            "reason": {
              "url": "",
              "body": ""
            },
            "optCastAt": "2025-10-28T15:03:24.873518Z"
          }
        ],
        [
          "Cumberland-1",
          {
            "sv": "Cumberland-1::12201aa8a23046d5740c9edd58f7e820c83e7f5c58f25551f955f3252d3a04240860",
            "accept": true,
            "reason": {
              "url": "",
              "body": ""
            },
            "optCastAt": "2025-10-30T20:28:11.860079Z"
          }
        ],
        [
          "Cumberland-2",
          {
            "sv": "Cumberland-2::1220120801da0994334c869a6db19d9321f3d5baf9e40377830a90c2af78658aede6",
            "accept": true,
            "reason": {
              "url": "",
              "body": ""
            },
            "optCastAt": "2025-10-30T20:27:26.634883Z"
          }
        ],
        [
          "Digital-Asset-1",
          {
            "sv": "Digital-Asset-1::12203a616cd41a519d1950ffd4df0ced808cce3bea558d684296c007bb8e12d7f649",
            "accept": true,
            "reason": {
              "url": "",
              "body": "post DA-1 reonboard"
            },
            "optCastAt": "2025-10-27T22:22:54.267858Z"
          }
        ],
        [
          "Digital-Asset-2",
          {
            "sv": "Digital-Asset-2::12209b21d512c6a7e2f5d215266fe6568cb732caaef7ff04e308f990a652340d3529",
            "accept": true,
            "reason": {
              "url": "",
              "body": ""
            },
            "optCastAt": "2025-10-24T21:53:45.651847Z"
          }
        ],
        [
          "Five-North-1",
          {
            "sv": "Five-North-1::1220520b6d396b91c4b13a1786bd5f317e4240001632d4a628c1c4f53a0b5165ba98",
            "accept": true,
            "reason": {
              "url": "",
              "body": ""
            },
            "optCastAt": "2025-10-25T02:05:27.699997Z"
          }
        ],
        [
          "Global-Synchronizer-Foundation",
          {
            "sv": "Global-Synchronizer-Foundation::1220b0867964b602f2cc7ea61324a95f000f0060e735cfaf4f23f424fdab02c170ac",
            "accept": true,
            "reason": {
              "url": "",
              "body": "I accept, as I requested the vote."
            },
            "optCastAt": "2025-10-23T12:33:34.828250Z"
          }
        ],
        [
          "Liberty-City-Ventures-1",
          {
            "sv": "Liberty-City-Ventures-1::1220c8a81a9d60198fd67aa596f8af90cfe57f5966964427e32f2dab1570ad0d9a25",
            "accept": true,
            "reason": {
              "url": "",
              "body": ""
            },
            "optCastAt": "2025-10-23T12:56:42.929992Z"
          }
        ],
        [
          "MPC-Holding-Inc",
          {
            "sv": "MPC-Holding-Inc::12204783725aa3adcd787311531134baed8b9b28ccf76b100c62b8d4995842aabd6b",
            "accept": true,
            "reason": {
              "url": "",
              "body": ""
            },
            "optCastAt": "2025-10-23T12:55:54.790179Z"
          }
        ],
        [
          "Orb-1-LP-1",
          {
            "sv": "Orb-1-LP-1::122059e5d9c6036656bba13299bf959ed190fc51e2564024b9872ecd84001f87ea92",
            "accept": true,
            "reason": {
              "url": "",
              "body": ""
            },
            "optCastAt": "2025-10-23T12:57:13.762184Z"
          }
        ],
        [
          "Proof-Group-1",
          {
            "sv": "Proof-Group-1::1220a0027410294266f712c1a4787d2dcb9be20b712486dca010d4d9cdbe3e809385",
            "accept": true,
            "reason": {
              "url": "",
              "body": ""
            },
            "optCastAt": "2025-10-29T00:38:55.400422Z"
          }
        ],
        [
          "SV-Nodeops-Limited",
          {
            "sv": "SV-Nodeops-Limited::1220734414a4b0658bb2be4caf33205e5a45bf8dc5207e3bfc769d361582dc72feef",
            "accept": true,
            "reason": {
              "url": "https://sbisecsol.slack.com/archives/C05CRQVN7HB/p1761279701860839?thread_ts=1761271381.094889&cid=C05CRQVN7HB",
              "body": ""
            },
            "optCastAt": "2025-10-24T04:39:23.006800Z"
          }
        ],
        [
          "Tradeweb-Markets-1",
          {
            "sv": "Tradeweb-Markets-1::12203cd253ff9f6526c871dd6a9b3af8d1f0484ff0910e6cae75e9bcf76d1be5ff99",
            "accept": true,
            "reason": {
              "url": "",
              "body": ""
            },
            "optCastAt": "2025-10-27T15:35:17.269456Z"
          }
        ]
      ],
      "trackingCid": "00370e42c2db3abc0bc02ecf47074b737d98613a99aed4c6913ad43f8752fe837fca111220b010c7b8aead401804d073b2568da6664516e37dba3b495be72a15a3c6378072",
      "targetEffectiveAt": "2025-10-31T14:00:14.222Z"
    },
    {
      "dso": "DSO::1220b1431ef217342db44d516bb9befde802be7d8899637d290895fa58880f19accc",
      "requester": "MPC-Holding-Inc",
      "action": {
        "tag": "ARC_DsoRules",
        "value": {
          "dsoAction": {
            "tag": "SRARC_GrantFeaturedAppRight",
            "value": {
              "provider": "auth0_007c68d2894fe33775a90f6235ef::1220be1c48dd490ecf762b3a91ee25cd4588650444597db1115551a9d00a93138a48"
            }
          }
        }
      },
      "reason": {
        "url": "https://lists.sync.global/g/tokenomics-announce/message/249",
        "body": "Featured App of Orphil LLC approved by vote of Tokenomics."
      },
      "voteBefore": "2025-10-30T10:01:09.610189Z",
      "votes": [
        [
          "C7-Technology-Services-Limited",
          {
            "sv": "C7-Technology-Services-Limited::122027859595a9f295312977656425f2360813ce5a2681aadc7605d2e198dc82a877",
            "accept": true,
            "reason": {
              "url": "",
              "body": ""
            },
            "optCastAt": "2025-10-28T14:56:05.792382Z"
          }
        ],
        [
          "Cumberland-1",
          {
            "sv": "Cumberland-1::12201aa8a23046d5740c9edd58f7e820c83e7f5c58f25551f955f3252d3a04240860",
            "accept": true,
            "reason": {
              "url": "",
              "body": ""
            },
            "optCastAt": "2025-10-30T20:29:12.685174Z"
          }
        ],
        [
          "Cumberland-2",
          {
            "sv": "Cumberland-2::1220120801da0994334c869a6db19d9321f3d5baf9e40377830a90c2af78658aede6",
            "accept": true,
            "reason": {
              "url": "",
              "body": ""
            },
            "optCastAt": "2025-10-30T20:30:04.130190Z"
          }
        ],
        [
          "Digital-Asset-1",
          {
            "sv": "Digital-Asset-1::12203a616cd41a519d1950ffd4df0ced808cce3bea558d684296c007bb8e12d7f649",
            "accept": true,
            "reason": {
              "url": "",
              "body": "post DA-1 reonboard"
            },
            "optCastAt": "2025-10-27T22:22:36.643773Z"
          }
        ],
        [
          "Digital-Asset-2",
          {
            "sv": "Digital-Asset-2::12209b21d512c6a7e2f5d215266fe6568cb732caaef7ff04e308f990a652340d3529",
            "accept": true,
            "reason": {
              "url": "",
              "body": ""
            },
            "optCastAt": "2025-10-24T21:51:35.575210Z"
          }
        ],
        [
          "Five-North-1",
          {
            "sv": "Five-North-1::1220520b6d396b91c4b13a1786bd5f317e4240001632d4a628c1c4f53a0b5165ba98",
            "accept": true,
            "reason": {
              "url": "",
              "body": ""
            },
            "optCastAt": "2025-10-25T02:00:28.084826Z"
          }
        ],
        [
          "Global-Synchronizer-Foundation",
          {
            "sv": "Global-Synchronizer-Foundation::1220b0867964b602f2cc7ea61324a95f000f0060e735cfaf4f23f424fdab02c170ac",
            "accept": true,
            "reason": {
              "url": "",
              "body": ""
            },
            "optCastAt": "2025-10-28T11:03:51.796327Z"
          }
        ],
        [
          "Liberty-City-Ventures-1",
          {
            "sv": "Liberty-City-Ventures-1::1220c8a81a9d60198fd67aa596f8af90cfe57f5966964427e32f2dab1570ad0d9a25",
            "accept": true,
            "reason": {
              "url": "",
              "body": ""
            },
            "optCastAt": "2025-10-23T12:57:26.187101Z"
          }
        ],
        [
          "MPC-Holding-Inc",
          {
            "sv": "MPC-Holding-Inc::12204783725aa3adcd787311531134baed8b9b28ccf76b100c62b8d4995842aabd6b",
            "accept": true,
            "reason": {
              "url": "",
              "body": "I accept, as I requested the vote."
            },
            "optCastAt": "2025-10-23T10:03:04.940189Z"
          }
        ],
        [
          "Orb-1-LP-1",
          {
            "sv": "Orb-1-LP-1::122059e5d9c6036656bba13299bf959ed190fc51e2564024b9872ecd84001f87ea92",
            "accept": true,
            "reason": {
              "url": "",
              "body": ""
            },
            "optCastAt": "2025-10-23T12:58:12.516068Z"
          }
        ],
        [
          "Proof-Group-1",
          {
            "sv": "Proof-Group-1::1220a0027410294266f712c1a4787d2dcb9be20b712486dca010d4d9cdbe3e809385",
            "accept": true,
            "reason": {
              "url": "",
              "body": ""
            },
            "optCastAt": "2025-10-29T00:34:48.656659Z"
          }
        ],
        [
          "SV-Nodeops-Limited",
          {
            "sv": "SV-Nodeops-Limited::1220734414a4b0658bb2be4caf33205e5a45bf8dc5207e3bfc769d361582dc72feef",
            "accept": true,
            "reason": {
              "url": "https://sbisecsol.slack.com/archives/C05CRQVN7HB/p1761279701860839?thread_ts=1761271381.094889&cid=C05CRQVN7HB",
              "body": ""
            },
            "optCastAt": "2025-10-24T04:31:45.986380Z"
          }
        ],
        [
          "Tradeweb-Markets-1",
          {
            "sv": "Tradeweb-Markets-1::12203cd253ff9f6526c871dd6a9b3af8d1f0484ff0910e6cae75e9bcf76d1be5ff99",
            "accept": true,
            "reason": {
              "url": "",
              "body": ""
            },
            "optCastAt": "2025-10-27T15:35:36.756826Z"
          }
        ]
      ],
      "trackingCid": "00095f4eca107b2806baae0eb9f4816861009ebb61c365dbb05353e44184812d0eca11122095894bec7eb533f28aadcacd2a5e53993af342c62fc7d95cd211bf29ae91f7fd",
      "targetEffectiveAt": "2025-10-31T10:01:11.982Z"
    },
    {
      "dso": "DSO::1220b1431ef217342db44d516bb9befde802be7d8899637d290895fa58880f19accc",
      "requester": "MPC-Holding-Inc",
      "action": {
        "tag": "ARC_DsoRules",
        "value": {
          "dsoAction": {
            "tag": "SRARC_GrantFeaturedAppRight",
            "value": {
              "provider": "auth0_007c68b849ffb53dbcab06ecd2a1::1220bca0d4ed76bda5da0bcbbd8ea91f047d0b8f4bc332084a735c936196d24c0cf3"
            }
          }
        }
      },
      "reason": {
        "url": "https://lists.sync.global/g/tokenomics-announce/message/249",
        "body": "Chainbridge Accounting & Advisory's App \"Canton Validator Tax Planner & Finance Hub\" approved by Tokenomics Vote."
      },
      "voteBefore": "2025-10-30T10:05:33.619346Z",
      "votes": [
        [
          "C7-Technology-Services-Limited",
          {
            "sv": "C7-Technology-Services-Limited::122027859595a9f295312977656425f2360813ce5a2681aadc7605d2e198dc82a877",
            "accept": true,
            "reason": {
              "url": "",
              "body": ""
            },
            "optCastAt": "2025-10-28T14:55:22.346082Z"
          }
        ],
        [
          "Cumberland-1",
          {
            "sv": "Cumberland-1::12201aa8a23046d5740c9edd58f7e820c83e7f5c58f25551f955f3252d3a04240860",
            "accept": true,
            "reason": {
              "url": "",
              "body": ""
            },
            "optCastAt": "2025-10-30T20:31:59.768Z"
          }
        ],
        [
          "Cumberland-2",
          {
            "sv": "Cumberland-2::1220120801da0994334c869a6db19d9321f3d5baf9e40377830a90c2af78658aede6",
            "accept": true,
            "reason": {
              "url": "",
              "body": ""
            },
            "optCastAt": "2025-10-30T20:31:20.776363Z"
          }
        ],
        [
          "Digital-Asset-1",
          {
            "sv": "Digital-Asset-1::12203a616cd41a519d1950ffd4df0ced808cce3bea558d684296c007bb8e12d7f649",
            "accept": true,
            "reason": {
              "url": "",
              "body": "post DA-1 reonboard"
            },
            "optCastAt": "2025-10-27T22:22:02.251940Z"
          }
        ],
        [
          "Digital-Asset-2",
          {
            "sv": "Digital-Asset-2::12209b21d512c6a7e2f5d215266fe6568cb732caaef7ff04e308f990a652340d3529",
            "accept": true,
            "reason": {
              "url": "",
              "body": ""
            },
            "optCastAt": "2025-10-24T21:52:25.468486Z"
          }
        ],
        [
          "Five-North-1",
          {
            "sv": "Five-North-1::1220520b6d396b91c4b13a1786bd5f317e4240001632d4a628c1c4f53a0b5165ba98",
            "accept": true,
            "reason": {
              "url": "",
              "body": ""
            },
            "optCastAt": "2025-10-25T02:00:10.674133Z"
          }
        ],
        [
          "Global-Synchronizer-Foundation",
          {
            "sv": "Global-Synchronizer-Foundation::1220b0867964b602f2cc7ea61324a95f000f0060e735cfaf4f23f424fdab02c170ac",
            "accept": true,
            "reason": {
              "url": "",
              "body": ""
            },
            "optCastAt": "2025-10-28T11:04:07.501642Z"
          }
        ],
        [
          "Liberty-City-Ventures-1",
          {
            "sv": "Liberty-City-Ventures-1::1220c8a81a9d60198fd67aa596f8af90cfe57f5966964427e32f2dab1570ad0d9a25",
            "accept": true,
            "reason": {
              "url": "",
              "body": ""
            },
            "optCastAt": "2025-10-23T12:57:06.187223Z"
          }
        ],
        [
          "MPC-Holding-Inc",
          {
            "sv": "MPC-Holding-Inc::12204783725aa3adcd787311531134baed8b9b28ccf76b100c62b8d4995842aabd6b",
            "accept": true,
            "reason": {
              "url": "",
              "body": "I accept, as I requested the vote."
            },
            "optCastAt": "2025-10-23T10:07:33.705346Z"
          }
        ],
        [
          "Orb-1-LP-1",
          {
            "sv": "Orb-1-LP-1::122059e5d9c6036656bba13299bf959ed190fc51e2564024b9872ecd84001f87ea92",
            "accept": true,
            "reason": {
              "url": "",
              "body": ""
            },
            "optCastAt": "2025-10-23T12:57:40.050128Z"
          }
        ],
        [
          "Proof-Group-1",
          {
            "sv": "Proof-Group-1::1220a0027410294266f712c1a4787d2dcb9be20b712486dca010d4d9cdbe3e809385",
            "accept": true,
            "reason": {
              "url": "",
              "body": ""
            },
            "optCastAt": "2025-10-29T00:34:00.667932Z"
          }
        ],
        [
          "SV-Nodeops-Limited",
          {
            "sv": "SV-Nodeops-Limited::1220734414a4b0658bb2be4caf33205e5a45bf8dc5207e3bfc769d361582dc72feef",
            "accept": true,
            "reason": {
              "url": "https://sbisecsol.slack.com/archives/C05CRQVN7HB/p1761279701860839?thread_ts=1761271381.094889&cid=C05CRQVN7HB",
              "body": ""
            },
            "optCastAt": "2025-10-24T04:32:12.658443Z"
          }
        ],
        [
          "Tradeweb-Markets-1",
          {
            "sv": "Tradeweb-Markets-1::12203cd253ff9f6526c871dd6a9b3af8d1f0484ff0910e6cae75e9bcf76d1be5ff99",
            "accept": true,
            "reason": {
              "url": "",
              "body": ""
            },
            "optCastAt": "2025-10-27T15:35:49.095099Z"
          }
        ]
      ],
      "trackingCid": "008ed406d0612e91c1cecc52560c314d846b67dd1584315bdf548bac0e70146c80ca11122044b6d49a64b48bde35164a4c86d21c2c29d63243c34de838c906cb179f541628",
      "targetEffectiveAt": "2025-10-31T10:05:36.178Z"
    },
    {
      "dso": "DSO::1220b1431ef217342db44d516bb9befde802be7d8899637d290895fa58880f19accc",
      "requester": "Five-North-1",
      "action": {
        "tag": "ARC_DsoRules",
        "value": {
          "dsoAction": {
            "tag": "SRARC_GrantFeaturedAppRight",
            "value": {
              "provider": "LoopID::1220940ccaf484be99fc67387ce461bd358aa6c76e43224e959a4bd20fe30a0b11c6"
            }
          }
        }
      },
      "reason": {
        "url": "https://lists.sync.global/g/tokenomics-announce/message/250",
        "body": "5N ID is a decentralized identity protocol built on the Canton Network, giving users full ownership and control of their credentials.\nIt enables a trustless, privacy-preserving exchange of verified information between users and applications, without intermediaries or centralized storage.\n\n5N ID extends Loop Wallet by adding an on-chain identity layer that enhances trust and transparency across all Canton apps."
      },
      "voteBefore": "2025-11-01T08:41:00.179764Z",
      "votes": [
        [
          "C7-Technology-Services-Limited",
          {
            "sv": "C7-Technology-Services-Limited::122027859595a9f295312977656425f2360813ce5a2681aadc7605d2e198dc82a877",
            "accept": true,
            "reason": {
              "url": "",
              "body": ""
            },
            "optCastAt": "2025-10-28T14:55:07.380699Z"
          }
        ],
        [
          "Cumberland-1",
          {
            "sv": "Cumberland-1::12201aa8a23046d5740c9edd58f7e820c83e7f5c58f25551f955f3252d3a04240860",
            "accept": true,
            "reason": {
              "url": "",
              "body": ""
            },
            "optCastAt": "2025-10-30T20:34:03.746064Z"
          }
        ],
        [
          "Cumberland-2",
          {
            "sv": "Cumberland-2::1220120801da0994334c869a6db19d9321f3d5baf9e40377830a90c2af78658aede6",
            "accept": true,
            "reason": {
              "url": "",
              "body": ""
            },
            "optCastAt": "2025-10-30T20:35:14.897599Z"
          }
        ],
        [
          "Digital-Asset-1",
          {
            "sv": "Digital-Asset-1::12203a616cd41a519d1950ffd4df0ced808cce3bea558d684296c007bb8e12d7f649",
            "accept": true,
            "reason": {
              "url": "",
              "body": ""
            },
            "optCastAt": "2025-10-28T15:27:25.745144Z"
          }
        ],
        [
          "Digital-Asset-2",
          {
            "sv": "Digital-Asset-2::12209b21d512c6a7e2f5d215266fe6568cb732caaef7ff04e308f990a652340d3529",
            "accept": true,
            "reason": {
              "url": "",
              "body": ""
            },
            "optCastAt": "2025-10-28T15:27:40.507467Z"
          }
        ],
        [
          "Five-North-1",
          {
            "sv": "Five-North-1::1220520b6d396b91c4b13a1786bd5f317e4240001632d4a628c1c4f53a0b5165ba98",
            "accept": true,
            "reason": {
              "url": "",
              "body": "I accept, as I requested the vote."
            },
            "optCastAt": "2025-10-25T08:42:54.890764Z"
          }
        ],
        [
          "Global-Synchronizer-Foundation",
          {
            "sv": "Global-Synchronizer-Foundation::1220b0867964b602f2cc7ea61324a95f000f0060e735cfaf4f23f424fdab02c170ac",
            "accept": true,
            "reason": {
              "url": "",
              "body": ""
            },
            "optCastAt": "2025-10-28T11:04:21.670094Z"
          }
        ],
        [
          "Liberty-City-Ventures-1",
          {
            "sv": "Liberty-City-Ventures-1::1220c8a81a9d60198fd67aa596f8af90cfe57f5966964427e32f2dab1570ad0d9a25",
            "accept": true,
            "reason": {
              "url": "",
              "body": ""
            },
            "optCastAt": "2025-10-28T16:17:58.847753Z"
          }
        ],
        [
          "MPC-Holding-Inc",
          {
            "sv": "MPC-Holding-Inc::12204783725aa3adcd787311531134baed8b9b28ccf76b100c62b8d4995842aabd6b",
            "accept": true,
            "reason": {
              "url": "",
              "body": ""
            },
            "optCastAt": "2025-10-28T16:14:53.493952Z"
          }
        ],
        [
          "Orb-1-LP-1",
          {
            "sv": "Orb-1-LP-1::122059e5d9c6036656bba13299bf959ed190fc51e2564024b9872ecd84001f87ea92",
            "accept": true,
            "reason": {
              "url": "",
              "body": ""
            },
            "optCastAt": "2025-10-28T16:13:30.507744Z"
          }
        ],
        [
          "Proof-Group-1",
          {
            "sv": "Proof-Group-1::1220a0027410294266f712c1a4787d2dcb9be20b712486dca010d4d9cdbe3e809385",
            "accept": true,
            "reason": {
              "url": "",
              "body": ""
            },
            "optCastAt": "2025-10-29T00:33:36.504600Z"
          }
        ],
        [
          "SV-Nodeops-Limited",
          {
            "sv": "SV-Nodeops-Limited::1220734414a4b0658bb2be4caf33205e5a45bf8dc5207e3bfc769d361582dc72feef",
            "accept": true,
            "reason": {
              "url": "https://sbisecsol.slack.com/archives/C05CRQVN7HB/p1761536963822399?thread_ts=1761533921.167709&cid=C05CRQVN7HB",
              "body": ""
            },
            "optCastAt": "2025-10-27T04:50:30.208812Z"
          }
        ],
        [
          "Tradeweb-Markets-1",
          {
            "sv": "Tradeweb-Markets-1::12203cd253ff9f6526c871dd6a9b3af8d1f0484ff0910e6cae75e9bcf76d1be5ff99",
            "accept": true,
            "reason": {
              "url": "",
              "body": ""
            },
            "optCastAt": "2025-10-27T15:34:45.544762Z"
          }
        ]
      ],
      "trackingCid": "002450e2a782107da821757aa201f2ff567f36f7ecb52783a9ff01c1d77c57b0d6ca11122004a197d3b5d2600aed23c924b24a19a17aa456eabff8b8acd1e49deada27f315",
      "targetEffectiveAt": "2025-11-02T08:41:00Z"
    }
  ]
}