{
  "metadata": {
    "template_id": "996a3b619d6b65ca7812881978c44c650cac119de78f5317d1f317658943001c:Splice.DSO.SvState:SvRewardState",
    "canonical_package": "3ca1343ab26b453d38c8adb70dca5f1ead8440c42b59b68f070786955cbf9ec1",
    "migration_id": 3,
    "record_time": "2025-10-30T21:00:00Z",
    "timestamp": "2025-10-30T23:52:55.980Z",
    "entry_count": 13
  },
  "data": [
    {
      "dso": "DSO::1220b1431ef217342db44d516bb9befde802be7d8899637d290895fa58880f19accc",
      "svName": "Liberty-City-Ventures-1",
      "state": {
        "numRoundsMissed": "14",
        "numRoundsCollected": "27395",
        "lastRoundCollected": {
          "number": "68517"
        },
        "numCouponsIssued": "25468"
      }
    },
    {
      "dso": "DSO::1220b1431ef217342db44d516bb9befde802be7d8899637d290895fa58880f19accc",
      "svName": "SV-Nodeops-Limited",
      "state": {
        "numRoundsMissed": "27",
        "numRoundsCollected": "68491",
        "lastRoundCollected": {
          "number": "68517"
        },
        "numCouponsIssued": "68491"
      }
    },
    {
      "dso": "DSO::1220b1431ef217342db44d516bb9befde802be7d8899637d290895fa58880f19accc",
      "svName": "Global-Synchronizer-Foundation",
      "state": {
        "numRoundsMissed": "106",
        "numRoundsCollected": "68412",
        "lastRoundCollected": {
          "number": "68517"
        },
        "numCouponsIssued": "813290"
      }
    },
    {
      "dso": "DSO::1220b1431ef217342db44d516bb9befde802be7d8899637d290895fa58880f19accc",
      "svName": "Tradeweb-Markets-1",
      "state": {
        "numRoundsMissed": "60",
        "numRoundsCollected": "47064",
        "lastRoundCollected": {
          "number": "68517"
        },
        "numCouponsIssued": "43869"
      }
    },
    {
      "dso": "DSO::1220b1431ef217342db44d516bb9befde802be7d8899637d290895fa58880f19accc",
      "svName": "MPC-Holding-Inc",
      "state": {
        "numRoundsMissed": "30",
        "numRoundsCollected": "58557",
        "lastRoundCollected": {
          "number": "68518"
        },
        "numCouponsIssued": "104408"
      }
    },
    {
      "dso": "DSO::1220b1431ef217342db44d516bb9befde802be7d8899637d290895fa58880f19accc",
      "svName": "Proof-Group-1",
      "state": {
        "numRoundsMissed": "65",
        "numRoundsCollected": "27349",
        "lastRoundCollected": {
          "number": "68518"
        },
        "numCouponsIssued": "25282"
      }
    },
    {
      "dso": "DSO::1220b1431ef217342db44d516bb9befde802be7d8899637d290895fa58880f19accc",
      "svName": "Cumberland-2",
      "state": {
        "numRoundsMissed": "11",
        "numRoundsCollected": "68508",
        "lastRoundCollected": {
          "number": "68518"
        },
        "numCouponsIssued": "68508"
      }
    },
    {
      "dso": "DSO::1220b1431ef217342db44d516bb9befde802be7d8899637d290895fa58880f19accc",
      "svName": "Orb-1-LP-1",
      "state": {
        "numRoundsMissed": "12",
        "numRoundsCollected": "50893",
        "lastRoundCollected": {
          "number": "68518"
        },
        "numCouponsIssued": "101316"
      }
    },
    {
      "dso": "DSO::1220b1431ef217342db44d516bb9befde802be7d8899637d290895fa58880f19accc",
      "svName": "Five-North-1",
      "state": {
        "numRoundsMissed": "0",
        "numRoundsCollected": "27414",
        "lastRoundCollected": {
          "number": "68518"
        },
        "numCouponsIssued": "26759"
      }
    },
    {
      "dso": "DSO::1220b1431ef217342db44d516bb9befde802be7d8899637d290895fa58880f19accc",
      "svName": "C7-Technology-Services-Limited",
      "state": {
        "numRoundsMissed": "5",
        "numRoundsCollected": "40339",
        "lastRoundCollected": {
          "number": "68518"
        },
        "numCouponsIssued": "39132"
      }
    },
    {
      "dso": "DSO::1220b1431ef217342db44d516bb9befde802be7d8899637d290895fa58880f19accc",
      "svName": "Digital-Asset-1",
      "state": {
        "numRoundsMissed": "1050",
        "numRoundsCollected": "67469",
        "lastRoundCollected": {
          "number": "68518"
        },
        "numCouponsIssued": "65395"
      }
    },
    {
      "dso": "DSO::1220b1431ef217342db44d516bb9befde802be7d8899637d290895fa58880f19accc",
      "svName": "Digital-Asset-2",
      "state": {
        "numRoundsMissed": "10",
        "numRoundsCollected": "68509",
        "lastRoundCollected": {
          "number": "68518"
        },
        "numCouponsIssued": "68509"
      }
    },
    {
      "dso": "DSO::1220b1431ef217342db44d516bb9befde802be7d8899637d290895fa58880f19accc",
      "svName": "Cumberland-1",
      "state": {
        "numRoundsMissed": "16",
        "numRoundsCollected": "68503",
        "lastRoundCollected": {
          "number": "68518"
        },
        "numCouponsIssued": "68503"
      }
    }
  ]
}