{
  "metadata": {
    "template_id": "996a3b619d6b65ca7812881978c44c650cac119de78f5317d1f317658943001c:Splice.DSO.SvState:SvStatusReport",
    "canonical_package": "3ca1343ab26b453d38c8adb70dca5f1ead8440c42b59b68f070786955cbf9ec1",
    "migration_id": 3,
    "record_time": "2025-10-30T21:00:00Z",
    "timestamp": "2025-10-30T23:52:55.981Z",
    "entry_count": 13
  },
  "data": [
    {
      "dso": "DSO::1220b1431ef217342db44d516bb9befde802be7d8899637d290895fa58880f19accc",
      "sv": "Orb-1-LP-1::122059e5d9c6036656bba13299bf959ed190fc51e2564024b9872ecd84001f87ea92",
      "svName": "Orb-1-LP-1",
      "number": "447447",
      "status": {
        "createdAt": "2025-10-30T20:57:55.847211Z",
        "cometBftHeight": "28491604",
        "mediatorSynchronizerTime": "2025-10-30T20:57:53.248545Z",
        "participantSynchronizerTime": "2025-10-30T20:57:55.110527Z",
        "latestOpenRound": {
          "number": "68519"
        }
      }
    },
    {
      "dso": "DSO::1220b1431ef217342db44d516bb9befde802be7d8899637d290895fa58880f19accc",
      "sv": "Tradeweb-Markets-1::12203cd253ff9f6526c871dd6a9b3af8d1f0484ff0910e6cae75e9bcf76d1be5ff99",
      "svName": "Tradeweb-Markets-1",
      "number": "411535",
      "status": {
        "createdAt": "2025-10-30T20:57:59.955406Z",
        "cometBftHeight": "28491598",
        "mediatorSynchronizerTime": "2025-10-30T20:57:51.587024Z",
        "participantSynchronizerTime": "2025-10-30T20:57:55.910885Z",
        "latestOpenRound": {
          "number": "68519"
        }
      }
    },
    {
      "dso": "DSO::1220b1431ef217342db44d516bb9befde802be7d8899637d290895fa58880f19accc",
      "sv": "C7-Technology-Services-Limited::122027859595a9f295312977656425f2360813ce5a2681aadc7605d2e198dc82a877",
      "svName": "C7-Technology-Services-Limited",
      "number": "344229",
      "status": {
        "createdAt": "2025-10-30T20:58:04.784302Z",
        "cometBftHeight": "28491611",
        "mediatorSynchronizerTime": "2025-10-30T20:57:56.343811Z",
        "participantSynchronizerTime": "2025-10-30T20:58:03.370569Z",
        "latestOpenRound": {
          "number": "68519"
        }
      }
    },
    {
      "dso": "DSO::1220b1431ef217342db44d516bb9befde802be7d8899637d290895fa58880f19accc",
      "sv": "Global-Synchronizer-Foundation::1220b0867964b602f2cc7ea61324a95f000f0060e735cfaf4f23f424fdab02c170ac",
      "svName": "Global-Synchronizer-Foundation",
      "number": "626540",
      "status": {
        "createdAt": "2025-10-30T20:58:17.314369Z",
        "cometBftHeight": "28491627",
        "mediatorSynchronizerTime": "2025-10-30T20:58:16.170967Z",
        "participantSynchronizerTime": "2025-10-30T20:58:16.171064Z",
        "latestOpenRound": {
          "number": "68519"
        }
      }
    },
    {
      "dso": "DSO::1220b1431ef217342db44d516bb9befde802be7d8899637d290895fa58880f19accc",
      "sv": "Cumberland-1::12201aa8a23046d5740c9edd58f7e820c83e7f5c58f25551f955f3252d3a04240860",
      "svName": "Cumberland-1",
      "number": "626268",
      "status": {
        "createdAt": "2025-10-30T20:58:34.505850Z",
        "cometBftHeight": "28491652",
        "mediatorSynchronizerTime": "2025-10-30T20:58:28.462296Z",
        "participantSynchronizerTime": "2025-10-30T20:58:32.335551Z",
        "latestOpenRound": {
          "number": "68519"
        }
      }
    },
    {
      "dso": "DSO::1220b1431ef217342db44d516bb9befde802be7d8899637d290895fa58880f19accc",
      "sv": "Digital-Asset-2::12209b21d512c6a7e2f5d215266fe6568cb732caaef7ff04e308f990a652340d3529",
      "svName": "Digital-Asset-2",
      "number": "625983",
      "status": {
        "createdAt": "2025-10-30T20:58:37.889269Z",
        "cometBftHeight": "28491658",
        "mediatorSynchronizerTime": "2025-10-30T20:58:35.474384Z",
        "participantSynchronizerTime": "2025-10-30T20:58:36.317868Z",
        "latestOpenRound": {
          "number": "68519"
        }
      }
    },
    {
      "dso": "DSO::1220b1431ef217342db44d516bb9befde802be7d8899637d290895fa58880f19accc",
      "sv": "Digital-Asset-1::12203a616cd41a519d1950ffd4df0ced808cce3bea558d684296c007bb8e12d7f649",
      "svName": "Digital-Asset-1",
      "number": "1925",
      "status": {
        "createdAt": "2025-10-30T20:58:40.601767Z",
        "cometBftHeight": "28491659",
        "mediatorSynchronizerTime": "2025-10-30T20:58:36.317869Z",
        "participantSynchronizerTime": "2025-10-30T20:58:36.317847Z",
        "latestOpenRound": {
          "number": "68519"
        }
      }
    },
    {
      "dso": "DSO::1220b1431ef217342db44d516bb9befde802be7d8899637d290895fa58880f19accc",
      "sv": "SV-Nodeops-Limited::1220734414a4b0658bb2be4caf33205e5a45bf8dc5207e3bfc769d361582dc72feef",
      "svName": "SV-Nodeops-Limited",
      "number": "623275",
      "status": {
        "createdAt": "2025-10-30T20:58:42.364580Z",
        "cometBftHeight": "28491662",
        "mediatorSynchronizerTime": "2025-10-30T20:58:36.750095Z",
        "participantSynchronizerTime": "2025-10-30T20:58:41.454708Z",
        "latestOpenRound": {
          "number": "68519"
        }
      }
    },
    {
      "dso": "DSO::1220b1431ef217342db44d516bb9befde802be7d8899637d290895fa58880f19accc",
      "sv": "Cumberland-2::1220120801da0994334c869a6db19d9321f3d5baf9e40377830a90c2af78658aede6",
      "svName": "Cumberland-2",
      "number": "624963",
      "status": {
        "createdAt": "2025-10-30T20:58:54.279818Z",
        "cometBftHeight": "28491682",
        "mediatorSynchronizerTime": "2025-10-30T20:58:45.812128Z",
        "participantSynchronizerTime": "2025-10-30T20:58:52.404584Z",
        "latestOpenRound": {
          "number": "68519"
        }
      }
    },
    {
      "dso": "DSO::1220b1431ef217342db44d516bb9befde802be7d8899637d290895fa58880f19accc",
      "sv": "Liberty-City-Ventures-1::1220c8a81a9d60198fd67aa596f8af90cfe57f5966964427e32f2dab1570ad0d9a25",
      "svName": "Liberty-City-Ventures-1",
      "number": "195824",
      "status": {
        "createdAt": "2025-10-30T20:58:57.858647Z",
        "cometBftHeight": "28491663",
        "mediatorSynchronizerTime": "1970-01-01T00:00:00Z",
        "participantSynchronizerTime": "2025-10-30T20:58:54.503886Z",
        "latestOpenRound": {
          "number": "68519"
        }
      }
    },
    {
      "dso": "DSO::1220b1431ef217342db44d516bb9befde802be7d8899637d290895fa58880f19accc",
      "sv": "MPC-Holding-Inc::12204783725aa3adcd787311531134baed8b9b28ccf76b100c62b8d4995842aabd6b",
      "svName": "MPC-Holding-Inc",
      "number": "504843",
      "status": {
        "createdAt": "2025-10-30T20:59:01.152430Z",
        "cometBftHeight": "28491684",
        "mediatorSynchronizerTime": "2025-10-30T20:58:54.503912Z",
        "participantSynchronizerTime": "2025-10-30T20:58:54.503862Z",
        "latestOpenRound": {
          "number": "68519"
        }
      }
    },
    {
      "dso": "DSO::1220b1431ef217342db44d516bb9befde802be7d8899637d290895fa58880f19accc",
      "sv": "Proof-Group-1::1220a0027410294266f712c1a4787d2dcb9be20b712486dca010d4d9cdbe3e809385",
      "svName": "Proof-Group-1",
      "number": "214092",
      "status": {
        "createdAt": "2025-10-30T20:59:04.635831Z",
        "cometBftHeight": "28491692",
        "mediatorSynchronizerTime": "2025-10-30T20:59:02.941632Z",
        "participantSynchronizerTime": "2025-10-30T20:59:02.941829Z",
        "latestOpenRound": {
          "number": "68519"
        }
      }
    },
    {
      "dso": "DSO::1220b1431ef217342db44d516bb9befde802be7d8899637d290895fa58880f19accc",
      "sv": "Five-North-1::1220520b6d396b91c4b13a1786bd5f317e4240001632d4a628c1c4f53a0b5165ba98",
      "svName": "Five-North-1",
      "number": "214500",
      "status": {
        "createdAt": "2025-10-30T20:59:47.550759Z",
        "cometBftHeight": "28491749",
        "mediatorSynchronizerTime": "2025-10-30T20:59:44.142049Z",
        "participantSynchronizerTime": "2025-10-30T20:59:44.142047Z",
        "latestOpenRound": {
          "number": "68519"
        }
      }
    }
  ]
}