{
  "metadata": {
    "template_id": "996a3b619d6b65ca7812881978c44c650cac119de78f5317d1f317658943001c:Splice.DsoRules:Confirmation",
    "canonical_package": "3ca1343ab26b453d38c8adb70dca5f1ead8440c42b59b68f070786955cbf9ec1",
    "migration_id": 3,
    "record_time": "2025-10-30T21:00:00Z",
    "timestamp": "2025-10-30T23:52:55.959Z",
    "entry_count": 22
  },
  "data": [
    {
      "dso": "DSO::1220b1431ef217342db44d516bb9befde802be7d8899637d290895fa58880f19accc",
      "confirmer": "Cumberland-2::1220120801da0994334c869a6db19d9321f3d5baf9e40377830a90c2af78658aede6",
      "action": {
        "tag": "ARC_AmuletRules",
        "value": {
          "amuletRulesAction": {
            "tag": "CRARC_MiningRound_StartIssuing",
            "value": {
              "miningRoundCid": "0084d781734b78c0730094df9e10184f9b6ab9f6411af9fd577474a25e80b7a196ca11122092dc4e8a127bdf4ce972ff0753095f4ff1ed1ebb3ddc27db045effea16b5475b",
              "summary": {
                "totalValidatorRewardCoupons": "78440.5324751080",
                "totalFeaturedAppRewardCoupons": "79668.8000000000",
                "totalUnfeaturedAppRewardCoupons": "0E-10",
                "totalSvRewardWeight": "2452000",
                "optTotalValidatorFaucetCoupons": "589"
              }
            }
          }
        }
      },
      "expiresAt": "2025-10-30T21:03:42.303544Z"
    },
    {
      "dso": "DSO::1220b1431ef217342db44d516bb9befde802be7d8899637d290895fa58880f19accc",
      "confirmer": "Liberty-City-Ventures-1::1220c8a81a9d60198fd67aa596f8af90cfe57f5966964427e32f2dab1570ad0d9a25",
      "action": {
        "tag": "ARC_AmuletRules",
        "value": {
          "amuletRulesAction": {
            "tag": "CRARC_MiningRound_StartIssuing",
            "value": {
              "miningRoundCid": "0084d781734b78c0730094df9e10184f9b6ab9f6411af9fd577474a25e80b7a196ca11122092dc4e8a127bdf4ce972ff0753095f4ff1ed1ebb3ddc27db045effea16b5475b",
              "summary": {
                "totalValidatorRewardCoupons": "78440.5324751080",
                "totalFeaturedAppRewardCoupons": "79668.8000000000",
                "totalUnfeaturedAppRewardCoupons": "0E-10",
                "totalSvRewardWeight": "2452000",
                "optTotalValidatorFaucetCoupons": "589"
              }
            }
          }
        }
      },
      "expiresAt": "2025-10-30T21:03:43.331756Z"
    },
    {
      "dso": "DSO::1220b1431ef217342db44d516bb9befde802be7d8899637d290895fa58880f19accc",
      "confirmer": "MPC-Holding-Inc::12204783725aa3adcd787311531134baed8b9b28ccf76b100c62b8d4995842aabd6b",
      "action": {
        "tag": "ARC_AmuletRules",
        "value": {
          "amuletRulesAction": {
            "tag": "CRARC_MiningRound_StartIssuing",
            "value": {
              "miningRoundCid": "0084d781734b78c0730094df9e10184f9b6ab9f6411af9fd577474a25e80b7a196ca11122092dc4e8a127bdf4ce972ff0753095f4ff1ed1ebb3ddc27db045effea16b5475b",
              "summary": {
                "totalValidatorRewardCoupons": "78440.5324751080",
                "totalFeaturedAppRewardCoupons": "79668.8000000000",
                "totalUnfeaturedAppRewardCoupons": "0E-10",
                "totalSvRewardWeight": "2452000",
                "optTotalValidatorFaucetCoupons": "589"
              }
            }
          }
        }
      },
      "expiresAt": "2025-10-30T21:03:43.943368Z"
    },
    {
      "dso": "DSO::1220b1431ef217342db44d516bb9befde802be7d8899637d290895fa58880f19accc",
      "confirmer": "Global-Synchronizer-Foundation::1220b0867964b602f2cc7ea61324a95f000f0060e735cfaf4f23f424fdab02c170ac",
      "action": {
        "tag": "ARC_AmuletRules",
        "value": {
          "amuletRulesAction": {
            "tag": "CRARC_MiningRound_Archive",
            "value": {
              "closedRoundCid": "007540f9070000aaf6e3e9811f593954971768c331a4cd6b9f504d95251f0b6abaca111220832167877646aa1d93dc528a8dbadd4e3f8d58e7cc93db47602d1ad0e0a27347"
            }
          }
        }
      },
      "expiresAt": "2025-10-30T21:14:58.636294Z"
    },
    {
      "dso": "DSO::1220b1431ef217342db44d516bb9befde802be7d8899637d290895fa58880f19accc",
      "confirmer": "Cumberland-2::1220120801da0994334c869a6db19d9321f3d5baf9e40377830a90c2af78658aede6",
      "action": {
        "tag": "ARC_AmuletRules",
        "value": {
          "amuletRulesAction": {
            "tag": "CRARC_MiningRound_Archive",
            "value": {
              "closedRoundCid": "007540f9070000aaf6e3e9811f593954971768c331a4cd6b9f504d95251f0b6abaca111220832167877646aa1d93dc528a8dbadd4e3f8d58e7cc93db47602d1ad0e0a27347"
            }
          }
        }
      },
      "expiresAt": "2025-10-30T21:15:06.014510Z"
    },
    {
      "dso": "DSO::1220b1431ef217342db44d516bb9befde802be7d8899637d290895fa58880f19accc",
      "confirmer": "Proof-Group-1::1220a0027410294266f712c1a4787d2dcb9be20b712486dca010d4d9cdbe3e809385",
      "action": {
        "tag": "ARC_AmuletRules",
        "value": {
          "amuletRulesAction": {
            "tag": "CRARC_MiningRound_StartIssuing",
            "value": {
              "miningRoundCid": "006bf18ec626d4af7279b5df7b9d91aa22692cbc8b6699cd44ef1b9569966e4995ca1112206c1d64c7847bb397ee02f561013988885f4a790a9d4b2203e70dea6e5fa99fc4",
              "summary": {
                "totalValidatorRewardCoupons": "21229.7135989136",
                "totalFeaturedAppRewardCoupons": "73828.8000000000",
                "totalUnfeaturedAppRewardCoupons": "0E-10",
                "totalSvRewardWeight": "2452000",
                "optTotalValidatorFaucetCoupons": "589"
              }
            }
          }
        }
      },
      "expiresAt": "2025-10-30T21:24:32.127617Z"
    },
    {
      "dso": "DSO::1220b1431ef217342db44d516bb9befde802be7d8899637d290895fa58880f19accc",
      "confirmer": "Orb-1-LP-1::122059e5d9c6036656bba13299bf959ed190fc51e2564024b9872ecd84001f87ea92",
      "action": {
        "tag": "ARC_AmuletRules",
        "value": {
          "amuletRulesAction": {
            "tag": "CRARC_MiningRound_Archive",
            "value": {
              "closedRoundCid": "00293344fa0a9b2ca3ded91d895fc5da0fc8db78160ac23812a35a7db4afe871edca111220dd55990019be823e5a0045bf959ee9386f188eb2e9b1e6b251161933c585c8b1"
            }
          }
        }
      },
      "expiresAt": "2025-10-30T21:36:01.676829Z"
    },
    {
      "dso": "DSO::1220b1431ef217342db44d516bb9befde802be7d8899637d290895fa58880f19accc",
      "confirmer": "Proof-Group-1::1220a0027410294266f712c1a4787d2dcb9be20b712486dca010d4d9cdbe3e809385",
      "action": {
        "tag": "ARC_AmuletRules",
        "value": {
          "amuletRulesAction": {
            "tag": "CRARC_MiningRound_Archive",
            "value": {
              "closedRoundCid": "00293344fa0a9b2ca3ded91d895fc5da0fc8db78160ac23812a35a7db4afe871edca111220dd55990019be823e5a0045bf959ee9386f188eb2e9b1e6b251161933c585c8b1"
            }
          }
        }
      },
      "expiresAt": "2025-10-30T21:36:08.335860Z"
    },
    {
      "dso": "DSO::1220b1431ef217342db44d516bb9befde802be7d8899637d290895fa58880f19accc",
      "confirmer": "SV-Nodeops-Limited::1220734414a4b0658bb2be4caf33205e5a45bf8dc5207e3bfc769d361582dc72feef",
      "action": {
        "tag": "ARC_AmuletRules",
        "value": {
          "amuletRulesAction": {
            "tag": "CRARC_MiningRound_Archive",
            "value": {
              "closedRoundCid": "00293344fa0a9b2ca3ded91d895fc5da0fc8db78160ac23812a35a7db4afe871edca111220dd55990019be823e5a0045bf959ee9386f188eb2e9b1e6b251161933c585c8b1"
            }
          }
        }
      },
      "expiresAt": "2025-10-30T21:36:09.005602Z"
    },
    {
      "dso": "DSO::1220b1431ef217342db44d516bb9befde802be7d8899637d290895fa58880f19accc",
      "confirmer": "C7-Technology-Services-Limited::122027859595a9f295312977656425f2360813ce5a2681aadc7605d2e198dc82a877",
      "action": {
        "tag": "ARC_AmuletRules",
        "value": {
          "amuletRulesAction": {
            "tag": "CRARC_MiningRound_Archive",
            "value": {
              "closedRoundCid": "00293344fa0a9b2ca3ded91d895fc5da0fc8db78160ac23812a35a7db4afe871edca111220dd55990019be823e5a0045bf959ee9386f188eb2e9b1e6b251161933c585c8b1"
            }
          }
        }
      },
      "expiresAt": "2025-10-30T21:36:11.144798Z"
    },
    {
      "dso": "DSO::1220b1431ef217342db44d516bb9befde802be7d8899637d290895fa58880f19accc",
      "confirmer": "Tradeweb-Markets-1::12203cd253ff9f6526c871dd6a9b3af8d1f0484ff0910e6cae75e9bcf76d1be5ff99",
      "action": {
        "tag": "ARC_AmuletRules",
        "value": {
          "amuletRulesAction": {
            "tag": "CRARC_MiningRound_StartIssuing",
            "value": {
              "miningRoundCid": "009475e4b641544f5911ab8d1613ba261ceadb65ae557d4115218d1a4f04d9d85bca1112203717e577617ac4f8501ad58221ecdd9f4d69d58b016932e5adee476c6e3de73d",
              "summary": {
                "totalValidatorRewardCoupons": "40335.7823985176",
                "totalFeaturedAppRewardCoupons": "76889.6000000000",
                "totalUnfeaturedAppRewardCoupons": "0E-10",
                "totalSvRewardWeight": "2452000",
                "optTotalValidatorFaucetCoupons": "589"
              }
            }
          }
        }
      },
      "expiresAt": "2025-10-30T21:44:39.681563Z"
    },
    {
      "dso": "DSO::1220b1431ef217342db44d516bb9befde802be7d8899637d290895fa58880f19accc",
      "confirmer": "MPC-Holding-Inc::12204783725aa3adcd787311531134baed8b9b28ccf76b100c62b8d4995842aabd6b",
      "action": {
        "tag": "ARC_AmuletRules",
        "value": {
          "amuletRulesAction": {
            "tag": "CRARC_MiningRound_StartIssuing",
            "value": {
              "miningRoundCid": "009475e4b641544f5911ab8d1613ba261ceadb65ae557d4115218d1a4f04d9d85bca1112203717e577617ac4f8501ad58221ecdd9f4d69d58b016932e5adee476c6e3de73d",
              "summary": {
                "totalValidatorRewardCoupons": "40335.7823985176",
                "totalFeaturedAppRewardCoupons": "76889.6000000000",
                "totalUnfeaturedAppRewardCoupons": "0E-10",
                "totalSvRewardWeight": "2452000",
                "optTotalValidatorFaucetCoupons": "589"
              }
            }
          }
        }
      },
      "expiresAt": "2025-10-30T21:44:40.931107Z"
    },
    {
      "dso": "DSO::1220b1431ef217342db44d516bb9befde802be7d8899637d290895fa58880f19accc",
      "confirmer": "Orb-1-LP-1::122059e5d9c6036656bba13299bf959ed190fc51e2564024b9872ecd84001f87ea92",
      "action": {
        "tag": "ARC_AmuletRules",
        "value": {
          "amuletRulesAction": {
            "tag": "CRARC_MiningRound_StartIssuing",
            "value": {
              "miningRoundCid": "009475e4b641544f5911ab8d1613ba261ceadb65ae557d4115218d1a4f04d9d85bca1112203717e577617ac4f8501ad58221ecdd9f4d69d58b016932e5adee476c6e3de73d",
              "summary": {
                "totalValidatorRewardCoupons": "40335.7823985176",
                "totalFeaturedAppRewardCoupons": "76889.6000000000",
                "totalUnfeaturedAppRewardCoupons": "0E-10",
                "totalSvRewardWeight": "2452000",
                "optTotalValidatorFaucetCoupons": "589"
              }
            }
          }
        }
      },
      "expiresAt": "2025-10-30T21:44:43.205955Z"
    },
    {
      "dso": "DSO::1220b1431ef217342db44d516bb9befde802be7d8899637d290895fa58880f19accc",
      "confirmer": "Tradeweb-Markets-1::12203cd253ff9f6526c871dd6a9b3af8d1f0484ff0910e6cae75e9bcf76d1be5ff99",
      "action": {
        "tag": "ARC_AmuletRules",
        "value": {
          "amuletRulesAction": {
            "tag": "CRARC_MiningRound_Archive",
            "value": {
              "closedRoundCid": "00a61115ed953c1e2fdb15e90a25abdd101c0f99b3758a5704f7fab398f54dec25ca1112200e985f8a32425ec27147a6c97c605fb7dab80b2ca1c73d2d8f2d6957e83bbc24"
            }
          }
        }
      },
      "expiresAt": "2025-10-30T21:45:40.914612Z"
    },
    {
      "dso": "DSO::1220b1431ef217342db44d516bb9befde802be7d8899637d290895fa58880f19accc",
      "confirmer": "C7-Technology-Services-Limited::122027859595a9f295312977656425f2360813ce5a2681aadc7605d2e198dc82a877",
      "action": {
        "tag": "ARC_AmuletRules",
        "value": {
          "amuletRulesAction": {
            "tag": "CRARC_MiningRound_Archive",
            "value": {
              "closedRoundCid": "00a61115ed953c1e2fdb15e90a25abdd101c0f99b3758a5704f7fab398f54dec25ca1112200e985f8a32425ec27147a6c97c605fb7dab80b2ca1c73d2d8f2d6957e83bbc24"
            }
          }
        }
      },
      "expiresAt": "2025-10-30T21:45:45.362908Z"
    },
    {
      "dso": "DSO::1220b1431ef217342db44d516bb9befde802be7d8899637d290895fa58880f19accc",
      "confirmer": "Digital-Asset-1::12203a616cd41a519d1950ffd4df0ced808cce3bea558d684296c007bb8e12d7f649",
      "action": {
        "tag": "ARC_AmuletRules",
        "value": {
          "amuletRulesAction": {
            "tag": "CRARC_MiningRound_Archive",
            "value": {
              "closedRoundCid": "00a61115ed953c1e2fdb15e90a25abdd101c0f99b3758a5704f7fab398f54dec25ca1112200e985f8a32425ec27147a6c97c605fb7dab80b2ca1c73d2d8f2d6957e83bbc24"
            }
          }
        }
      },
      "expiresAt": "2025-10-30T21:45:53.942552Z"
    },
    {
      "dso": "DSO::1220b1431ef217342db44d516bb9befde802be7d8899637d290895fa58880f19accc",
      "confirmer": "Proof-Group-1::1220a0027410294266f712c1a4787d2dcb9be20b712486dca010d4d9cdbe3e809385",
      "action": {
        "tag": "ARC_AmuletRules",
        "value": {
          "amuletRulesAction": {
            "tag": "CRARC_MiningRound_StartIssuing",
            "value": {
              "miningRoundCid": "009475e4b641544f5911ab8d1613ba261ceadb65ae557d4115218d1a4f04d9d85bca1112203717e577617ac4f8501ad58221ecdd9f4d69d58b016932e5adee476c6e3de73d",
              "summary": {
                "totalValidatorRewardCoupons": "40335.7823985176",
                "totalFeaturedAppRewardCoupons": "76889.6000000000",
                "totalUnfeaturedAppRewardCoupons": "0E-10",
                "totalSvRewardWeight": "2452000",
                "optTotalValidatorFaucetCoupons": "589"
              }
            }
          }
        }
      },
      "expiresAt": "2025-10-30T21:46:10.029417Z"
    },
    {
      "dso": "DSO::1220b1431ef217342db44d516bb9befde802be7d8899637d290895fa58880f19accc",
      "confirmer": "Orb-1-LP-1::122059e5d9c6036656bba13299bf959ed190fc51e2564024b9872ecd84001f87ea92",
      "action": {
        "tag": "ARC_AmuletRules",
        "value": {
          "amuletRulesAction": {
            "tag": "CRARC_MiningRound_StartIssuing",
            "value": {
              "miningRoundCid": "00646e8bc56740cda08940cacfce2fb4a7542b81817ff7cf22a46792f464628d58ca11122078ef3ebb51e692cf69f3fba0f4f2885013b3378a01888a2ce6735d562cc422d2",
              "summary": {
                "totalValidatorRewardCoupons": "25155.8495996520",
                "totalFeaturedAppRewardCoupons": "72641.6000000000",
                "totalUnfeaturedAppRewardCoupons": "0E-10",
                "totalSvRewardWeight": "2452000",
                "optTotalValidatorFaucetCoupons": "589"
              }
            }
          }
        }
      },
      "expiresAt": "2025-10-30T21:54:49.415074Z"
    },
    {
      "dso": "DSO::1220b1431ef217342db44d516bb9befde802be7d8899637d290895fa58880f19accc",
      "confirmer": "Tradeweb-Markets-1::12203cd253ff9f6526c871dd6a9b3af8d1f0484ff0910e6cae75e9bcf76d1be5ff99",
      "action": {
        "tag": "ARC_AmuletRules",
        "value": {
          "amuletRulesAction": {
            "tag": "CRARC_MiningRound_StartIssuing",
            "value": {
              "miningRoundCid": "00646e8bc56740cda08940cacfce2fb4a7542b81817ff7cf22a46792f464628d58ca11122078ef3ebb51e692cf69f3fba0f4f2885013b3378a01888a2ce6735d562cc422d2",
              "summary": {
                "totalValidatorRewardCoupons": "25155.8495996520",
                "totalFeaturedAppRewardCoupons": "72641.6000000000",
                "totalUnfeaturedAppRewardCoupons": "0E-10",
                "totalSvRewardWeight": "2452000",
                "optTotalValidatorFaucetCoupons": "589"
              }
            }
          }
        }
      },
      "expiresAt": "2025-10-30T21:54:55.230933Z"
    },
    {
      "dso": "DSO::1220b1431ef217342db44d516bb9befde802be7d8899637d290895fa58880f19accc",
      "confirmer": "Proof-Group-1::1220a0027410294266f712c1a4787d2dcb9be20b712486dca010d4d9cdbe3e809385",
      "action": {
        "tag": "ARC_AmuletRules",
        "value": {
          "amuletRulesAction": {
            "tag": "CRARC_MiningRound_StartIssuing",
            "value": {
              "miningRoundCid": "00646e8bc56740cda08940cacfce2fb4a7542b81817ff7cf22a46792f464628d58ca11122078ef3ebb51e692cf69f3fba0f4f2885013b3378a01888a2ce6735d562cc422d2",
              "summary": {
                "totalValidatorRewardCoupons": "25155.8495996520",
                "totalFeaturedAppRewardCoupons": "72641.6000000000",
                "totalUnfeaturedAppRewardCoupons": "0E-10",
                "totalSvRewardWeight": "2452000",
                "optTotalValidatorFaucetCoupons": "589"
              }
            }
          }
        }
      },
      "expiresAt": "2025-10-30T21:55:04.698888Z"
    },
    {
      "dso": "DSO::1220b1431ef217342db44d516bb9befde802be7d8899637d290895fa58880f19accc",
      "confirmer": "SV-Nodeops-Limited::1220734414a4b0658bb2be4caf33205e5a45bf8dc5207e3bfc769d361582dc72feef",
      "action": {
        "tag": "ARC_AmuletRules",
        "value": {
          "amuletRulesAction": {
            "tag": "CRARC_MiningRound_Archive",
            "value": {
              "closedRoundCid": "00d13ebc0985e8fb91cdc6975c4215c53318af6636c8ec21ba3c5865a1961d6043ca111220936081349c5c95be9c6fd2374fb6428339e84d8a0ba3673ab65281577a9cd9ba"
            }
          }
        }
      },
      "expiresAt": "2025-10-30T21:56:41.822303Z"
    },
    {
      "dso": "DSO::1220b1431ef217342db44d516bb9befde802be7d8899637d290895fa58880f19accc",
      "confirmer": "Proof-Group-1::1220a0027410294266f712c1a4787d2dcb9be20b712486dca010d4d9cdbe3e809385",
      "action": {
        "tag": "ARC_AmuletRules",
        "value": {
          "amuletRulesAction": {
            "tag": "CRARC_MiningRound_Archive",
            "value": {
              "closedRoundCid": "00d13ebc0985e8fb91cdc6975c4215c53318af6636c8ec21ba3c5865a1961d6043ca111220936081349c5c95be9c6fd2374fb6428339e84d8a0ba3673ab65281577a9cd9ba"
            }
          }
        }
      },
      "expiresAt": "2025-10-30T21:56:46.418271Z"
    }
  ]
}