{
  "metadata": {
    "template_id": "a208aab2c4a248ab2eff352bd382f8b3bbadc92464123db587e8b359312a2f6c:Splice.Ans:AnsEntry",
    "canonical_package": "3ca1343ab26b453d38c8adb70dca5f1ead8440c42b59b68f070786955cbf9ec1",
    "migration_id": 3,
    "record_time": "2025-10-30T21:00:00Z",
    "timestamp": "2025-10-30T23:52:55.505Z",
    "entry_count": 4
  },
  "data": [
    {
      "user": "sendmainnet1::12203726c4d6a2041bc700b91effb7baea3fa3af720edabb5dd3e6e8b56867f9b016",
      "dso": "DSO::1220b1431ef217342db44d516bb9befde802be7d8899637d290895fa58880f19accc",
      "name": "repo.unverified.cns",
      "url": "",
      "description": "",
      "expiresAt": "2025-08-10T07:57:27.323011Z"
    },
    {
      "user": "sendmainnet1::12203726c4d6a2041bc700b91effb7baea3fa3af720edabb5dd3e6e8b56867f9b016",
      "dso": "DSO::1220b1431ef217342db44d516bb9befde802be7d8899637d290895fa58880f19accc",
      "name": "repos.unverified.cns",
      "url": "",
      "description": "",
      "expiresAt": "2025-08-10T07:57:56.124670Z"
    },
    {
      "user": "Thetanuts-Options-1::1220df09409bfe8d1008ec023c19415a2afb89c56476bd0467d4f76864592cf53341",
      "dso": "DSO::1220b1431ef217342db44d516bb9befde802be7d8899637d290895fa58880f19accc",
      "name": "thetanuts.unverified.cns",
      "url": "",
      "description": "",
      "expiresAt": "2025-08-10T13:00:16.157890Z"
    },
    {
      "user": "Thetanuts-Options-1::1220df09409bfe8d1008ec023c19415a2afb89c56476bd0467d4f76864592cf53341",
      "dso": "DSO::1220b1431ef217342db44d516bb9befde802be7d8899637d290895fa58880f19accc",
      "name": "options.unverified.cns",
      "url": "",
      "description": "",
      "expiresAt": "2025-08-10T13:00:51.110580Z"
    }
  ]
}