{
  "metadata": {
    "template_id": "a36ef8888fb44caae13d96341ce1fabd84fc9e2e7b209bbc3caabb48b6be1668:Splice.ValidatorLicense:ValidatorFaucetCoupon",
    "canonical_package": "3ca1343ab26b453d38c8adb70dca5f1ead8440c42b59b68f070786955cbf9ec1",
    "migration_id": 3,
    "record_time": "2025-10-30T21:00:00Z",
    "timestamp": "2025-10-30T23:52:55.502Z",
    "entry_count": 191
  },
  "data": [
    {
      "dso": "DSO::1220b1431ef217342db44d516bb9befde802be7d8899637d290895fa58880f19accc",
      "validator": "hydrax-validator-1::1220921c9c5579f2648609d8b007793ffbe31efb311c79c53cbc68571827c1c5ebee",
      "round": {
        "number": "11119"
      }
    },
    {
      "dso": "DSO::1220b1431ef217342db44d516bb9befde802be7d8899637d290895fa58880f19accc",
      "validator": "Cumberland-2::1220120801da0994334c869a6db19d9321f3d5baf9e40377830a90c2af78658aede6",
      "round": {
        "number": "11964"
      }
    },
    {
      "dso": "DSO::1220b1431ef217342db44d516bb9befde802be7d8899637d290895fa58880f19accc",
      "validator": "SV-Nodeops-Limited::1220734414a4b0658bb2be4caf33205e5a45bf8dc5207e3bfc769d361582dc72feef",
      "round": {
        "number": "14213"
      }
    },
    {
      "dso": "DSO::1220b1431ef217342db44d516bb9befde802be7d8899637d290895fa58880f19accc",
      "validator": "SV-Nodeops-Limited::1220734414a4b0658bb2be4caf33205e5a45bf8dc5207e3bfc769d361582dc72feef",
      "round": {
        "number": "14214"
      }
    },
    {
      "dso": "DSO::1220b1431ef217342db44d516bb9befde802be7d8899637d290895fa58880f19accc",
      "validator": "SV-Nodeops-Limited::1220734414a4b0658bb2be4caf33205e5a45bf8dc5207e3bfc769d361582dc72feef",
      "round": {
        "number": "14215"
      }
    },
    {
      "dso": "DSO::1220b1431ef217342db44d516bb9befde802be7d8899637d290895fa58880f19accc",
      "validator": "SV-Nodeops-Limited::1220734414a4b0658bb2be4caf33205e5a45bf8dc5207e3bfc769d361582dc72feef",
      "round": {
        "number": "14216"
      }
    },
    {
      "dso": "DSO::1220b1431ef217342db44d516bb9befde802be7d8899637d290895fa58880f19accc",
      "validator": "validator_MPCH::1220e2afe646e512f1ff486447365b782a42f3c72cd4fdaa026d9e09c3a71998eec8",
      "round": {
        "number": "14821"
      }
    },
    {
      "dso": "DSO::1220b1431ef217342db44d516bb9befde802be7d8899637d290895fa58880f19accc",
      "validator": "validator_MPCH::1220e2afe646e512f1ff486447365b782a42f3c72cd4fdaa026d9e09c3a71998eec8",
      "round": {
        "number": "14822"
      }
    },
    {
      "dso": "DSO::1220b1431ef217342db44d516bb9befde802be7d8899637d290895fa58880f19accc",
      "validator": "validator_MPCH::1220e2afe646e512f1ff486447365b782a42f3c72cd4fdaa026d9e09c3a71998eec8",
      "round": {
        "number": "14823"
      }
    },
    {
      "dso": "DSO::1220b1431ef217342db44d516bb9befde802be7d8899637d290895fa58880f19accc",
      "validator": "validator_validator_service_user::1220a7d341c65963ac599be7a6505f805e844e1cdfb5895bc73272db8230b74529fd",
      "round": {
        "number": "15646"
      }
    },
    {
      "dso": "DSO::1220b1431ef217342db44d516bb9befde802be7d8899637d290895fa58880f19accc",
      "validator": "Cumberland-Hashnote-1::1220ae792056579461b0b7314f8d9bb6354bcc6e7a297a5ead19b47488982729ec2e",
      "round": {
        "number": "15646"
      }
    },
    {
      "dso": "DSO::1220b1431ef217342db44d516bb9befde802be7d8899637d290895fa58880f19accc",
      "validator": "Digital-Asset-2::12209b21d512c6a7e2f5d215266fe6568cb732caaef7ff04e308f990a652340d3529",
      "round": {
        "number": "15646"
      }
    },
    {
      "dso": "DSO::1220b1431ef217342db44d516bb9befde802be7d8899637d290895fa58880f19accc",
      "validator": "Global-Synchronizer-Foundation::1220b0867964b602f2cc7ea61324a95f000f0060e735cfaf4f23f424fdab02c170ac",
      "round": {
        "number": "15646"
      }
    },
    {
      "dso": "DSO::1220b1431ef217342db44d516bb9befde802be7d8899637d290895fa58880f19accc",
      "validator": "tw-canton-main1::1220bc64ba15ae75f050cf758a509ada5dc72c9be3779461db273916070391caebf5",
      "round": {
        "number": "15646"
      }
    },
    {
      "dso": "DSO::1220b1431ef217342db44d516bb9befde802be7d8899637d290895fa58880f19accc",
      "validator": "validator_Hashnote::12202eacbd060e2e22ab198cb9f337ccfe049e16a90968576e15b8bab4317cf17259",
      "round": {
        "number": "15646"
      }
    },
    {
      "dso": "DSO::1220b1431ef217342db44d516bb9befde802be7d8899637d290895fa58880f19accc",
      "validator": "Cumberland-Oracle-1::1220b556be7038f6dbd1ce5795ba452ad70c61c3ba3a574998a35bba23a01703dc52",
      "round": {
        "number": "15646"
      }
    },
    {
      "dso": "DSO::1220b1431ef217342db44d516bb9befde802be7d8899637d290895fa58880f19accc",
      "validator": "3trade_validator_admin::122060327be2fbbda7498a867507bf4d1cd83cd079382fa8af1d4be5cad79248c102",
      "round": {
        "number": "15646"
      }
    },
    {
      "dso": "DSO::1220b1431ef217342db44d516bb9befde802be7d8899637d290895fa58880f19accc",
      "validator": "validator_GSF-1::12201725270d497ab23ceffd0d2acce46cc9da44586fd494786ef53cc58b6e4abd79",
      "round": {
        "number": "15646"
      }
    },
    {
      "dso": "DSO::1220b1431ef217342db44d516bb9befde802be7d8899637d290895fa58880f19accc",
      "validator": "validator_validator_service_user::12206750ba8ed320d15bfed65ec62b0d3de6b954f0569283d4672b98fb5a8bf07f0b",
      "round": {
        "number": "15646"
      }
    },
    {
      "dso": "DSO::1220b1431ef217342db44d516bb9befde802be7d8899637d290895fa58880f19accc",
      "validator": "validator_validator_service_user::122014e5b5217dd355c338a471faaa2cf9dc6a9f312eb0843ee0b67be8d7b056c846",
      "round": {
        "number": "15646"
      }
    },
    {
      "dso": "DSO::1220b1431ef217342db44d516bb9befde802be7d8899637d290895fa58880f19accc",
      "validator": "validator_validator_service_user::122066b7e9da24a1018a348a57833fcc5f4f943931452ee4ea18f7923af943b07626",
      "round": {
        "number": "15646"
      }
    },
    {
      "dso": "DSO::1220b1431ef217342db44d516bb9befde802be7d8899637d290895fa58880f19accc",
      "validator": "hydrax-validator-1::1220921c9c5579f2648609d8b007793ffbe31efb311c79c53cbc68571827c1c5ebee",
      "round": {
        "number": "15646"
      }
    },
    {
      "dso": "DSO::1220b1431ef217342db44d516bb9befde802be7d8899637d290895fa58880f19accc",
      "validator": "validator_LCV-1::122015ee76ddfe8ea1741edf044ba2019341fc22b58a6148af01010f7588b008f802",
      "round": {
        "number": "15646"
      }
    },
    {
      "dso": "DSO::1220b1431ef217342db44d516bb9befde802be7d8899637d290895fa58880f19accc",
      "validator": "the_tie_validator::1220d3016091c253f526645cce3a0633837b685da083bac4459dad63e61d5c97b5fa",
      "round": {
        "number": "15646"
      }
    },
    {
      "dso": "DSO::1220b1431ef217342db44d516bb9befde802be7d8899637d290895fa58880f19accc",
      "validator": "Orb-1-LP::12201940c04b1021cfa95c162b1ceee4d1eb2f2c1fcf693168ab5f150aea427462c7",
      "round": {
        "number": "15646"
      }
    },
    {
      "dso": "DSO::1220b1431ef217342db44d516bb9befde802be7d8899637d290895fa58880f19accc",
      "validator": "Digital-Asset-1::1220a32c8c98a33fab1f7fac9f63790b22df62647c30ebc3b644dbdf2936fcc88419",
      "round": {
        "number": "15646"
      }
    },
    {
      "dso": "DSO::1220b1431ef217342db44d516bb9befde802be7d8899637d290895fa58880f19accc",
      "validator": "qcp-wallet-hosting-mainnet-1::12200e37ac6b165ebd4b09c4d74476234791031a6a92e1afe5a38ef3dc2b667a4948",
      "round": {
        "number": "15646"
      }
    },
    {
      "dso": "DSO::1220b1431ef217342db44d516bb9befde802be7d8899637d290895fa58880f19accc",
      "validator": "primroseCapital-walletHostingMainNet-1::1220f7ecd95d1f40ba91a3a8106348d280ad1250437fce34cafd4368246fae39c806",
      "round": {
        "number": "15646"
      }
    },
    {
      "dso": "DSO::1220b1431ef217342db44d516bb9befde802be7d8899637d290895fa58880f19accc",
      "validator": "Liberty-City-Ventures::1220523d2914dc097ad13b87ff2ac68a65b13e201ae011f6381839fbcc7b00d3ea95",
      "round": {
        "number": "15646"
      }
    },
    {
      "dso": "DSO::1220b1431ef217342db44d516bb9befde802be7d8899637d290895fa58880f19accc",
      "validator": "copper-mainnet-validator::122038dd7fcbdd68bde47034abfd582cbe38854d94dec10c18a7589706914e2b6e61",
      "round": {
        "number": "15646"
      }
    },
    {
      "dso": "DSO::1220b1431ef217342db44d516bb9befde802be7d8899637d290895fa58880f19accc",
      "validator": "SV-Nodeops-Limited::1220734414a4b0658bb2be4caf33205e5a45bf8dc5207e3bfc769d361582dc72feef",
      "round": {
        "number": "15646"
      }
    },
    {
      "dso": "DSO::1220b1431ef217342db44d516bb9befde802be7d8899637d290895fa58880f19accc",
      "validator": "Lukka-Inc-prod-1::1220728cfb80bd69d5c18bd2059a62afd4375c8585b0a379d1189813d5ea558573be",
      "round": {
        "number": "15646"
      }
    },
    {
      "dso": "DSO::1220b1431ef217342db44d516bb9befde802be7d8899637d290895fa58880f19accc",
      "validator": "digitalasset_utility_validator_admin::12205bcc106efa0eaa7f18dc491e5c6f5fb9b0cc68dc110ae66f4ed6467475d7c78e",
      "round": {
        "number": "15646"
      }
    },
    {
      "dso": "DSO::1220b1431ef217342db44d516bb9befde802be7d8899637d290895fa58880f19accc",
      "validator": "TRIZEGroup-cantonMainnetValidator-1::12206ab3bf15b14410220357d6a6375eb1015f2e7fade1deb449463c2f2a25304889",
      "round": {
        "number": "15646"
      }
    },
    {
      "dso": "DSO::1220b1431ef217342db44d516bb9befde802be7d8899637d290895fa58880f19accc",
      "validator": "Cumberland-1::12201aa8a23046d5740c9edd58f7e820c83e7f5c58f25551f955f3252d3a04240860",
      "round": {
        "number": "15646"
      }
    },
    {
      "dso": "DSO::1220b1431ef217342db44d516bb9befde802be7d8899637d290895fa58880f19accc",
      "validator": "validator_DFNS::122055a1a137eacd142f00d72a7bd9c6b83ad00f65d97cb79a343d42c2077ae29ca6",
      "round": {
        "number": "15646"
      }
    },
    {
      "dso": "DSO::1220b1431ef217342db44d516bb9befde802be7d8899637d290895fa58880f19accc",
      "validator": "Cumberland-Property-1::1220643de8d9bfdeb9187da2f770897fa50b34e17a39c0110edf91fe70d242853c25",
      "round": {
        "number": "15646"
      }
    },
    {
      "dso": "DSO::1220b1431ef217342db44d516bb9befde802be7d8899637d290895fa58880f19accc",
      "validator": "validator_Broadridge::1220b0008ea5531b9e47d3315a822ca8b923b5bdd568c934557402d7160b8af4815d",
      "round": {
        "number": "15646"
      }
    },
    {
      "dso": "DSO::1220b1431ef217342db44d516bb9befde802be7d8899637d290895fa58880f19accc",
      "validator": "validator_7Ridge::12200603421ea6db7ba6afb458dda46a28432cf58d7d24afbe126d61b43c9b4e8dfc",
      "round": {
        "number": "15646"
      }
    },
    {
      "dso": "DSO::1220b1431ef217342db44d516bb9befde802be7d8899637d290895fa58880f19accc",
      "validator": "validator-gravityteam-1::1220fb80917ac13f293dbb0e892c7372aa8dc92dec848f746c649049b8538d1077f5",
      "round": {
        "number": "15646"
      }
    },
    {
      "dso": "DSO::1220b1431ef217342db44d516bb9befde802be7d8899637d290895fa58880f19accc",
      "validator": "MPC-Holding-Inc::12204783725aa3adcd787311531134baed8b9b28ccf76b100c62b8d4995842aabd6b",
      "round": {
        "number": "15646"
      }
    },
    {
      "dso": "DSO::1220b1431ef217342db44d516bb9befde802be7d8899637d290895fa58880f19accc",
      "validator": "Cumberland-2::1220120801da0994334c869a6db19d9321f3d5baf9e40377830a90c2af78658aede6",
      "round": {
        "number": "15646"
      }
    },
    {
      "dso": "DSO::1220b1431ef217342db44d516bb9befde802be7d8899637d290895fa58880f19accc",
      "validator": "qcp-wallet-hosting-mainnet-1::12200e37ac6b165ebd4b09c4d74476234791031a6a92e1afe5a38ef3dc2b667a4948",
      "round": {
        "number": "15647"
      }
    },
    {
      "dso": "DSO::1220b1431ef217342db44d516bb9befde802be7d8899637d290895fa58880f19accc",
      "validator": "validator_validator_service_user::122014e5b5217dd355c338a471faaa2cf9dc6a9f312eb0843ee0b67be8d7b056c846",
      "round": {
        "number": "15647"
      }
    },
    {
      "dso": "DSO::1220b1431ef217342db44d516bb9befde802be7d8899637d290895fa58880f19accc",
      "validator": "Cumberland-Oracle-1::1220b556be7038f6dbd1ce5795ba452ad70c61c3ba3a574998a35bba23a01703dc52",
      "round": {
        "number": "15647"
      }
    },
    {
      "dso": "DSO::1220b1431ef217342db44d516bb9befde802be7d8899637d290895fa58880f19accc",
      "validator": "Cumberland-Property-1::1220643de8d9bfdeb9187da2f770897fa50b34e17a39c0110edf91fe70d242853c25",
      "round": {
        "number": "15647"
      }
    },
    {
      "dso": "DSO::1220b1431ef217342db44d516bb9befde802be7d8899637d290895fa58880f19accc",
      "validator": "TRIZEGroup-cantonMainnetValidator-1::12206ab3bf15b14410220357d6a6375eb1015f2e7fade1deb449463c2f2a25304889",
      "round": {
        "number": "15647"
      }
    },
    {
      "dso": "DSO::1220b1431ef217342db44d516bb9befde802be7d8899637d290895fa58880f19accc",
      "validator": "copper-mainnet-validator::122038dd7fcbdd68bde47034abfd582cbe38854d94dec10c18a7589706914e2b6e61",
      "round": {
        "number": "15647"
      }
    },
    {
      "dso": "DSO::1220b1431ef217342db44d516bb9befde802be7d8899637d290895fa58880f19accc",
      "validator": "hydrax-validator-1::1220921c9c5579f2648609d8b007793ffbe31efb311c79c53cbc68571827c1c5ebee",
      "round": {
        "number": "15647"
      }
    },
    {
      "dso": "DSO::1220b1431ef217342db44d516bb9befde802be7d8899637d290895fa58880f19accc",
      "validator": "validator_Broadridge::1220b0008ea5531b9e47d3315a822ca8b923b5bdd568c934557402d7160b8af4815d",
      "round": {
        "number": "15647"
      }
    },
    {
      "dso": "DSO::1220b1431ef217342db44d516bb9befde802be7d8899637d290895fa58880f19accc",
      "validator": "validator_validator_service_user::12206750ba8ed320d15bfed65ec62b0d3de6b954f0569283d4672b98fb5a8bf07f0b",
      "round": {
        "number": "15647"
      }
    },
    {
      "dso": "DSO::1220b1431ef217342db44d516bb9befde802be7d8899637d290895fa58880f19accc",
      "validator": "the_tie_validator::1220d3016091c253f526645cce3a0633837b685da083bac4459dad63e61d5c97b5fa",
      "round": {
        "number": "15647"
      }
    },
    {
      "dso": "DSO::1220b1431ef217342db44d516bb9befde802be7d8899637d290895fa58880f19accc",
      "validator": "primroseCapital-walletHostingMainNet-1::1220f7ecd95d1f40ba91a3a8106348d280ad1250437fce34cafd4368246fae39c806",
      "round": {
        "number": "15647"
      }
    },
    {
      "dso": "DSO::1220b1431ef217342db44d516bb9befde802be7d8899637d290895fa58880f19accc",
      "validator": "validator_LCV-1::122015ee76ddfe8ea1741edf044ba2019341fc22b58a6148af01010f7588b008f802",
      "round": {
        "number": "15647"
      }
    },
    {
      "dso": "DSO::1220b1431ef217342db44d516bb9befde802be7d8899637d290895fa58880f19accc",
      "validator": "Cumberland-Hashnote-1::1220ae792056579461b0b7314f8d9bb6354bcc6e7a297a5ead19b47488982729ec2e",
      "round": {
        "number": "15647"
      }
    },
    {
      "dso": "DSO::1220b1431ef217342db44d516bb9befde802be7d8899637d290895fa58880f19accc",
      "validator": "validator-gravityteam-1::1220fb80917ac13f293dbb0e892c7372aa8dc92dec848f746c649049b8538d1077f5",
      "round": {
        "number": "15647"
      }
    },
    {
      "dso": "DSO::1220b1431ef217342db44d516bb9befde802be7d8899637d290895fa58880f19accc",
      "validator": "validator_validator_service_user::122066b7e9da24a1018a348a57833fcc5f4f943931452ee4ea18f7923af943b07626",
      "round": {
        "number": "15647"
      }
    },
    {
      "dso": "DSO::1220b1431ef217342db44d516bb9befde802be7d8899637d290895fa58880f19accc",
      "validator": "validator_validator_service_user::1220a7d341c65963ac599be7a6505f805e844e1cdfb5895bc73272db8230b74529fd",
      "round": {
        "number": "15647"
      }
    },
    {
      "dso": "DSO::1220b1431ef217342db44d516bb9befde802be7d8899637d290895fa58880f19accc",
      "validator": "validator_Hashnote::12202eacbd060e2e22ab198cb9f337ccfe049e16a90968576e15b8bab4317cf17259",
      "round": {
        "number": "15647"
      }
    },
    {
      "dso": "DSO::1220b1431ef217342db44d516bb9befde802be7d8899637d290895fa58880f19accc",
      "validator": "tw-canton-main1::1220bc64ba15ae75f050cf758a509ada5dc72c9be3779461db273916070391caebf5",
      "round": {
        "number": "15647"
      }
    },
    {
      "dso": "DSO::1220b1431ef217342db44d516bb9befde802be7d8899637d290895fa58880f19accc",
      "validator": "Lukka-Inc-prod-1::1220728cfb80bd69d5c18bd2059a62afd4375c8585b0a379d1189813d5ea558573be",
      "round": {
        "number": "15647"
      }
    },
    {
      "dso": "DSO::1220b1431ef217342db44d516bb9befde802be7d8899637d290895fa58880f19accc",
      "validator": "validator_validator_service_user::122014e5b5217dd355c338a471faaa2cf9dc6a9f312eb0843ee0b67be8d7b056c846",
      "round": {
        "number": "15648"
      }
    },
    {
      "dso": "DSO::1220b1431ef217342db44d516bb9befde802be7d8899637d290895fa58880f19accc",
      "validator": "validator_validator_service_user::12206750ba8ed320d15bfed65ec62b0d3de6b954f0569283d4672b98fb5a8bf07f0b",
      "round": {
        "number": "15648"
      }
    },
    {
      "dso": "DSO::1220b1431ef217342db44d516bb9befde802be7d8899637d290895fa58880f19accc",
      "validator": "validator_validator_service_user::122066b7e9da24a1018a348a57833fcc5f4f943931452ee4ea18f7923af943b07626",
      "round": {
        "number": "15648"
      }
    },
    {
      "dso": "DSO::1220b1431ef217342db44d516bb9befde802be7d8899637d290895fa58880f19accc",
      "validator": "primroseCapital-walletHostingMainNet-1::1220f7ecd95d1f40ba91a3a8106348d280ad1250437fce34cafd4368246fae39c806",
      "round": {
        "number": "15648"
      }
    },
    {
      "dso": "DSO::1220b1431ef217342db44d516bb9befde802be7d8899637d290895fa58880f19accc",
      "validator": "the_tie_validator::1220d3016091c253f526645cce3a0633837b685da083bac4459dad63e61d5c97b5fa",
      "round": {
        "number": "15648"
      }
    },
    {
      "dso": "DSO::1220b1431ef217342db44d516bb9befde802be7d8899637d290895fa58880f19accc",
      "validator": "TRIZEGroup-cantonMainnetValidator-1::12206ab3bf15b14410220357d6a6375eb1015f2e7fade1deb449463c2f2a25304889",
      "round": {
        "number": "15648"
      }
    },
    {
      "dso": "DSO::1220b1431ef217342db44d516bb9befde802be7d8899637d290895fa58880f19accc",
      "validator": "validator-gravityteam-1::1220fb80917ac13f293dbb0e892c7372aa8dc92dec848f746c649049b8538d1077f5",
      "round": {
        "number": "15648"
      }
    },
    {
      "dso": "DSO::1220b1431ef217342db44d516bb9befde802be7d8899637d290895fa58880f19accc",
      "validator": "Lukka-Inc-prod-1::1220728cfb80bd69d5c18bd2059a62afd4375c8585b0a379d1189813d5ea558573be",
      "round": {
        "number": "15648"
      }
    },
    {
      "dso": "DSO::1220b1431ef217342db44d516bb9befde802be7d8899637d290895fa58880f19accc",
      "validator": "validator_LCV-1::122015ee76ddfe8ea1741edf044ba2019341fc22b58a6148af01010f7588b008f802",
      "round": {
        "number": "15648"
      }
    },
    {
      "dso": "DSO::1220b1431ef217342db44d516bb9befde802be7d8899637d290895fa58880f19accc",
      "validator": "tw-canton-main1::1220bc64ba15ae75f050cf758a509ada5dc72c9be3779461db273916070391caebf5",
      "round": {
        "number": "15648"
      }
    },
    {
      "dso": "DSO::1220b1431ef217342db44d516bb9befde802be7d8899637d290895fa58880f19accc",
      "validator": "validator_validator_service_user::1220a7d341c65963ac599be7a6505f805e844e1cdfb5895bc73272db8230b74529fd",
      "round": {
        "number": "15648"
      }
    },
    {
      "dso": "DSO::1220b1431ef217342db44d516bb9befde802be7d8899637d290895fa58880f19accc",
      "validator": "hydrax-validator-1::1220921c9c5579f2648609d8b007793ffbe31efb311c79c53cbc68571827c1c5ebee",
      "round": {
        "number": "15648"
      }
    },
    {
      "dso": "DSO::1220b1431ef217342db44d516bb9befde802be7d8899637d290895fa58880f19accc",
      "validator": "copper-mainnet-validator::122038dd7fcbdd68bde47034abfd582cbe38854d94dec10c18a7589706914e2b6e61",
      "round": {
        "number": "15648"
      }
    },
    {
      "dso": "DSO::1220b1431ef217342db44d516bb9befde802be7d8899637d290895fa58880f19accc",
      "validator": "qcp-wallet-hosting-mainnet-1::12200e37ac6b165ebd4b09c4d74476234791031a6a92e1afe5a38ef3dc2b667a4948",
      "round": {
        "number": "15648"
      }
    },
    {
      "dso": "DSO::1220b1431ef217342db44d516bb9befde802be7d8899637d290895fa58880f19accc",
      "validator": "validator_validator_service_user::122014e5b5217dd355c338a471faaa2cf9dc6a9f312eb0843ee0b67be8d7b056c846",
      "round": {
        "number": "18326"
      }
    },
    {
      "dso": "DSO::1220b1431ef217342db44d516bb9befde802be7d8899637d290895fa58880f19accc",
      "validator": "validator_validator_service_user::1220a7d341c65963ac599be7a6505f805e844e1cdfb5895bc73272db8230b74529fd",
      "round": {
        "number": "18327"
      }
    },
    {
      "dso": "DSO::1220b1431ef217342db44d516bb9befde802be7d8899637d290895fa58880f19accc",
      "validator": "validator_validator_service_user::122014e5b5217dd355c338a471faaa2cf9dc6a9f312eb0843ee0b67be8d7b056c846",
      "round": {
        "number": "18327"
      }
    },
    {
      "dso": "DSO::1220b1431ef217342db44d516bb9befde802be7d8899637d290895fa58880f19accc",
      "validator": "validator_validator_service_user::122014e5b5217dd355c338a471faaa2cf9dc6a9f312eb0843ee0b67be8d7b056c846",
      "round": {
        "number": "18328"
      }
    },
    {
      "dso": "DSO::1220b1431ef217342db44d516bb9befde802be7d8899637d290895fa58880f19accc",
      "validator": "validator_validator_service_user::1220a7d341c65963ac599be7a6505f805e844e1cdfb5895bc73272db8230b74529fd",
      "round": {
        "number": "18328"
      }
    },
    {
      "dso": "DSO::1220b1431ef217342db44d516bb9befde802be7d8899637d290895fa58880f19accc",
      "validator": "validator_validator_service_user::1220a7d341c65963ac599be7a6505f805e844e1cdfb5895bc73272db8230b74529fd",
      "round": {
        "number": "18329"
      }
    },
    {
      "dso": "DSO::1220b1431ef217342db44d516bb9befde802be7d8899637d290895fa58880f19accc",
      "validator": "copper-mainnet-validator::122038dd7fcbdd68bde47034abfd582cbe38854d94dec10c18a7589706914e2b6e61",
      "round": {
        "number": "18658"
      }
    },
    {
      "dso": "DSO::1220b1431ef217342db44d516bb9befde802be7d8899637d290895fa58880f19accc",
      "validator": "copper-mainnet-validator::122038dd7fcbdd68bde47034abfd582cbe38854d94dec10c18a7589706914e2b6e61",
      "round": {
        "number": "18659"
      }
    },
    {
      "dso": "DSO::1220b1431ef217342db44d516bb9befde802be7d8899637d290895fa58880f19accc",
      "validator": "copper-mainnet-validator::122038dd7fcbdd68bde47034abfd582cbe38854d94dec10c18a7589706914e2b6e61",
      "round": {
        "number": "18660"
      }
    },
    {
      "dso": "DSO::1220b1431ef217342db44d516bb9befde802be7d8899637d290895fa58880f19accc",
      "validator": "proofgroup-validator-1::122021b7624f77a1a095714acc74337bebb0f49cf0f8ea565d4f0b12e09bb5deb1e1",
      "round": {
        "number": "18864"
      }
    },
    {
      "dso": "DSO::1220b1431ef217342db44d516bb9befde802be7d8899637d290895fa58880f19accc",
      "validator": "proofgroup-validator-1::122021b7624f77a1a095714acc74337bebb0f49cf0f8ea565d4f0b12e09bb5deb1e1",
      "round": {
        "number": "18865"
      }
    },
    {
      "dso": "DSO::1220b1431ef217342db44d516bb9befde802be7d8899637d290895fa58880f19accc",
      "validator": "proofgroup-validator-1::122021b7624f77a1a095714acc74337bebb0f49cf0f8ea565d4f0b12e09bb5deb1e1",
      "round": {
        "number": "18866"
      }
    },
    {
      "dso": "DSO::1220b1431ef217342db44d516bb9befde802be7d8899637d290895fa58880f19accc",
      "validator": "validator_validator_service_user::12206750ba8ed320d15bfed65ec62b0d3de6b954f0569283d4672b98fb5a8bf07f0b",
      "round": {
        "number": "19437"
      }
    },
    {
      "dso": "DSO::1220b1431ef217342db44d516bb9befde802be7d8899637d290895fa58880f19accc",
      "validator": "copper-mainnet-validator::122038dd7fcbdd68bde47034abfd582cbe38854d94dec10c18a7589706914e2b6e61",
      "round": {
        "number": "20527"
      }
    },
    {
      "dso": "DSO::1220b1431ef217342db44d516bb9befde802be7d8899637d290895fa58880f19accc",
      "validator": "copper-mainnet-validator::122038dd7fcbdd68bde47034abfd582cbe38854d94dec10c18a7589706914e2b6e61",
      "round": {
        "number": "20528"
      }
    },
    {
      "dso": "DSO::1220b1431ef217342db44d516bb9befde802be7d8899637d290895fa58880f19accc",
      "validator": "copper-mainnet-validator::122038dd7fcbdd68bde47034abfd582cbe38854d94dec10c18a7589706914e2b6e61",
      "round": {
        "number": "20529"
      }
    },
    {
      "dso": "DSO::1220b1431ef217342db44d516bb9befde802be7d8899637d290895fa58880f19accc",
      "validator": "copper-mainnet-validator::122038dd7fcbdd68bde47034abfd582cbe38854d94dec10c18a7589706914e2b6e61",
      "round": {
        "number": "20530"
      }
    },
    {
      "dso": "DSO::1220b1431ef217342db44d516bb9befde802be7d8899637d290895fa58880f19accc",
      "validator": "validator-broadridge-1::12205e668e22a25facdb6a3449890683f0f0c493bc1941549db9d1e16f2e324158cf",
      "round": {
        "number": "21343"
      }
    },
    {
      "dso": "DSO::1220b1431ef217342db44d516bb9befde802be7d8899637d290895fa58880f19accc",
      "validator": "validator-broadridge-1::12205e668e22a25facdb6a3449890683f0f0c493bc1941549db9d1e16f2e324158cf",
      "round": {
        "number": "21344"
      }
    },
    {
      "dso": "DSO::1220b1431ef217342db44d516bb9befde802be7d8899637d290895fa58880f19accc",
      "validator": "validator-broadridge-1::12205e668e22a25facdb6a3449890683f0f0c493bc1941549db9d1e16f2e324158cf",
      "round": {
        "number": "21345"
      }
    },
    {
      "dso": "DSO::1220b1431ef217342db44d516bb9befde802be7d8899637d290895fa58880f19accc",
      "validator": "Lukka-Inc-prod-1::1220728cfb80bd69d5c18bd2059a62afd4375c8585b0a379d1189813d5ea558573be",
      "round": {
        "number": "21833"
      }
    },
    {
      "dso": "DSO::1220b1431ef217342db44d516bb9befde802be7d8899637d290895fa58880f19accc",
      "validator": "Lukka-Inc-prod-1::1220728cfb80bd69d5c18bd2059a62afd4375c8585b0a379d1189813d5ea558573be",
      "round": {
        "number": "21834"
      }
    },
    {
      "dso": "DSO::1220b1431ef217342db44d516bb9befde802be7d8899637d290895fa58880f19accc",
      "validator": "Lukka-Inc-prod-1::1220728cfb80bd69d5c18bd2059a62afd4375c8585b0a379d1189813d5ea558573be",
      "round": {
        "number": "21835"
      }
    },
    {
      "dso": "DSO::1220b1431ef217342db44d516bb9befde802be7d8899637d290895fa58880f19accc",
      "validator": "Digital-Asset-2::12209b21d512c6a7e2f5d215266fe6568cb732caaef7ff04e308f990a652340d3529",
      "round": {
        "number": "23154"
      }
    },
    {
      "dso": "DSO::1220b1431ef217342db44d516bb9befde802be7d8899637d290895fa58880f19accc",
      "validator": "Liberty-City-Ventures::1220523d2914dc097ad13b87ff2ac68a65b13e201ae011f6381839fbcc7b00d3ea95",
      "round": {
        "number": "23322"
      }
    },
    {
      "dso": "DSO::1220b1431ef217342db44d516bb9befde802be7d8899637d290895fa58880f19accc",
      "validator": "Liberty-City-Ventures::1220523d2914dc097ad13b87ff2ac68a65b13e201ae011f6381839fbcc7b00d3ea95",
      "round": {
        "number": "23323"
      }
    },
    {
      "dso": "DSO::1220b1431ef217342db44d516bb9befde802be7d8899637d290895fa58880f19accc",
      "validator": "Liberty-City-Ventures::1220523d2914dc097ad13b87ff2ac68a65b13e201ae011f6381839fbcc7b00d3ea95",
      "round": {
        "number": "23324"
      }
    },
    {
      "dso": "DSO::1220b1431ef217342db44d516bb9befde802be7d8899637d290895fa58880f19accc",
      "validator": "Cumberland-Property-1::1220643de8d9bfdeb9187da2f770897fa50b34e17a39c0110edf91fe70d242853c25",
      "round": {
        "number": "23426"
      }
    },
    {
      "dso": "DSO::1220b1431ef217342db44d516bb9befde802be7d8899637d290895fa58880f19accc",
      "validator": "validator_DFNS::122055a1a137eacd142f00d72a7bd9c6b83ad00f65d97cb79a343d42c2077ae29ca6",
      "round": {
        "number": "23426"
      }
    },
    {
      "dso": "DSO::1220b1431ef217342db44d516bb9befde802be7d8899637d290895fa58880f19accc",
      "validator": "validator_LCV-1::122015ee76ddfe8ea1741edf044ba2019341fc22b58a6148af01010f7588b008f802",
      "round": {
        "number": "23426"
      }
    },
    {
      "dso": "DSO::1220b1431ef217342db44d516bb9befde802be7d8899637d290895fa58880f19accc",
      "validator": "3trade_validator_admin::122060327be2fbbda7498a867507bf4d1cd83cd079382fa8af1d4be5cad79248c102",
      "round": {
        "number": "23426"
      }
    },
    {
      "dso": "DSO::1220b1431ef217342db44d516bb9befde802be7d8899637d290895fa58880f19accc",
      "validator": "Orb-1-LP-1::122059e5d9c6036656bba13299bf959ed190fc51e2564024b9872ecd84001f87ea92",
      "round": {
        "number": "23426"
      }
    },
    {
      "dso": "DSO::1220b1431ef217342db44d516bb9befde802be7d8899637d290895fa58880f19accc",
      "validator": "tw-canton-main1::1220bc64ba15ae75f050cf758a509ada5dc72c9be3779461db273916070391caebf5",
      "round": {
        "number": "23426"
      }
    },
    {
      "dso": "DSO::1220b1431ef217342db44d516bb9befde802be7d8899637d290895fa58880f19accc",
      "validator": "proofgroup-validator-1::122021b7624f77a1a095714acc74337bebb0f49cf0f8ea565d4f0b12e09bb5deb1e1",
      "round": {
        "number": "23426"
      }
    },
    {
      "dso": "DSO::1220b1431ef217342db44d516bb9befde802be7d8899637d290895fa58880f19accc",
      "validator": "validator_GSF-1::12201725270d497ab23ceffd0d2acce46cc9da44586fd494786ef53cc58b6e4abd79",
      "round": {
        "number": "23426"
      }
    },
    {
      "dso": "DSO::1220b1431ef217342db44d516bb9befde802be7d8899637d290895fa58880f19accc",
      "validator": "7Ridge-validator-3::12209dfc532c90df9ab10f4769eee7adc368e14be5b27254271908f942d387cb6de0",
      "round": {
        "number": "23426"
      }
    },
    {
      "dso": "DSO::1220b1431ef217342db44d516bb9befde802be7d8899637d290895fa58880f19accc",
      "validator": "validator-broadridge-1::1220fb5d230808f7caabd740d797daabfc31c7418180e2b1fd2365658f3220edf818",
      "round": {
        "number": "23426"
      }
    },
    {
      "dso": "DSO::1220b1431ef217342db44d516bb9befde802be7d8899637d290895fa58880f19accc",
      "validator": "Global-Synchronizer-Foundation::1220b0867964b602f2cc7ea61324a95f000f0060e735cfaf4f23f424fdab02c170ac",
      "round": {
        "number": "23426"
      }
    },
    {
      "dso": "DSO::1220b1431ef217342db44d516bb9befde802be7d8899637d290895fa58880f19accc",
      "validator": "hydrax-validator-1::1220921c9c5579f2648609d8b007793ffbe31efb311c79c53cbc68571827c1c5ebee",
      "round": {
        "number": "23426"
      }
    },
    {
      "dso": "DSO::1220b1431ef217342db44d516bb9befde802be7d8899637d290895fa58880f19accc",
      "validator": "validator-gravityteam-1::1220fb80917ac13f293dbb0e892c7372aa8dc92dec848f746c649049b8538d1077f5",
      "round": {
        "number": "23426"
      }
    },
    {
      "dso": "DSO::1220b1431ef217342db44d516bb9befde802be7d8899637d290895fa58880f19accc",
      "validator": "Digital-Asset-1::1220a32c8c98a33fab1f7fac9f63790b22df62647c30ebc3b644dbdf2936fcc88419",
      "round": {
        "number": "23426"
      }
    },
    {
      "dso": "DSO::1220b1431ef217342db44d516bb9befde802be7d8899637d290895fa58880f19accc",
      "validator": "Orb1LP-SVvalidator-2::122039b0120dda65f350bbd22731b636ffe2eb757a4f04bf41a18d689c6e9351633a",
      "round": {
        "number": "23426"
      }
    },
    {
      "dso": "DSO::1220b1431ef217342db44d516bb9befde802be7d8899637d290895fa58880f19accc",
      "validator": "Cumberland-DenexSweep-1::12204cbaa915f9f76bb49bdd5108ae94f15d6e36bafb65412c2a46e537cb7f4d6f68",
      "round": {
        "number": "23426"
      }
    },
    {
      "dso": "DSO::1220b1431ef217342db44d516bb9befde802be7d8899637d290895fa58880f19accc",
      "validator": "Cumberland-1::12201aa8a23046d5740c9edd58f7e820c83e7f5c58f25551f955f3252d3a04240860",
      "round": {
        "number": "23426"
      }
    },
    {
      "dso": "DSO::1220b1431ef217342db44d516bb9befde802be7d8899637d290895fa58880f19accc",
      "validator": "bitwave-finance-1::1220ab03fc0c7f77428d8f568276b64a6e6a04e340c842581a0d4e676ad7e094c1bb",
      "round": {
        "number": "23426"
      }
    },
    {
      "dso": "DSO::1220b1431ef217342db44d516bb9befde802be7d8899637d290895fa58880f19accc",
      "validator": "validator_7Ridge::12200603421ea6db7ba6afb458dda46a28432cf58d7d24afbe126d61b43c9b4e8dfc",
      "round": {
        "number": "23426"
      }
    },
    {
      "dso": "DSO::1220b1431ef217342db44d516bb9befde802be7d8899637d290895fa58880f19accc",
      "validator": "TRIZEGroup-cantonMainnetValidator-1::12206ab3bf15b14410220357d6a6375eb1015f2e7fade1deb449463c2f2a25304889",
      "round": {
        "number": "23426"
      }
    },
    {
      "dso": "DSO::1220b1431ef217342db44d516bb9befde802be7d8899637d290895fa58880f19accc",
      "validator": "Lukka-Inc-prod-1::1220728cfb80bd69d5c18bd2059a62afd4375c8585b0a379d1189813d5ea558573be",
      "round": {
        "number": "23426"
      }
    },
    {
      "dso": "DSO::1220b1431ef217342db44d516bb9befde802be7d8899637d290895fa58880f19accc",
      "validator": "Digital-Asset-2::12209b21d512c6a7e2f5d215266fe6568cb732caaef7ff04e308f990a652340d3529",
      "round": {
        "number": "23426"
      }
    },
    {
      "dso": "DSO::1220b1431ef217342db44d516bb9befde802be7d8899637d290895fa58880f19accc",
      "validator": "validator-socgen-1::12203e601bb3021da99f2105b460ef92f083faf716377991a636c52b11bda56c6cf1",
      "round": {
        "number": "23426"
      }
    },
    {
      "dso": "DSO::1220b1431ef217342db44d516bb9befde802be7d8899637d290895fa58880f19accc",
      "validator": "LCV-SVvalidator-1::1220c75867697df9fc5fed191b34ee931be05aa4b6fcc465927d81c841baa75f2ab5",
      "round": {
        "number": "23426"
      }
    },
    {
      "dso": "DSO::1220b1431ef217342db44d516bb9befde802be7d8899637d290895fa58880f19accc",
      "validator": "SV-Nodeops-Limited::1220734414a4b0658bb2be4caf33205e5a45bf8dc5207e3bfc769d361582dc72feef",
      "round": {
        "number": "23426"
      }
    },
    {
      "dso": "DSO::1220b1431ef217342db44d516bb9befde802be7d8899637d290895fa58880f19accc",
      "validator": "brale-prodmainnet-1::1220b8301e18aa8a401d6e34e6c20f8b0243183c514373bca8f1b6b9270246341a9e",
      "round": {
        "number": "23426"
      }
    },
    {
      "dso": "DSO::1220b1431ef217342db44d516bb9befde802be7d8899637d290895fa58880f19accc",
      "validator": "validator_validator_service_user::12206750ba8ed320d15bfed65ec62b0d3de6b954f0569283d4672b98fb5a8bf07f0b",
      "round": {
        "number": "23426"
      }
    },
    {
      "dso": "DSO::1220b1431ef217342db44d516bb9befde802be7d8899637d290895fa58880f19accc",
      "validator": "qcp-wallet-hosting-mainnet-1::12200e37ac6b165ebd4b09c4d74476234791031a6a92e1afe5a38ef3dc2b667a4948",
      "round": {
        "number": "23426"
      }
    },
    {
      "dso": "DSO::1220b1431ef217342db44d516bb9befde802be7d8899637d290895fa58880f19accc",
      "validator": "copper-mainnet-validator::122038dd7fcbdd68bde47034abfd582cbe38854d94dec10c18a7589706914e2b6e61",
      "round": {
        "number": "23426"
      }
    },
    {
      "dso": "DSO::1220b1431ef217342db44d516bb9befde802be7d8899637d290895fa58880f19accc",
      "validator": "Cumberland-GasStation-1::1220987fe52357fc17dc0a3552a691d1e1e685152bbe467acff604503cf301780bcf",
      "round": {
        "number": "23426"
      }
    },
    {
      "dso": "DSO::1220b1431ef217342db44d516bb9befde802be7d8899637d290895fa58880f19accc",
      "validator": "validator_Hashnote::12202eacbd060e2e22ab198cb9f337ccfe049e16a90968576e15b8bab4317cf17259",
      "round": {
        "number": "23426"
      }
    },
    {
      "dso": "DSO::1220b1431ef217342db44d516bb9befde802be7d8899637d290895fa58880f19accc",
      "validator": "Cumberland-2::1220120801da0994334c869a6db19d9321f3d5baf9e40377830a90c2af78658aede6",
      "round": {
        "number": "23426"
      }
    },
    {
      "dso": "DSO::1220b1431ef217342db44d516bb9befde802be7d8899637d290895fa58880f19accc",
      "validator": "Orb1LP-SVvalidator-1::12205d4d358e9de3351c74419d9746ea9083854c113f826240fe2b2ce808a51a3a7e",
      "round": {
        "number": "23426"
      }
    },
    {
      "dso": "DSO::1220b1431ef217342db44d516bb9befde802be7d8899637d290895fa58880f19accc",
      "validator": "MPC-Holding-Inc::12204783725aa3adcd787311531134baed8b9b28ccf76b100c62b8d4995842aabd6b",
      "round": {
        "number": "23426"
      }
    },
    {
      "dso": "DSO::1220b1431ef217342db44d516bb9befde802be7d8899637d290895fa58880f19accc",
      "validator": "Cumberland-DRWS-1::1220f792fc36ceb9f88536e862f0923f1b655cccb9a711ee4d5ede1397ad722bb155",
      "round": {
        "number": "23426"
      }
    },
    {
      "dso": "DSO::1220b1431ef217342db44d516bb9befde802be7d8899637d290895fa58880f19accc",
      "validator": "7Ridge-validator-2::1220f1584f579e9be2205df88bd40ed18b47d5166f191be284e74a66e6f6ea0da6f2",
      "round": {
        "number": "23426"
      }
    },
    {
      "dso": "DSO::1220b1431ef217342db44d516bb9befde802be7d8899637d290895fa58880f19accc",
      "validator": "Tradeweb-Markets-1::12203cd253ff9f6526c871dd6a9b3af8d1f0484ff0910e6cae75e9bcf76d1be5ff99",
      "round": {
        "number": "23426"
      }
    },
    {
      "dso": "DSO::1220b1431ef217342db44d516bb9befde802be7d8899637d290895fa58880f19accc",
      "validator": "Cumberland-Hashnote-1::1220ae792056579461b0b7314f8d9bb6354bcc6e7a297a5ead19b47488982729ec2e",
      "round": {
        "number": "23426"
      }
    },
    {
      "dso": "DSO::1220b1431ef217342db44d516bb9befde802be7d8899637d290895fa58880f19accc",
      "validator": "Cumberland-Oracle-1::1220b556be7038f6dbd1ce5795ba452ad70c61c3ba3a574998a35bba23a01703dc52",
      "round": {
        "number": "23426"
      }
    },
    {
      "dso": "DSO::1220b1431ef217342db44d516bb9befde802be7d8899637d290895fa58880f19accc",
      "validator": "validator_Broadridge::1220b0008ea5531b9e47d3315a822ca8b923b5bdd568c934557402d7160b8af4815d",
      "round": {
        "number": "23426"
      }
    },
    {
      "dso": "DSO::1220b1431ef217342db44d516bb9befde802be7d8899637d290895fa58880f19accc",
      "validator": "digitalasset_utility_validator_admin::12205bcc106efa0eaa7f18dc491e5c6f5fb9b0cc68dc110ae66f4ed6467475d7c78e",
      "round": {
        "number": "23426"
      }
    },
    {
      "dso": "DSO::1220b1431ef217342db44d516bb9befde802be7d8899637d290895fa58880f19accc",
      "validator": "primroseCapital-walletHostingMainNet-1::1220f7ecd95d1f40ba91a3a8106348d280ad1250437fce34cafd4368246fae39c806",
      "round": {
        "number": "23426"
      }
    },
    {
      "dso": "DSO::1220b1431ef217342db44d516bb9befde802be7d8899637d290895fa58880f19accc",
      "validator": "the_tie_validator::1220d3016091c253f526645cce3a0633837b685da083bac4459dad63e61d5c97b5fa",
      "round": {
        "number": "23426"
      }
    },
    {
      "dso": "DSO::1220b1431ef217342db44d516bb9befde802be7d8899637d290895fa58880f19accc",
      "validator": "Cumberland-Property-1::1220643de8d9bfdeb9187da2f770897fa50b34e17a39c0110edf91fe70d242853c25",
      "round": {
        "number": "23427"
      }
    },
    {
      "dso": "DSO::1220b1431ef217342db44d516bb9befde802be7d8899637d290895fa58880f19accc",
      "validator": "Cumberland-Hashnote-1::1220ae792056579461b0b7314f8d9bb6354bcc6e7a297a5ead19b47488982729ec2e",
      "round": {
        "number": "23427"
      }
    },
    {
      "dso": "DSO::1220b1431ef217342db44d516bb9befde802be7d8899637d290895fa58880f19accc",
      "validator": "proofgroup-validator-1::122021b7624f77a1a095714acc74337bebb0f49cf0f8ea565d4f0b12e09bb5deb1e1",
      "round": {
        "number": "23427"
      }
    },
    {
      "dso": "DSO::1220b1431ef217342db44d516bb9befde802be7d8899637d290895fa58880f19accc",
      "validator": "tw-canton-main1::1220bc64ba15ae75f050cf758a509ada5dc72c9be3779461db273916070391caebf5",
      "round": {
        "number": "23427"
      }
    },
    {
      "dso": "DSO::1220b1431ef217342db44d516bb9befde802be7d8899637d290895fa58880f19accc",
      "validator": "digitalasset_utility_validator_admin::12205bcc106efa0eaa7f18dc491e5c6f5fb9b0cc68dc110ae66f4ed6467475d7c78e",
      "round": {
        "number": "23427"
      }
    },
    {
      "dso": "DSO::1220b1431ef217342db44d516bb9befde802be7d8899637d290895fa58880f19accc",
      "validator": "hydrax-validator-1::1220921c9c5579f2648609d8b007793ffbe31efb311c79c53cbc68571827c1c5ebee",
      "round": {
        "number": "23427"
      }
    },
    {
      "dso": "DSO::1220b1431ef217342db44d516bb9befde802be7d8899637d290895fa58880f19accc",
      "validator": "Cumberland-Oracle-1::1220b556be7038f6dbd1ce5795ba452ad70c61c3ba3a574998a35bba23a01703dc52",
      "round": {
        "number": "23427"
      }
    },
    {
      "dso": "DSO::1220b1431ef217342db44d516bb9befde802be7d8899637d290895fa58880f19accc",
      "validator": "LCV-SVvalidator-1::1220c75867697df9fc5fed191b34ee931be05aa4b6fcc465927d81c841baa75f2ab5",
      "round": {
        "number": "23427"
      }
    },
    {
      "dso": "DSO::1220b1431ef217342db44d516bb9befde802be7d8899637d290895fa58880f19accc",
      "validator": "primroseCapital-walletHostingMainNet-1::1220f7ecd95d1f40ba91a3a8106348d280ad1250437fce34cafd4368246fae39c806",
      "round": {
        "number": "23427"
      }
    },
    {
      "dso": "DSO::1220b1431ef217342db44d516bb9befde802be7d8899637d290895fa58880f19accc",
      "validator": "TRIZEGroup-cantonMainnetValidator-1::12206ab3bf15b14410220357d6a6375eb1015f2e7fade1deb449463c2f2a25304889",
      "round": {
        "number": "23427"
      }
    },
    {
      "dso": "DSO::1220b1431ef217342db44d516bb9befde802be7d8899637d290895fa58880f19accc",
      "validator": "validator-socgen-1::12203e601bb3021da99f2105b460ef92f083faf716377991a636c52b11bda56c6cf1",
      "round": {
        "number": "23427"
      }
    },
    {
      "dso": "DSO::1220b1431ef217342db44d516bb9befde802be7d8899637d290895fa58880f19accc",
      "validator": "copper-mainnet-validator::122038dd7fcbdd68bde47034abfd582cbe38854d94dec10c18a7589706914e2b6e61",
      "round": {
        "number": "23427"
      }
    },
    {
      "dso": "DSO::1220b1431ef217342db44d516bb9befde802be7d8899637d290895fa58880f19accc",
      "validator": "validator_LCV-1::122015ee76ddfe8ea1741edf044ba2019341fc22b58a6148af01010f7588b008f802",
      "round": {
        "number": "23427"
      }
    },
    {
      "dso": "DSO::1220b1431ef217342db44d516bb9befde802be7d8899637d290895fa58880f19accc",
      "validator": "Orb1LP-SVvalidator-1::12205d4d358e9de3351c74419d9746ea9083854c113f826240fe2b2ce808a51a3a7e",
      "round": {
        "number": "23427"
      }
    },
    {
      "dso": "DSO::1220b1431ef217342db44d516bb9befde802be7d8899637d290895fa58880f19accc",
      "validator": "bitwave-finance-1::1220ab03fc0c7f77428d8f568276b64a6e6a04e340c842581a0d4e676ad7e094c1bb",
      "round": {
        "number": "23427"
      }
    },
    {
      "dso": "DSO::1220b1431ef217342db44d516bb9befde802be7d8899637d290895fa58880f19accc",
      "validator": "validator_validator_service_user::12206750ba8ed320d15bfed65ec62b0d3de6b954f0569283d4672b98fb5a8bf07f0b",
      "round": {
        "number": "23427"
      }
    },
    {
      "dso": "DSO::1220b1431ef217342db44d516bb9befde802be7d8899637d290895fa58880f19accc",
      "validator": "brale-prodmainnet-1::1220b8301e18aa8a401d6e34e6c20f8b0243183c514373bca8f1b6b9270246341a9e",
      "round": {
        "number": "23427"
      }
    },
    {
      "dso": "DSO::1220b1431ef217342db44d516bb9befde802be7d8899637d290895fa58880f19accc",
      "validator": "validator_Hashnote::12202eacbd060e2e22ab198cb9f337ccfe049e16a90968576e15b8bab4317cf17259",
      "round": {
        "number": "23427"
      }
    },
    {
      "dso": "DSO::1220b1431ef217342db44d516bb9befde802be7d8899637d290895fa58880f19accc",
      "validator": "qcp-wallet-hosting-mainnet-1::12200e37ac6b165ebd4b09c4d74476234791031a6a92e1afe5a38ef3dc2b667a4948",
      "round": {
        "number": "23427"
      }
    },
    {
      "dso": "DSO::1220b1431ef217342db44d516bb9befde802be7d8899637d290895fa58880f19accc",
      "validator": "Orb1LP-SVvalidator-2::122039b0120dda65f350bbd22731b636ffe2eb757a4f04bf41a18d689c6e9351633a",
      "round": {
        "number": "23427"
      }
    },
    {
      "dso": "DSO::1220b1431ef217342db44d516bb9befde802be7d8899637d290895fa58880f19accc",
      "validator": "Lukka-Inc-prod-1::1220728cfb80bd69d5c18bd2059a62afd4375c8585b0a379d1189813d5ea558573be",
      "round": {
        "number": "23427"
      }
    },
    {
      "dso": "DSO::1220b1431ef217342db44d516bb9befde802be7d8899637d290895fa58880f19accc",
      "validator": "the_tie_validator::1220d3016091c253f526645cce3a0633837b685da083bac4459dad63e61d5c97b5fa",
      "round": {
        "number": "23427"
      }
    },
    {
      "dso": "DSO::1220b1431ef217342db44d516bb9befde802be7d8899637d290895fa58880f19accc",
      "validator": "Lukka-Inc-prod-1::1220728cfb80bd69d5c18bd2059a62afd4375c8585b0a379d1189813d5ea558573be",
      "round": {
        "number": "23428"
      }
    },
    {
      "dso": "DSO::1220b1431ef217342db44d516bb9befde802be7d8899637d290895fa58880f19accc",
      "validator": "qcp-wallet-hosting-mainnet-1::12200e37ac6b165ebd4b09c4d74476234791031a6a92e1afe5a38ef3dc2b667a4948",
      "round": {
        "number": "23428"
      }
    },
    {
      "dso": "DSO::1220b1431ef217342db44d516bb9befde802be7d8899637d290895fa58880f19accc",
      "validator": "validator_validator_service_user::12206750ba8ed320d15bfed65ec62b0d3de6b954f0569283d4672b98fb5a8bf07f0b",
      "round": {
        "number": "23428"
      }
    },
    {
      "dso": "DSO::1220b1431ef217342db44d516bb9befde802be7d8899637d290895fa58880f19accc",
      "validator": "LCV-SVvalidator-1::1220c75867697df9fc5fed191b34ee931be05aa4b6fcc465927d81c841baa75f2ab5",
      "round": {
        "number": "23428"
      }
    },
    {
      "dso": "DSO::1220b1431ef217342db44d516bb9befde802be7d8899637d290895fa58880f19accc",
      "validator": "TRIZEGroup-cantonMainnetValidator-1::12206ab3bf15b14410220357d6a6375eb1015f2e7fade1deb449463c2f2a25304889",
      "round": {
        "number": "23428"
      }
    },
    {
      "dso": "DSO::1220b1431ef217342db44d516bb9befde802be7d8899637d290895fa58880f19accc",
      "validator": "the_tie_validator::1220d3016091c253f526645cce3a0633837b685da083bac4459dad63e61d5c97b5fa",
      "round": {
        "number": "23428"
      }
    },
    {
      "dso": "DSO::1220b1431ef217342db44d516bb9befde802be7d8899637d290895fa58880f19accc",
      "validator": "primroseCapital-walletHostingMainNet-1::1220f7ecd95d1f40ba91a3a8106348d280ad1250437fce34cafd4368246fae39c806",
      "round": {
        "number": "23428"
      }
    },
    {
      "dso": "DSO::1220b1431ef217342db44d516bb9befde802be7d8899637d290895fa58880f19accc",
      "validator": "Cumberland-Oracle-1::1220b556be7038f6dbd1ce5795ba452ad70c61c3ba3a574998a35bba23a01703dc52",
      "round": {
        "number": "23428"
      }
    },
    {
      "dso": "DSO::1220b1431ef217342db44d516bb9befde802be7d8899637d290895fa58880f19accc",
      "validator": "bitwave-finance-1::1220ab03fc0c7f77428d8f568276b64a6e6a04e340c842581a0d4e676ad7e094c1bb",
      "round": {
        "number": "23428"
      }
    },
    {
      "dso": "DSO::1220b1431ef217342db44d516bb9befde802be7d8899637d290895fa58880f19accc",
      "validator": "validator_LCV-1::122015ee76ddfe8ea1741edf044ba2019341fc22b58a6148af01010f7588b008f802",
      "round": {
        "number": "23428"
      }
    },
    {
      "dso": "DSO::1220b1431ef217342db44d516bb9befde802be7d8899637d290895fa58880f19accc",
      "validator": "brale-prodmainnet-1::1220b8301e18aa8a401d6e34e6c20f8b0243183c514373bca8f1b6b9270246341a9e",
      "round": {
        "number": "23428"
      }
    },
    {
      "dso": "DSO::1220b1431ef217342db44d516bb9befde802be7d8899637d290895fa58880f19accc",
      "validator": "validator_Hashnote::12202eacbd060e2e22ab198cb9f337ccfe049e16a90968576e15b8bab4317cf17259",
      "round": {
        "number": "23428"
      }
    },
    {
      "dso": "DSO::1220b1431ef217342db44d516bb9befde802be7d8899637d290895fa58880f19accc",
      "validator": "Orb1LP-SVvalidator-1::12205d4d358e9de3351c74419d9746ea9083854c113f826240fe2b2ce808a51a3a7e",
      "round": {
        "number": "23428"
      }
    },
    {
      "dso": "DSO::1220b1431ef217342db44d516bb9befde802be7d8899637d290895fa58880f19accc",
      "validator": "validator-socgen-1::12203e601bb3021da99f2105b460ef92f083faf716377991a636c52b11bda56c6cf1",
      "round": {
        "number": "23428"
      }
    },
    {
      "dso": "DSO::1220b1431ef217342db44d516bb9befde802be7d8899637d290895fa58880f19accc",
      "validator": "copper-mainnet-validator::122038dd7fcbdd68bde47034abfd582cbe38854d94dec10c18a7589706914e2b6e61",
      "round": {
        "number": "23428"
      }
    },
    {
      "dso": "DSO::1220b1431ef217342db44d516bb9befde802be7d8899637d290895fa58880f19accc",
      "validator": "Orb1LP-SVvalidator-2::122039b0120dda65f350bbd22731b636ffe2eb757a4f04bf41a18d689c6e9351633a",
      "round": {
        "number": "23428"
      }
    },
    {
      "dso": "DSO::1220b1431ef217342db44d516bb9befde802be7d8899637d290895fa58880f19accc",
      "validator": "digitalasset_utility_validator_admin::12205bcc106efa0eaa7f18dc491e5c6f5fb9b0cc68dc110ae66f4ed6467475d7c78e",
      "round": {
        "number": "23428"
      }
    },
    {
      "dso": "DSO::1220b1431ef217342db44d516bb9befde802be7d8899637d290895fa58880f19accc",
      "validator": "hydrax-validator-1::1220921c9c5579f2648609d8b007793ffbe31efb311c79c53cbc68571827c1c5ebee",
      "round": {
        "number": "23428"
      }
    },
    {
      "dso": "DSO::1220b1431ef217342db44d516bb9befde802be7d8899637d290895fa58880f19accc",
      "validator": "Cumberland-Property-1::1220643de8d9bfdeb9187da2f770897fa50b34e17a39c0110edf91fe70d242853c25",
      "round": {
        "number": "23428"
      }
    },
    {
      "dso": "DSO::1220b1431ef217342db44d516bb9befde802be7d8899637d290895fa58880f19accc",
      "validator": "tw-canton-main1::1220bc64ba15ae75f050cf758a509ada5dc72c9be3779461db273916070391caebf5",
      "round": {
        "number": "23428"
      }
    },
    {
      "dso": "DSO::1220b1431ef217342db44d516bb9befde802be7d8899637d290895fa58880f19accc",
      "validator": "proofgroup-validator-1::122021b7624f77a1a095714acc74337bebb0f49cf0f8ea565d4f0b12e09bb5deb1e1",
      "round": {
        "number": "23428"
      }
    },
    {
      "dso": "DSO::1220b1431ef217342db44d516bb9befde802be7d8899637d290895fa58880f19accc",
      "validator": "brale-prodmainnet-1::1220b8301e18aa8a401d6e34e6c20f8b0243183c514373bca8f1b6b9270246341a9e",
      "round": {
        "number": "23479"
      }
    },
    {
      "dso": "DSO::1220b1431ef217342db44d516bb9befde802be7d8899637d290895fa58880f19accc",
      "validator": "brale-prodmainnet-1::1220b8301e18aa8a401d6e34e6c20f8b0243183c514373bca8f1b6b9270246341a9e",
      "round": {
        "number": "23480"
      }
    },
    {
      "dso": "DSO::1220b1431ef217342db44d516bb9befde802be7d8899637d290895fa58880f19accc",
      "validator": "brale-prodmainnet-1::1220b8301e18aa8a401d6e34e6c20f8b0243183c514373bca8f1b6b9270246341a9e",
      "round": {
        "number": "23481"
      }
    }
  ]
}