{
  "metadata": {
    "template_id": "a36ef8888fb44caae13d96341ce1fabd84fc9e2e7b209bbc3caabb48b6be1668:Splice.ValidatorLicense:ValidatorLicense",
    "canonical_package": "3ca1343ab26b453d38c8adb70dca5f1ead8440c42b59b68f070786955cbf9ec1",
    "migration_id": 3,
    "record_time": "2025-10-30T21:00:00Z",
    "timestamp": "2025-10-30T23:52:55.502Z",
    "entry_count": 8
  },
  "data": [
    {
      "validator": "validator_MPCH::1220e2afe646e512f1ff486447365b782a42f3c72cd4fdaa026d9e09c3a71998eec8",
      "sponsor": "Global-Synchronizer-Foundation::1220b0867964b602f2cc7ea61324a95f000f0060e735cfaf4f23f424fdab02c170ac",
      "dso": "DSO::1220b1431ef217342db44d516bb9befde802be7d8899637d290895fa58880f19accc",
      "faucetState": {
        "firstReceivedFor": {
          "number": "0"
        },
        "lastReceivedFor": {
          "number": "14823"
        },
        "numCouponsMissed": "0"
      },
      "metadata": {
        "lastUpdatedAt": "2024-09-12T14:00:20.201731Z",
        "version": "0.1.19",
        "contactPoint": "sv-support@intellecteu.com"
      },
      "lastActiveAt": "2024-10-10T14:26:11.163509Z"
    },
    {
      "validator": "validator_validator_service_user::122066b7e9da24a1018a348a57833fcc5f4f943931452ee4ea18f7923af943b07626",
      "sponsor": "Digital-Asset-2::12209b21d512c6a7e2f5d215266fe6568cb732caaef7ff04e308f990a652340d3529",
      "dso": "DSO::1220b1431ef217342db44d516bb9befde802be7d8899637d290895fa58880f19accc",
      "faucetState": {
        "firstReceivedFor": {
          "number": "8019"
        },
        "lastReceivedFor": {
          "number": "15648"
        },
        "numCouponsMissed": "0"
      },
      "metadata": {
        "lastUpdatedAt": "2024-09-12T14:00:13.262068Z",
        "version": "0.1.17",
        "contactPoint": "eddie@nakamotomining.ai"
      },
      "lastActiveAt": "2024-10-16T12:51:03.100579Z"
    },
    {
      "validator": "Orb-1-LP::12201940c04b1021cfa95c162b1ceee4d1eb2f2c1fcf693168ab5f150aea427462c7",
      "sponsor": "Orb-1-LP::12201940c04b1021cfa95c162b1ceee4d1eb2f2c1fcf693168ab5f150aea427462c7",
      "dso": "DSO::1220b1431ef217342db44d516bb9befde802be7d8899637d290895fa58880f19accc",
      "faucetState": {
        "firstReceivedFor": {
          "number": "0"
        },
        "lastReceivedFor": {
          "number": "18300"
        },
        "numCouponsMissed": "0"
      },
      "metadata": {
        "lastUpdatedAt": "2024-10-16T13:25:15.749629Z",
        "version": "0.2.4",
        "contactPoint": "cesar@strangepixels.co"
      },
      "lastActiveAt": "2024-11-04T14:59:28.546525Z"
    },
    {
      "validator": "validator_validator_service_user::122014e5b5217dd355c338a471faaa2cf9dc6a9f312eb0843ee0b67be8d7b056c846",
      "sponsor": "Orb-1-LP::12201940c04b1021cfa95c162b1ceee4d1eb2f2c1fcf693168ab5f150aea427462c7",
      "dso": "DSO::1220b1431ef217342db44d516bb9befde802be7d8899637d290895fa58880f19accc",
      "faucetState": {
        "firstReceivedFor": {
          "number": "0"
        },
        "lastReceivedFor": {
          "number": "18328"
        },
        "numCouponsMissed": "148"
      },
      "metadata": {
        "lastUpdatedAt": "2024-10-17T15:17:02.898255Z",
        "version": "0.2.4",
        "contactPoint": "cesar@strangepixels.co"
      },
      "lastActiveAt": "2024-11-04T19:49:05.217810Z"
    },
    {
      "validator": "validator_validator_service_user::1220a7d341c65963ac599be7a6505f805e844e1cdfb5895bc73272db8230b74529fd",
      "sponsor": "Orb-1-LP::12201940c04b1021cfa95c162b1ceee4d1eb2f2c1fcf693168ab5f150aea427462c7",
      "dso": "DSO::1220b1431ef217342db44d516bb9befde802be7d8899637d290895fa58880f19accc",
      "faucetState": {
        "firstReceivedFor": {
          "number": "0"
        },
        "lastReceivedFor": {
          "number": "18329"
        },
        "numCouponsMissed": "148"
      },
      "metadata": {
        "lastUpdatedAt": "2024-10-17T15:17:15.366304Z",
        "version": "0.2.4",
        "contactPoint": "cesar@strangepixels.co"
      },
      "lastActiveAt": "2024-11-04T20:00:01.668033Z"
    },
    {
      "validator": "validator-broadridge-1::12205e668e22a25facdb6a3449890683f0f0c493bc1941549db9d1e16f2e324158cf",
      "sponsor": "Global-Synchronizer-Foundation::1220b0867964b602f2cc7ea61324a95f000f0060e735cfaf4f23f424fdab02c170ac",
      "dso": "DSO::1220b1431ef217342db44d516bb9befde802be7d8899637d290895fa58880f19accc",
      "faucetState": {
        "firstReceivedFor": {
          "number": "18305"
        },
        "lastReceivedFor": {
          "number": "21345"
        },
        "numCouponsMissed": "0"
      },
      "metadata": {
        "lastUpdatedAt": "2024-11-04T16:01:25.825106Z",
        "version": "0.2.4",
        "contactPoint": ""
      },
      "lastActiveAt": "2024-11-26T12:55:23.308514Z"
    },
    {
      "validator": "Liberty-City-Ventures::1220523d2914dc097ad13b87ff2ac68a65b13e201ae011f6381839fbcc7b00d3ea95",
      "sponsor": "Liberty-City-Ventures::1220523d2914dc097ad13b87ff2ac68a65b13e201ae011f6381839fbcc7b00d3ea95",
      "dso": "DSO::1220b1431ef217342db44d516bb9befde802be7d8899637d290895fa58880f19accc",
      "faucetState": {
        "firstReceivedFor": {
          "number": "0"
        },
        "lastReceivedFor": {
          "number": "23324"
        },
        "numCouponsMissed": "0"
      },
      "metadata": {
        "lastUpdatedAt": "2024-11-19T07:44:26.434260Z",
        "version": "0.2.8",
        "contactPoint": "sv-support@intellecteu.com"
      },
      "lastActiveAt": "2024-12-10T19:55:11.599753Z"
    },
    {
      "validator": "validator_LCV-1::122015ee76ddfe8ea1741edf044ba2019341fc22b58a6148af01010f7588b008f802",
      "sponsor": "Liberty-City-Ventures::1220523d2914dc097ad13b87ff2ac68a65b13e201ae011f6381839fbcc7b00d3ea95",
      "dso": "DSO::1220b1431ef217342db44d516bb9befde802be7d8899637d290895fa58880f19accc",
      "faucetState": {
        "firstReceivedFor": {
          "number": "0"
        },
        "lastReceivedFor": {
          "number": "23428"
        },
        "numCouponsMissed": "3"
      },
      "metadata": {
        "lastUpdatedAt": "2024-11-19T07:44:29.396629Z",
        "version": "0.2.8",
        "contactPoint": "sv-support@intellecteu.com"
      },
      "lastActiveAt": "2024-12-11T13:53:11.001615Z"
    }
  ]
}