{
  "metadata": {
    "template_id": "a36ef8888fb44caae13d96341ce1fabd84fc9e2e7b209bbc3caabb48b6be1668:Splice.DecentralizedSynchronizer:MemberTraffic",
    "canonical_package": "3ca1343ab26b453d38c8adb70dca5f1ead8440c42b59b68f070786955cbf9ec1",
    "migration_id": 3,
    "record_time": "2025-10-30T21:00:00Z",
    "timestamp": "2025-10-30T23:52:55.501Z",
    "entry_count": 75
  },
  "data": [
    {
      "dso": "DSO::1220b1431ef217342db44d516bb9befde802be7d8899637d290895fa58880f19accc",
      "memberId": "PAR::validator-gravityteam::1220fb80917ac13f293dbb0e892c7372aa8dc92dec848f746c649049b8538d1077f5",
      "synchronizerId": "global-domain::1220b1431ef217342db44d516bb9befde802be7d8899637d290895fa58880f19accc",
      "migrationId": "0",
      "totalPurchased": "1999800",
      "numPurchases": "1",
      "amuletSpent": "6667.3332000000",
      "usdSpent": "33.3366660000"
    },
    {
      "dso": "DSO::1220b1431ef217342db44d516bb9befde802be7d8899637d290895fa58880f19accc",
      "memberId": "PAR::PRIMROSE::1220f7ecd95d1f40ba91a3a8106348d280ad1250437fce34cafd4368246fae39c806",
      "synchronizerId": "global-domain::1220b1431ef217342db44d516bb9befde802be7d8899637d290895fa58880f19accc",
      "migrationId": "0",
      "totalPurchased": "1200000",
      "numPurchases": "1",
      "amuletSpent": "4000.8000000000",
      "usdSpent": "20.0040000000"
    },
    {
      "dso": "DSO::1220b1431ef217342db44d516bb9befde802be7d8899637d290895fa58880f19accc",
      "memberId": "PAR::digitalasset-utility-validator::12205bcc106efa0eaa7f18dc491e5c6f5fb9b0cc68dc110ae66f4ed6467475d7c78e",
      "synchronizerId": "global-domain::1220b1431ef217342db44d516bb9befde802be7d8899637d290895fa58880f19accc",
      "migrationId": "0",
      "totalPurchased": "78114288",
      "numPurchases": "136",
      "amuletSpent": "260433.0361920000",
      "usdSpent": "1302.1651809600"
    },
    {
      "dso": "DSO::1220b1431ef217342db44d516bb9befde802be7d8899637d290895fa58880f19accc",
      "memberId": "PAR::digitalasset-utility-validator::12205bcc106efa0eaa7f18dc491e5c6f5fb9b0cc68dc110ae66f4ed6467475d7c78e",
      "synchronizerId": "global-domain::1220b1431ef217342db44d516bb9befde802be7d8899637d290895fa58880f19accc",
      "migrationId": "0",
      "totalPurchased": "534281",
      "numPurchases": "1",
      "amuletSpent": "1781.2928540000",
      "usdSpent": "8.9064642700"
    },
    {
      "dso": "DSO::1220b1431ef217342db44d516bb9befde802be7d8899637d290895fa58880f19accc",
      "memberId": "PAR::validator-3trade-prod::122060327be2fbbda7498a867507bf4d1cd83cd079382fa8af1d4be5cad79248c102",
      "synchronizerId": "global-domain::1220b1431ef217342db44d516bb9befde802be7d8899637d290895fa58880f19accc",
      "migrationId": "0",
      "totalPurchased": "4944510000",
      "numPurchases": "2451",
      "amuletSpent": "16484996.3400000000",
      "usdSpent": "82424.9817000000"
    },
    {
      "dso": "DSO::1220b1431ef217342db44d516bb9befde802be7d8899637d290895fa58880f19accc",
      "memberId": "PAR::validator-3trade-prod::122060327be2fbbda7498a867507bf4d1cd83cd079382fa8af1d4be5cad79248c102",
      "synchronizerId": "global-domain::1220b1431ef217342db44d516bb9befde802be7d8899637d290895fa58880f19accc",
      "migrationId": "0",
      "totalPurchased": "1999800",
      "numPurchases": "1",
      "amuletSpent": "6667.3332000000",
      "usdSpent": "33.3366660000"
    },
    {
      "dso": "DSO::1220b1431ef217342db44d516bb9befde802be7d8899637d290895fa58880f19accc",
      "memberId": "PAR::validator-3trade-prod::122060327be2fbbda7498a867507bf4d1cd83cd079382fa8af1d4be5cad79248c102",
      "synchronizerId": "global-domain::1220b1431ef217342db44d516bb9befde802be7d8899637d290895fa58880f19accc",
      "migrationId": "0",
      "totalPurchased": "1999800",
      "numPurchases": "1",
      "amuletSpent": "6667.3332000000",
      "usdSpent": "33.3366660000"
    },
    {
      "dso": "DSO::1220b1431ef217342db44d516bb9befde802be7d8899637d290895fa58880f19accc",
      "memberId": "PAR::validator-3trade-prod::122060327be2fbbda7498a867507bf4d1cd83cd079382fa8af1d4be5cad79248c102",
      "synchronizerId": "global-domain::1220b1431ef217342db44d516bb9befde802be7d8899637d290895fa58880f19accc",
      "migrationId": "0",
      "totalPurchased": "1999800",
      "numPurchases": "1",
      "amuletSpent": "6667.3332000000",
      "usdSpent": "33.3366660000"
    },
    {
      "dso": "DSO::1220b1431ef217342db44d516bb9befde802be7d8899637d290895fa58880f19accc",
      "memberId": "PAR::7Ridge::12200603421ea6db7ba6afb458dda46a28432cf58d7d24afbe126d61b43c9b4e8dfc",
      "synchronizerId": "global-domain::1220b1431ef217342db44d516bb9befde802be7d8899637d290895fa58880f19accc",
      "migrationId": "1",
      "totalPurchased": "1200000",
      "numPurchases": "1",
      "amuletSpent": "4000.8000000000",
      "usdSpent": "20.0040000000"
    },
    {
      "dso": "DSO::1220b1431ef217342db44d516bb9befde802be7d8899637d290895fa58880f19accc",
      "memberId": "PAR::GSF-1::12201725270d497ab23ceffd0d2acce46cc9da44586fd494786ef53cc58b6e4abd79",
      "synchronizerId": "global-domain::1220b1431ef217342db44d516bb9befde802be7d8899637d290895fa58880f19accc",
      "migrationId": "1",
      "totalPurchased": "1200000",
      "numPurchases": "1",
      "amuletSpent": "4000.8000000000",
      "usdSpent": "20.0040000000"
    },
    {
      "dso": "DSO::1220b1431ef217342db44d516bb9befde802be7d8899637d290895fa58880f19accc",
      "memberId": "PAR::DFNS::122055a1a137eacd142f00d72a7bd9c6b83ad00f65d97cb79a343d42c2077ae29ca6",
      "synchronizerId": "global-domain::1220b1431ef217342db44d516bb9befde802be7d8899637d290895fa58880f19accc",
      "migrationId": "1",
      "totalPurchased": "1200000",
      "numPurchases": "1",
      "amuletSpent": "4000.8000000000",
      "usdSpent": "20.0040000000"
    },
    {
      "dso": "DSO::1220b1431ef217342db44d516bb9befde802be7d8899637d290895fa58880f19accc",
      "memberId": "PAR::digitalasset-utility-validator::12205bcc106efa0eaa7f18dc491e5c6f5fb9b0cc68dc110ae66f4ed6467475d7c78e",
      "synchronizerId": "global-domain::1220b1431ef217342db44d516bb9befde802be7d8899637d290895fa58880f19accc",
      "migrationId": "1",
      "totalPurchased": "1999800",
      "numPurchases": "1",
      "amuletSpent": "6667.3332000000",
      "usdSpent": "33.3366660000"
    },
    {
      "dso": "DSO::1220b1431ef217342db44d516bb9befde802be7d8899637d290895fa58880f19accc",
      "memberId": "PAR::Broadridge::1220b0008ea5531b9e47d3315a822ca8b923b5bdd568c934557402d7160b8af4815d",
      "synchronizerId": "global-domain::1220b1431ef217342db44d516bb9befde802be7d8899637d290895fa58880f19accc",
      "migrationId": "1",
      "totalPurchased": "1200000",
      "numPurchases": "1",
      "amuletSpent": "4000.8000000000",
      "usdSpent": "20.0040000000"
    },
    {
      "dso": "DSO::1220b1431ef217342db44d516bb9befde802be7d8899637d290895fa58880f19accc",
      "memberId": "PAR::LCV-1::122015ee76ddfe8ea1741edf044ba2019341fc22b58a6148af01010f7588b008f802",
      "synchronizerId": "global-domain::1220b1431ef217342db44d516bb9befde802be7d8899637d290895fa58880f19accc",
      "migrationId": "1",
      "totalPurchased": "1200000",
      "numPurchases": "1",
      "amuletSpent": "4000.8000000000",
      "usdSpent": "20.0040000000"
    },
    {
      "dso": "DSO::1220b1431ef217342db44d516bb9befde802be7d8899637d290895fa58880f19accc",
      "memberId": "PAR::copper-canton-mainnet::122038dd7fcbdd68bde47034abfd582cbe38854d94dec10c18a7589706914e2b6e61",
      "synchronizerId": "global-domain::1220b1431ef217342db44d516bb9befde802be7d8899637d290895fa58880f19accc",
      "migrationId": "1",
      "totalPurchased": "1200000",
      "numPurchases": "1",
      "amuletSpent": "4000.8000000000",
      "usdSpent": "20.0040000000"
    },
    {
      "dso": "DSO::1220b1431ef217342db44d516bb9befde802be7d8899637d290895fa58880f19accc",
      "memberId": "PAR::da-wallet::12206750ba8ed320d15bfed65ec62b0d3de6b954f0569283d4672b98fb5a8bf07f0b",
      "synchronizerId": "global-domain::1220b1431ef217342db44d516bb9befde802be7d8899637d290895fa58880f19accc",
      "migrationId": "1",
      "totalPurchased": "1200000",
      "numPurchases": "1",
      "amuletSpent": "4000.8000000000",
      "usdSpent": "20.0040000000"
    },
    {
      "dso": "DSO::1220b1431ef217342db44d516bb9befde802be7d8899637d290895fa58880f19accc",
      "memberId": "PAR::the_tie_validator::1220d3016091c253f526645cce3a0633837b685da083bac4459dad63e61d5c97b5fa",
      "synchronizerId": "global-domain::1220b1431ef217342db44d516bb9befde802be7d8899637d290895fa58880f19accc",
      "migrationId": "1",
      "totalPurchased": "1200000",
      "numPurchases": "1",
      "amuletSpent": "4000.8000000000",
      "usdSpent": "20.0040000000"
    },
    {
      "dso": "DSO::1220b1431ef217342db44d516bb9befde802be7d8899637d290895fa58880f19accc",
      "memberId": "PAR::lukka::1220728cfb80bd69d5c18bd2059a62afd4375c8585b0a379d1189813d5ea558573be",
      "synchronizerId": "global-domain::1220b1431ef217342db44d516bb9befde802be7d8899637d290895fa58880f19accc",
      "migrationId": "1",
      "totalPurchased": "1200000",
      "numPurchases": "1",
      "amuletSpent": "4000.8000000000",
      "usdSpent": "20.0040000000"
    },
    {
      "dso": "DSO::1220b1431ef217342db44d516bb9befde802be7d8899637d290895fa58880f19accc",
      "memberId": "PAR::tw-cn-mainnet-participant-1::1220bc64ba15ae75f050cf758a509ada5dc72c9be3779461db273916070391caebf5",
      "synchronizerId": "global-domain::1220b1431ef217342db44d516bb9befde802be7d8899637d290895fa58880f19accc",
      "migrationId": "1",
      "totalPurchased": "1999800",
      "numPurchases": "1",
      "amuletSpent": "6667.3332000000",
      "usdSpent": "33.3366660000"
    },
    {
      "dso": "DSO::1220b1431ef217342db44d516bb9befde802be7d8899637d290895fa58880f19accc",
      "memberId": "PAR::brale-prodmainnet::1220b8301e18aa8a401d6e34e6c20f8b0243183c514373bca8f1b6b9270246341a9e",
      "synchronizerId": "global-domain::1220b1431ef217342db44d516bb9befde802be7d8899637d290895fa58880f19accc",
      "migrationId": "1",
      "totalPurchased": "1999800",
      "numPurchases": "1",
      "amuletSpent": "6667.3332000000",
      "usdSpent": "33.3366660000"
    },
    {
      "dso": "DSO::1220b1431ef217342db44d516bb9befde802be7d8899637d290895fa58880f19accc",
      "memberId": "PAR::PRIMROSE::1220f7ecd95d1f40ba91a3a8106348d280ad1250437fce34cafd4368246fae39c806",
      "synchronizerId": "global-domain::1220b1431ef217342db44d516bb9befde802be7d8899637d290895fa58880f19accc",
      "migrationId": "1",
      "totalPurchased": "1200000",
      "numPurchases": "1",
      "amuletSpent": "4000.8000000000",
      "usdSpent": "20.0040000000"
    },
    {
      "dso": "DSO::1220b1431ef217342db44d516bb9befde802be7d8899637d290895fa58880f19accc",
      "memberId": "PAR::PRIMROSE::1220f7ecd95d1f40ba91a3a8106348d280ad1250437fce34cafd4368246fae39c806",
      "synchronizerId": "global-domain::1220b1431ef217342db44d516bb9befde802be7d8899637d290895fa58880f19accc",
      "migrationId": "1",
      "totalPurchased": "1200000",
      "numPurchases": "1",
      "amuletSpent": "4000.8000000000",
      "usdSpent": "20.0040000000"
    },
    {
      "dso": "DSO::1220b1431ef217342db44d516bb9befde802be7d8899637d290895fa58880f19accc",
      "memberId": "PAR::hx-canton-main-participant::1220921c9c5579f2648609d8b007793ffbe31efb311c79c53cbc68571827c1c5ebee",
      "synchronizerId": "global-domain::1220b1431ef217342db44d516bb9befde802be7d8899637d290895fa58880f19accc",
      "migrationId": "1",
      "totalPurchased": "1200000",
      "numPurchases": "1",
      "amuletSpent": "4000.8000000000",
      "usdSpent": "20.0040000000"
    },
    {
      "dso": "DSO::1220b1431ef217342db44d516bb9befde802be7d8899637d290895fa58880f19accc",
      "memberId": "PAR::hx-canton-main-participant::1220921c9c5579f2648609d8b007793ffbe31efb311c79c53cbc68571827c1c5ebee",
      "synchronizerId": "global-domain::1220b1431ef217342db44d516bb9befde802be7d8899637d290895fa58880f19accc",
      "migrationId": "1",
      "totalPurchased": "1200000",
      "numPurchases": "1",
      "amuletSpent": "4000.8000000000",
      "usdSpent": "20.0040000000"
    },
    {
      "dso": "DSO::1220b1431ef217342db44d516bb9befde802be7d8899637d290895fa58880f19accc",
      "memberId": "PAR::QCP::12200e37ac6b165ebd4b09c4d74476234791031a6a92e1afe5a38ef3dc2b667a4948",
      "synchronizerId": "global-domain::1220b1431ef217342db44d516bb9befde802be7d8899637d290895fa58880f19accc",
      "migrationId": "1",
      "totalPurchased": "1200000",
      "numPurchases": "1",
      "amuletSpent": "4000.8000000000",
      "usdSpent": "20.0040000000"
    },
    {
      "dso": "DSO::1220b1431ef217342db44d516bb9befde802be7d8899637d290895fa58880f19accc",
      "memberId": "PAR::QCP::12200e37ac6b165ebd4b09c4d74476234791031a6a92e1afe5a38ef3dc2b667a4948",
      "synchronizerId": "global-domain::1220b1431ef217342db44d516bb9befde802be7d8899637d290895fa58880f19accc",
      "migrationId": "1",
      "totalPurchased": "1200000",
      "numPurchases": "1",
      "amuletSpent": "4000.8000000000",
      "usdSpent": "20.0040000000"
    },
    {
      "dso": "DSO::1220b1431ef217342db44d516bb9befde802be7d8899637d290895fa58880f19accc",
      "memberId": "PAR::Orb-1-LP::122014e5b5217dd355c338a471faaa2cf9dc6a9f312eb0843ee0b67be8d7b056c846",
      "synchronizerId": "global-domain::1220b1431ef217342db44d516bb9befde802be7d8899637d290895fa58880f19accc",
      "migrationId": "1",
      "totalPurchased": "1200000",
      "numPurchases": "1",
      "amuletSpent": "4000.8000000000",
      "usdSpent": "20.0040000000"
    },
    {
      "dso": "DSO::1220b1431ef217342db44d516bb9befde802be7d8899637d290895fa58880f19accc",
      "memberId": "PAR::Orb-1-LP::1220a7d341c65963ac599be7a6505f805e844e1cdfb5895bc73272db8230b74529fd",
      "synchronizerId": "global-domain::1220b1431ef217342db44d516bb9befde802be7d8899637d290895fa58880f19accc",
      "migrationId": "1",
      "totalPurchased": "1200000",
      "numPurchases": "1",
      "amuletSpent": "4000.8000000000",
      "usdSpent": "20.0040000000"
    },
    {
      "dso": "DSO::1220b1431ef217342db44d516bb9befde802be7d8899637d290895fa58880f19accc",
      "memberId": "PAR::Orb-1-LP::122014e5b5217dd355c338a471faaa2cf9dc6a9f312eb0843ee0b67be8d7b056c846",
      "synchronizerId": "global-domain::1220b1431ef217342db44d516bb9befde802be7d8899637d290895fa58880f19accc",
      "migrationId": "1",
      "totalPurchased": "1200000",
      "numPurchases": "1",
      "amuletSpent": "4000.8000000000",
      "usdSpent": "20.0040000000"
    },
    {
      "dso": "DSO::1220b1431ef217342db44d516bb9befde802be7d8899637d290895fa58880f19accc",
      "memberId": "PAR::Orb-1-LP::1220a7d341c65963ac599be7a6505f805e844e1cdfb5895bc73272db8230b74529fd",
      "synchronizerId": "global-domain::1220b1431ef217342db44d516bb9befde802be7d8899637d290895fa58880f19accc",
      "migrationId": "1",
      "totalPurchased": "1200000",
      "numPurchases": "1",
      "amuletSpent": "4000.8000000000",
      "usdSpent": "20.0040000000"
    },
    {
      "dso": "DSO::1220b1431ef217342db44d516bb9befde802be7d8899637d290895fa58880f19accc",
      "memberId": "PAR::Cumberland-Property-1::1220643de8d9bfdeb9187da2f770897fa50b34e17a39c0110edf91fe70d242853c25",
      "synchronizerId": "global-domain::1220b1431ef217342db44d516bb9befde802be7d8899637d290895fa58880f19accc",
      "migrationId": "1",
      "totalPurchased": "500000",
      "numPurchases": "1",
      "amuletSpent": "1667.0000000000",
      "usdSpent": "8.3350000000"
    },
    {
      "dso": "DSO::1220b1431ef217342db44d516bb9befde802be7d8899637d290895fa58880f19accc",
      "memberId": "PAR::Cumberland-Hashnote-1::1220ae792056579461b0b7314f8d9bb6354bcc6e7a297a5ead19b47488982729ec2e",
      "synchronizerId": "global-domain::1220b1431ef217342db44d516bb9befde802be7d8899637d290895fa58880f19accc",
      "migrationId": "1",
      "totalPurchased": "500000",
      "numPurchases": "1",
      "amuletSpent": "1667.0000000000",
      "usdSpent": "8.3350000000"
    },
    {
      "dso": "DSO::1220b1431ef217342db44d516bb9befde802be7d8899637d290895fa58880f19accc",
      "memberId": "PAR::Hashnote::12202eacbd060e2e22ab198cb9f337ccfe049e16a90968576e15b8bab4317cf17259",
      "synchronizerId": "global-domain::1220b1431ef217342db44d516bb9befde802be7d8899637d290895fa58880f19accc",
      "migrationId": "1",
      "totalPurchased": "500000",
      "numPurchases": "1",
      "amuletSpent": "1667.0000000000",
      "usdSpent": "8.3350000000"
    },
    {
      "dso": "DSO::1220b1431ef217342db44d516bb9befde802be7d8899637d290895fa58880f19accc",
      "memberId": "PAR::Cumberland-Oracle-1::1220b556be7038f6dbd1ce5795ba452ad70c61c3ba3a574998a35bba23a01703dc52",
      "synchronizerId": "global-domain::1220b1431ef217342db44d516bb9befde802be7d8899637d290895fa58880f19accc",
      "migrationId": "1",
      "totalPurchased": "500000",
      "numPurchases": "1",
      "amuletSpent": "1667.0000000000",
      "usdSpent": "8.3350000000"
    },
    {
      "dso": "DSO::1220b1431ef217342db44d516bb9befde802be7d8899637d290895fa58880f19accc",
      "memberId": "PAR::digitalasset-utility-validator::12205bcc106efa0eaa7f18dc491e5c6f5fb9b0cc68dc110ae66f4ed6467475d7c78e",
      "synchronizerId": "global-domain::1220b1431ef217342db44d516bb9befde802be7d8899637d290895fa58880f19accc",
      "migrationId": "1",
      "totalPurchased": "4199160",
      "numPurchases": "1",
      "amuletSpent": "13999.9994400000",
      "usdSpent": "69.9999972000"
    },
    {
      "dso": "DSO::1220b1431ef217342db44d516bb9befde802be7d8899637d290895fa58880f19accc",
      "memberId": "PAR::digitalasset-utility-validator::12205bcc106efa0eaa7f18dc491e5c6f5fb9b0cc68dc110ae66f4ed6467475d7c78e",
      "synchronizerId": "global-domain::1220b1431ef217342db44d516bb9befde802be7d8899637d290895fa58880f19accc",
      "migrationId": "1",
      "totalPurchased": "3801040",
      "numPurchases": "1",
      "amuletSpent": "12672.6673600000",
      "usdSpent": "63.3633368000"
    },
    {
      "dso": "DSO::1220b1431ef217342db44d516bb9befde802be7d8899637d290895fa58880f19accc",
      "memberId": "PAR::T-RIZE Group Mainnet Node::12206ab3bf15b14410220357d6a6375eb1015f2e7fade1deb449463c2f2a25304889",
      "synchronizerId": "global-domain::1220b1431ef217342db44d516bb9befde802be7d8899637d290895fa58880f19accc",
      "migrationId": "1",
      "totalPurchased": "1200000",
      "numPurchases": "1",
      "amuletSpent": "4000.8000000000",
      "usdSpent": "20.0040000000"
    },
    {
      "dso": "DSO::1220b1431ef217342db44d516bb9befde802be7d8899637d290895fa58880f19accc",
      "memberId": "PAR::T-RIZE Group Mainnet Node::12206ab3bf15b14410220357d6a6375eb1015f2e7fade1deb449463c2f2a25304889",
      "synchronizerId": "global-domain::1220b1431ef217342db44d516bb9befde802be7d8899637d290895fa58880f19accc",
      "migrationId": "1",
      "totalPurchased": "1200000",
      "numPurchases": "1",
      "amuletSpent": "4000.8000000000",
      "usdSpent": "20.0040000000"
    },
    {
      "dso": "DSO::1220b1431ef217342db44d516bb9befde802be7d8899637d290895fa58880f19accc",
      "memberId": "PAR::T-RIZE Group Mainnet Node::12206ab3bf15b14410220357d6a6375eb1015f2e7fade1deb449463c2f2a25304889",
      "synchronizerId": "global-domain::1220b1431ef217342db44d516bb9befde802be7d8899637d290895fa58880f19accc",
      "migrationId": "1",
      "totalPurchased": "1200000",
      "numPurchases": "1",
      "amuletSpent": "4000.8000000000",
      "usdSpent": "20.0040000000"
    },
    {
      "dso": "DSO::1220b1431ef217342db44d516bb9befde802be7d8899637d290895fa58880f19accc",
      "memberId": "PAR::validator-gravityteam::1220fb80917ac13f293dbb0e892c7372aa8dc92dec848f746c649049b8538d1077f5",
      "synchronizerId": "global-domain::1220b1431ef217342db44d516bb9befde802be7d8899637d290895fa58880f19accc",
      "migrationId": "1",
      "totalPurchased": "1999800",
      "numPurchases": "1",
      "amuletSpent": "6667.3332000000",
      "usdSpent": "33.3366660000"
    },
    {
      "dso": "DSO::1220b1431ef217342db44d516bb9befde802be7d8899637d290895fa58880f19accc",
      "memberId": "PAR::validator-gravityteam::1220fb80917ac13f293dbb0e892c7372aa8dc92dec848f746c649049b8538d1077f5",
      "synchronizerId": "global-domain::1220b1431ef217342db44d516bb9befde802be7d8899637d290895fa58880f19accc",
      "migrationId": "1",
      "totalPurchased": "1999800",
      "numPurchases": "1",
      "amuletSpent": "6667.3332000000",
      "usdSpent": "33.3366660000"
    },
    {
      "dso": "DSO::1220b1431ef217342db44d516bb9befde802be7d8899637d290895fa58880f19accc",
      "memberId": "PAR::validator-gravityteam::1220fb80917ac13f293dbb0e892c7372aa8dc92dec848f746c649049b8538d1077f5",
      "synchronizerId": "global-domain::1220b1431ef217342db44d516bb9befde802be7d8899637d290895fa58880f19accc",
      "migrationId": "1",
      "totalPurchased": "1999800",
      "numPurchases": "1",
      "amuletSpent": "6667.3332000000",
      "usdSpent": "33.3366660000"
    },
    {
      "dso": "DSO::1220b1431ef217342db44d516bb9befde802be7d8899637d290895fa58880f19accc",
      "memberId": "PAR::proofgroup-prod1::122021b7624f77a1a095714acc74337bebb0f49cf0f8ea565d4f0b12e09bb5deb1e1",
      "synchronizerId": "global-domain::1220b1431ef217342db44d516bb9befde802be7d8899637d290895fa58880f19accc",
      "migrationId": "1",
      "totalPurchased": "1200000",
      "numPurchases": "1",
      "amuletSpent": "4000.8000000000",
      "usdSpent": "20.0040000000"
    },
    {
      "dso": "DSO::1220b1431ef217342db44d516bb9befde802be7d8899637d290895fa58880f19accc",
      "memberId": "PAR::SocGen::12203e601bb3021da99f2105b460ef92f083faf716377991a636c52b11bda56c6cf1",
      "synchronizerId": "global-domain::1220b1431ef217342db44d516bb9befde802be7d8899637d290895fa58880f19accc",
      "migrationId": "1",
      "totalPurchased": "1999800",
      "numPurchases": "1",
      "amuletSpent": "6667.3332000000",
      "usdSpent": "33.3366660000"
    },
    {
      "dso": "DSO::1220b1431ef217342db44d516bb9befde802be7d8899637d290895fa58880f19accc",
      "memberId": "PAR::Broadridge::12205e668e22a25facdb6a3449890683f0f0c493bc1941549db9d1e16f2e324158cf",
      "synchronizerId": "global-domain::1220b1431ef217342db44d516bb9befde802be7d8899637d290895fa58880f19accc",
      "migrationId": "1",
      "totalPurchased": "1999800",
      "numPurchases": "1",
      "amuletSpent": "6667.3332000000",
      "usdSpent": "33.3366660000"
    },
    {
      "dso": "DSO::1220b1431ef217342db44d516bb9befde802be7d8899637d290895fa58880f19accc",
      "memberId": "PAR::7Ridge-validator-3::12209dfc532c90df9ab10f4769eee7adc368e14be5b27254271908f942d387cb6de0",
      "synchronizerId": "global-domain::1220b1431ef217342db44d516bb9befde802be7d8899637d290895fa58880f19accc",
      "migrationId": "1",
      "totalPurchased": "1200000",
      "numPurchases": "1",
      "amuletSpent": "4000.8000000000",
      "usdSpent": "20.0040000000"
    },
    {
      "dso": "DSO::1220b1431ef217342db44d516bb9befde802be7d8899637d290895fa58880f19accc",
      "memberId": "PAR::7Ridge-validator-2::1220f1584f579e9be2205df88bd40ed18b47d5166f191be284e74a66e6f6ea0da6f2",
      "synchronizerId": "global-domain::1220b1431ef217342db44d516bb9befde802be7d8899637d290895fa58880f19accc",
      "migrationId": "1",
      "totalPurchased": "1200000",
      "numPurchases": "1",
      "amuletSpent": "4000.8000000000",
      "usdSpent": "20.0040000000"
    },
    {
      "dso": "DSO::1220b1431ef217342db44d516bb9befde802be7d8899637d290895fa58880f19accc",
      "memberId": "PAR::bitwave-validator::1220ab03fc0c7f77428d8f568276b64a6e6a04e340c842581a0d4e676ad7e094c1bb",
      "synchronizerId": "global-domain::1220b1431ef217342db44d516bb9befde802be7d8899637d290895fa58880f19accc",
      "migrationId": "1",
      "totalPurchased": "1200000",
      "numPurchases": "1",
      "amuletSpent": "4000.8000000000",
      "usdSpent": "20.0040000000"
    },
    {
      "dso": "DSO::1220b1431ef217342db44d516bb9befde802be7d8899637d290895fa58880f19accc",
      "memberId": "PAR::Broadridge::1220fb5d230808f7caabd740d797daabfc31c7418180e2b1fd2365658f3220edf818",
      "synchronizerId": "global-domain::1220b1431ef217342db44d516bb9befde802be7d8899637d290895fa58880f19accc",
      "migrationId": "1",
      "totalPurchased": "1999800",
      "numPurchases": "1",
      "amuletSpent": "6667.3332000000",
      "usdSpent": "33.3366660000"
    },
    {
      "dso": "DSO::1220b1431ef217342db44d516bb9befde802be7d8899637d290895fa58880f19accc",
      "memberId": "PAR::Cumberland-DenexSweep-1::12204cbaa915f9f76bb49bdd5108ae94f15d6e36bafb65412c2a46e537cb7f4d6f68",
      "synchronizerId": "global-domain::1220b1431ef217342db44d516bb9befde802be7d8899637d290895fa58880f19accc",
      "migrationId": "1",
      "totalPurchased": "1999800",
      "numPurchases": "1",
      "amuletSpent": "6667.3332000000",
      "usdSpent": "33.3366660000"
    },
    {
      "dso": "DSO::1220b1431ef217342db44d516bb9befde802be7d8899637d290895fa58880f19accc",
      "memberId": "PAR::validator-3trade-prod::122060327be2fbbda7498a867507bf4d1cd83cd079382fa8af1d4be5cad79248c102",
      "synchronizerId": "global-domain::1220b1431ef217342db44d516bb9befde802be7d8899637d290895fa58880f19accc",
      "migrationId": "1",
      "totalPurchased": "1144885500",
      "numPurchases": "926",
      "amuletSpent": "3817048.2570000000",
      "usdSpent": "19085.2412850000"
    },
    {
      "dso": "DSO::1220b1431ef217342db44d516bb9befde802be7d8899637d290895fa58880f19accc",
      "memberId": "PAR::validator-3trade-prod::122060327be2fbbda7498a867507bf4d1cd83cd079382fa8af1d4be5cad79248c102",
      "synchronizerId": "global-domain::1220b1431ef217342db44d516bb9befde802be7d8899637d290895fa58880f19accc",
      "migrationId": "1",
      "totalPurchased": "1999800",
      "numPurchases": "1",
      "amuletSpent": "6667.3332000000",
      "usdSpent": "33.3366660000"
    },
    {
      "dso": "DSO::1220b1431ef217342db44d516bb9befde802be7d8899637d290895fa58880f19accc",
      "memberId": "PAR::validator-3trade-prod::122060327be2fbbda7498a867507bf4d1cd83cd079382fa8af1d4be5cad79248c102",
      "synchronizerId": "global-domain::1220b1431ef217342db44d516bb9befde802be7d8899637d290895fa58880f19accc",
      "migrationId": "1",
      "totalPurchased": "1999800",
      "numPurchases": "1",
      "amuletSpent": "6667.3332000000",
      "usdSpent": "33.3366660000"
    },
    {
      "dso": "DSO::1220b1431ef217342db44d516bb9befde802be7d8899637d290895fa58880f19accc",
      "memberId": "PAR::Cumberland-GasStation-1::1220987fe52357fc17dc0a3552a691d1e1e685152bbe467acff604503cf301780bcf",
      "synchronizerId": "global-domain::1220b1431ef217342db44d516bb9befde802be7d8899637d290895fa58880f19accc",
      "migrationId": "1",
      "totalPurchased": "11998800",
      "numPurchases": "6",
      "amuletSpent": "40003.9992000000",
      "usdSpent": "200.0199960000"
    },
    {
      "dso": "DSO::1220b1431ef217342db44d516bb9befde802be7d8899637d290895fa58880f19accc",
      "memberId": "PAR::Cumberland-GasStation-1::1220987fe52357fc17dc0a3552a691d1e1e685152bbe467acff604503cf301780bcf",
      "synchronizerId": "global-domain::1220b1431ef217342db44d516bb9befde802be7d8899637d290895fa58880f19accc",
      "migrationId": "1",
      "totalPurchased": "1999800",
      "numPurchases": "1",
      "amuletSpent": "6667.3332000000",
      "usdSpent": "33.3366660000"
    },
    {
      "dso": "DSO::1220b1431ef217342db44d516bb9befde802be7d8899637d290895fa58880f19accc",
      "memberId": "PAR::Cumberland-GasStation-1::1220987fe52357fc17dc0a3552a691d1e1e685152bbe467acff604503cf301780bcf",
      "synchronizerId": "global-domain::1220b1431ef217342db44d516bb9befde802be7d8899637d290895fa58880f19accc",
      "migrationId": "1",
      "totalPurchased": "1999800",
      "numPurchases": "1",
      "amuletSpent": "6667.3332000000",
      "usdSpent": "33.3366660000"
    },
    {
      "dso": "DSO::1220b1431ef217342db44d516bb9befde802be7d8899637d290895fa58880f19accc",
      "memberId": "PAR::Cumberland-GasStation-1::1220987fe52357fc17dc0a3552a691d1e1e685152bbe467acff604503cf301780bcf",
      "synchronizerId": "global-domain::1220b1431ef217342db44d516bb9befde802be7d8899637d290895fa58880f19accc",
      "migrationId": "1",
      "totalPurchased": "1999800",
      "numPurchases": "1",
      "amuletSpent": "6667.3332000000",
      "usdSpent": "33.3366660000"
    },
    {
      "dso": "DSO::1220b1431ef217342db44d516bb9befde802be7d8899637d290895fa58880f19accc",
      "memberId": "PAR::GSF-1::12201725270d497ab23ceffd0d2acce46cc9da44586fd494786ef53cc58b6e4abd79",
      "synchronizerId": "global-domain::1220b1431ef217342db44d516bb9befde802be7d8899637d290895fa58880f19accc",
      "migrationId": "2",
      "totalPurchased": "1200000",
      "numPurchases": "1",
      "amuletSpent": "4000.8000000000",
      "usdSpent": "20.0040000000"
    },
    {
      "dso": "DSO::1220b1431ef217342db44d516bb9befde802be7d8899637d290895fa58880f19accc",
      "memberId": "PAR::7Ridge::12200603421ea6db7ba6afb458dda46a28432cf58d7d24afbe126d61b43c9b4e8dfc",
      "synchronizerId": "global-domain::1220b1431ef217342db44d516bb9befde802be7d8899637d290895fa58880f19accc",
      "migrationId": "2",
      "totalPurchased": "1200000",
      "numPurchases": "1",
      "amuletSpent": "4000.8000000000",
      "usdSpent": "20.0040000000"
    },
    {
      "dso": "DSO::1220b1431ef217342db44d516bb9befde802be7d8899637d290895fa58880f19accc",
      "memberId": "PAR::7Ridge-validator-2::1220f1584f579e9be2205df88bd40ed18b47d5166f191be284e74a66e6f6ea0da6f2",
      "synchronizerId": "global-domain::1220b1431ef217342db44d516bb9befde802be7d8899637d290895fa58880f19accc",
      "migrationId": "2",
      "totalPurchased": "1200000",
      "numPurchases": "1",
      "amuletSpent": "4000.8000000000",
      "usdSpent": "20.0040000000"
    },
    {
      "dso": "DSO::1220b1431ef217342db44d516bb9befde802be7d8899637d290895fa58880f19accc",
      "memberId": "PAR::DFNS::122055a1a137eacd142f00d72a7bd9c6b83ad00f65d97cb79a343d42c2077ae29ca6",
      "synchronizerId": "global-domain::1220b1431ef217342db44d516bb9befde802be7d8899637d290895fa58880f19accc",
      "migrationId": "2",
      "totalPurchased": "1200000",
      "numPurchases": "1",
      "amuletSpent": "4000.8000000000",
      "usdSpent": "20.0040000000"
    },
    {
      "dso": "DSO::1220b1431ef217342db44d516bb9befde802be7d8899637d290895fa58880f19accc",
      "memberId": "PAR::7Ridge-validator-3::12209dfc532c90df9ab10f4769eee7adc368e14be5b27254271908f942d387cb6de0",
      "synchronizerId": "global-domain::1220b1431ef217342db44d516bb9befde802be7d8899637d290895fa58880f19accc",
      "migrationId": "2",
      "totalPurchased": "1200000",
      "numPurchases": "1",
      "amuletSpent": "4000.8000000000",
      "usdSpent": "20.0040000000"
    },
    {
      "dso": "DSO::1220b1431ef217342db44d516bb9befde802be7d8899637d290895fa58880f19accc",
      "memberId": "PAR::validator-gravityteam::1220fb80917ac13f293dbb0e892c7372aa8dc92dec848f746c649049b8538d1077f5",
      "synchronizerId": "global-domain::1220b1431ef217342db44d516bb9befde802be7d8899637d290895fa58880f19accc",
      "migrationId": "2",
      "totalPurchased": "1999800",
      "numPurchases": "1",
      "amuletSpent": "6667.3332000000",
      "usdSpent": "33.3366660000"
    },
    {
      "dso": "DSO::1220b1431ef217342db44d516bb9befde802be7d8899637d290895fa58880f19accc",
      "memberId": "PAR::Broadridge::1220b0008ea5531b9e47d3315a822ca8b923b5bdd568c934557402d7160b8af4815d",
      "synchronizerId": "global-domain::1220b1431ef217342db44d516bb9befde802be7d8899637d290895fa58880f19accc",
      "migrationId": "2",
      "totalPurchased": "1200000",
      "numPurchases": "1",
      "amuletSpent": "4000.8000000000",
      "usdSpent": "20.0040000000"
    },
    {
      "dso": "DSO::1220b1431ef217342db44d516bb9befde802be7d8899637d290895fa58880f19accc",
      "memberId": "PAR::Broadridge::1220fb5d230808f7caabd740d797daabfc31c7418180e2b1fd2365658f3220edf818",
      "synchronizerId": "global-domain::1220b1431ef217342db44d516bb9befde802be7d8899637d290895fa58880f19accc",
      "migrationId": "2",
      "totalPurchased": "1999800",
      "numPurchases": "1",
      "amuletSpent": "6667.3332000000",
      "usdSpent": "33.3366660000"
    },
    {
      "dso": "DSO::1220b1431ef217342db44d516bb9befde802be7d8899637d290895fa58880f19accc",
      "memberId": "PAR::validator-3trade-prod::122060327be2fbbda7498a867507bf4d1cd83cd079382fa8af1d4be5cad79248c102",
      "synchronizerId": "global-domain::1220b1431ef217342db44d516bb9befde802be7d8899637d290895fa58880f19accc",
      "migrationId": "2",
      "totalPurchased": "1999800",
      "numPurchases": "1",
      "amuletSpent": "6667.3332000000",
      "usdSpent": "33.3366660000"
    },
    {
      "dso": "DSO::1220b1431ef217342db44d516bb9befde802be7d8899637d290895fa58880f19accc",
      "memberId": "PAR::Cumberland-DenexSweep-1::12204cbaa915f9f76bb49bdd5108ae94f15d6e36bafb65412c2a46e537cb7f4d6f68",
      "synchronizerId": "global-domain::1220b1431ef217342db44d516bb9befde802be7d8899637d290895fa58880f19accc",
      "migrationId": "2",
      "totalPurchased": "1999800",
      "numPurchases": "1",
      "amuletSpent": "6667.3332000000",
      "usdSpent": "33.3366660000"
    },
    {
      "dso": "DSO::1220b1431ef217342db44d516bb9befde802be7d8899637d290895fa58880f19accc",
      "memberId": "PAR::Cumberland-Property-1::1220643de8d9bfdeb9187da2f770897fa50b34e17a39c0110edf91fe70d242853c25",
      "synchronizerId": "global-domain::1220b1431ef217342db44d516bb9befde802be7d8899637d290895fa58880f19accc",
      "migrationId": "2",
      "totalPurchased": "500000",
      "numPurchases": "1",
      "amuletSpent": "1667.0000000000",
      "usdSpent": "8.3350000000"
    },
    {
      "dso": "DSO::1220b1431ef217342db44d516bb9befde802be7d8899637d290895fa58880f19accc",
      "memberId": "PAR::Cumberland-Hashnote-1::1220ae792056579461b0b7314f8d9bb6354bcc6e7a297a5ead19b47488982729ec2e",
      "synchronizerId": "global-domain::1220b1431ef217342db44d516bb9befde802be7d8899637d290895fa58880f19accc",
      "migrationId": "2",
      "totalPurchased": "500000",
      "numPurchases": "1",
      "amuletSpent": "1667.0000000000",
      "usdSpent": "8.3350000000"
    },
    {
      "dso": "DSO::1220b1431ef217342db44d516bb9befde802be7d8899637d290895fa58880f19accc",
      "memberId": "PAR::Cumberland-Oracle-1::1220b556be7038f6dbd1ce5795ba452ad70c61c3ba3a574998a35bba23a01703dc52",
      "synchronizerId": "global-domain::1220b1431ef217342db44d516bb9befde802be7d8899637d290895fa58880f19accc",
      "migrationId": "2",
      "totalPurchased": "500000",
      "numPurchases": "1",
      "amuletSpent": "1667.0000000000",
      "usdSpent": "8.3350000000"
    },
    {
      "dso": "DSO::1220b1431ef217342db44d516bb9befde802be7d8899637d290895fa58880f19accc",
      "memberId": "PAR::da-wallet::12206750ba8ed320d15bfed65ec62b0d3de6b954f0569283d4672b98fb5a8bf07f0b",
      "synchronizerId": "global-domain::1220b1431ef217342db44d516bb9befde802be7d8899637d290895fa58880f19accc",
      "migrationId": "2",
      "totalPurchased": "1200000",
      "numPurchases": "1",
      "amuletSpent": "4000.8000000000",
      "usdSpent": "20.0040000000"
    },
    {
      "dso": "DSO::1220b1431ef217342db44d516bb9befde802be7d8899637d290895fa58880f19accc",
      "memberId": "PAR::bitwave-validator::1220ab03fc0c7f77428d8f568276b64a6e6a04e340c842581a0d4e676ad7e094c1bb",
      "synchronizerId": "global-domain::1220b1431ef217342db44d516bb9befde802be7d8899637d290895fa58880f19accc",
      "migrationId": "2",
      "totalPurchased": "1200000",
      "numPurchases": "1",
      "amuletSpent": "4000.8000000000",
      "usdSpent": "20.0040000000"
    },
    {
      "dso": "DSO::1220b1431ef217342db44d516bb9befde802be7d8899637d290895fa58880f19accc",
      "memberId": "PAR::SocGen::12203e601bb3021da99f2105b460ef92f083faf716377991a636c52b11bda56c6cf1",
      "synchronizerId": "global-domain::1220b1431ef217342db44d516bb9befde802be7d8899637d290895fa58880f19accc",
      "migrationId": "2",
      "totalPurchased": "1999800",
      "numPurchases": "1",
      "amuletSpent": "6667.3332000000",
      "usdSpent": "33.3366660000"
    },
    {
      "dso": "DSO::1220b1431ef217342db44d516bb9befde802be7d8899637d290895fa58880f19accc",
      "memberId": "PAR::tw-cn-mainnet-participant-1::1220bc64ba15ae75f050cf758a509ada5dc72c9be3779461db273916070391caebf5",
      "synchronizerId": "global-domain::1220b1431ef217342db44d516bb9befde802be7d8899637d290895fa58880f19accc",
      "migrationId": "2",
      "totalPurchased": "1999800",
      "numPurchases": "1",
      "amuletSpent": "6667.3332000000",
      "usdSpent": "33.3366660000"
    },
    {
      "dso": "DSO::1220b1431ef217342db44d516bb9befde802be7d8899637d290895fa58880f19accc",
      "memberId": "PAR::tw-cn-mainnet-participant-1::1220bc64ba15ae75f050cf758a509ada5dc72c9be3779461db273916070391caebf5",
      "synchronizerId": "global-domain::1220b1431ef217342db44d516bb9befde802be7d8899637d290895fa58880f19accc",
      "migrationId": "2",
      "totalPurchased": "1999800",
      "numPurchases": "1",
      "amuletSpent": "6667.3332000000",
      "usdSpent": "33.3366660000"
    }
  ]
}