{
  "metadata": {
    "template_id": "a36ef8888fb44caae13d96341ce1fabd84fc9e2e7b209bbc3caabb48b6be1668:Splice.Amulet:Amulet",
    "canonical_package": "3ca1343ab26b453d38c8adb70dca5f1ead8440c42b59b68f070786955cbf9ec1",
    "migration_id": 3,
    "record_time": "2025-10-30T21:00:00Z",
    "timestamp": "2025-10-30T23:52:55.502Z",
    "entry_count": 8
  },
  "data": [
    {
      "dso": "DSO::1220b1431ef217342db44d516bb9befde802be7d8899637d290895fa58880f19accc",
      "owner": "validator_MPCH::1220e2afe646e512f1ff486447365b782a42f3c72cd4fdaa026d9e09c3a71998eec8",
      "amount": {
        "initialAmount": "2598.6114809001",
        "createdAt": {
          "number": "14823"
        },
        "ratePerRound": {
          "rate": "0.0038051800"
        }
      }
    },
    {
      "dso": "DSO::1220b1431ef217342db44d516bb9befde802be7d8899637d290895fa58880f19accc",
      "owner": "validator_validator_service_user::122066b7e9da24a1018a348a57833fcc5f4f943931452ee4ea18f7923af943b07626",
      "amount": {
        "initialAmount": "4298392.3416973200",
        "createdAt": {
          "number": "15648"
        },
        "ratePerRound": {
          "rate": "0.0038051800"
        }
      }
    },
    {
      "dso": "DSO::1220b1431ef217342db44d516bb9befde802be7d8899637d290895fa58880f19accc",
      "owner": "Orb-1-LP::12201940c04b1021cfa95c162b1ceee4d1eb2f2c1fcf693168ab5f150aea427462c7",
      "amount": {
        "initialAmount": "235267.1659024876",
        "createdAt": {
          "number": "18303"
        },
        "ratePerRound": {
          "rate": "0.0038051800"
        }
      }
    },
    {
      "dso": "DSO::1220b1431ef217342db44d516bb9befde802be7d8899637d290895fa58880f19accc",
      "owner": "validator_validator_service_user::122014e5b5217dd355c338a471faaa2cf9dc6a9f312eb0843ee0b67be8d7b056c846",
      "amount": {
        "initialAmount": "273699.2939224800",
        "createdAt": {
          "number": "18328"
        },
        "ratePerRound": {
          "rate": "0.0038051800"
        }
      }
    },
    {
      "dso": "DSO::1220b1431ef217342db44d516bb9befde802be7d8899637d290895fa58880f19accc",
      "owner": "validator_validator_service_user::1220a7d341c65963ac599be7a6505f805e844e1cdfb5895bc73272db8230b74529fd",
      "amount": {
        "initialAmount": "274272.3265365000",
        "createdAt": {
          "number": "18329"
        },
        "ratePerRound": {
          "rate": "0.0038051800"
        }
      }
    },
    {
      "dso": "DSO::1220b1431ef217342db44d516bb9befde802be7d8899637d290895fa58880f19accc",
      "owner": "validator-broadridge-1::12205e668e22a25facdb6a3449890683f0f0c493bc1941549db9d1e16f2e324158cf",
      "amount": {
        "initialAmount": "1708080.5771083400",
        "createdAt": {
          "number": "21345"
        },
        "ratePerRound": {
          "rate": "0.0038051800"
        }
      }
    },
    {
      "dso": "DSO::1220b1431ef217342db44d516bb9befde802be7d8899637d290895fa58880f19accc",
      "owner": "Liberty-City-Ventures::1220523d2914dc097ad13b87ff2ac68a65b13e201ae011f6381839fbcc7b00d3ea95",
      "amount": {
        "initialAmount": "400621.8458560082",
        "createdAt": {
          "number": "23324"
        },
        "ratePerRound": {
          "rate": "0.0038051800"
        }
      }
    },
    {
      "dso": "DSO::1220b1431ef217342db44d516bb9befde802be7d8899637d290895fa58880f19accc",
      "owner": "validator_LCV-1::122015ee76ddfe8ea1741edf044ba2019341fc22b58a6148af01010f7588b008f802",
      "amount": {
        "initialAmount": "480616.6762682800",
        "createdAt": {
          "number": "23428"
        },
        "ratePerRound": {
          "rate": "0.0038051800"
        }
      }
    }
  ]
}