{
  "metadata": {
    "template_id": "a44a2b811de7183661d4e7835a1c60f9055eac090a35b2236dd039caebc09716:Splice.DSO.SvState:SvNodeState",
    "canonical_package": "3ca1343ab26b453d38c8adb70dca5f1ead8440c42b59b68f070786955cbf9ec1",
    "migration_id": 3,
    "record_time": "2025-10-30T21:00:00Z",
    "timestamp": "2025-10-30T23:52:55.507Z",
    "entry_count": 10
  },
  "data": [
    {
      "dso": "DSO::1220b1431ef217342db44d516bb9befde802be7d8899637d290895fa58880f19accc",
      "sv": "Tradeweb-Markets-1::12203cd253ff9f6526c871dd6a9b3af8d1f0484ff0910e6cae75e9bcf76d1be5ff99",
      "svName": "Tradeweb-Markets-1",
      "state": {
        "synchronizerNodes": [
          [
            "global-domain::1220b1431ef217342db44d516bb9befde802be7d8899637d290895fa58880f19accc",
            {
              "cometBft": {
                "nodes": [
                  [
                    "3ee8251c716749538d932351f8289116836a6e00",
                    {
                      "validatorPubKey": "wKQdUa+3zRK2qpocZ/xVG4Q9Unbvc7HtHgk6C+uQBew=",
                      "votingPower": "1"
                    }
                  ]
                ],
                "governanceKeys": [
                  {
                    "pubKey": "XGBFhOB8s3NbtOFKhOMOtrrzeWxB6WM6Gnb1jZ2Stw4="
                  }
                ],
                "sequencingKeys": []
              },
              "sequencer": {
                "migrationId": "3",
                "sequencerId": "SEQ::Tradeweb-Markets-1::1220cabbb54f4880e8b9af354e34a3b660229ecc5da2bde495089b1e50c1c78542e0",
                "url": "https://sequencer-3.sv-1.global.canton.network.tradeweb.com",
                "availableAfter": "2025-06-25T13:46:42.188146Z"
              },
              "mediator": {
                "mediatorId": "MED::Tradeweb-Markets-1::1220266bc69a5133938a556b034f1eba45adfea9eab7f1bf08116616d0ac55d0c4a6"
              },
              "scan": {
                "publicUrl": "https://scan.sv-1.global.canton.network.tradeweb.com"
              },
              "legacySequencerConfig": {
                "migrationId": "2",
                "sequencerId": "SEQ::Tradeweb-Markets-1::1220cabbb54f4880e8b9af354e34a3b660229ecc5da2bde495089b1e50c1c78542e0",
                "url": "https://sequencer-2.sv-1.global.canton.network.tradeweb.com"
              }
            }
          ]
        ]
      }
    },
    {
      "dso": "DSO::1220b1431ef217342db44d516bb9befde802be7d8899637d290895fa58880f19accc",
      "sv": "Global-Synchronizer-Foundation::1220b0867964b602f2cc7ea61324a95f000f0060e735cfaf4f23f424fdab02c170ac",
      "svName": "Global-Synchronizer-Foundation",
      "state": {
        "synchronizerNodes": [
          [
            "global-domain::1220b1431ef217342db44d516bb9befde802be7d8899637d290895fa58880f19accc",
            {
              "cometBft": {
                "nodes": [
                  [
                    "117ec663d21301070c935faa5ab47edc2395443d",
                    {
                      "validatorPubKey": "XKn+uj2VIyenWr7QSdwkMAWHePWJMWe63gFzqiPP9K8=",
                      "votingPower": "1"
                    }
                  ]
                ],
                "governanceKeys": [
                  {
                    "pubKey": "8TWCEoxSEzD9fD16FYdS+5CVD+HynJa1GBZ4TFj8a1g="
                  }
                ],
                "sequencingKeys": []
              },
              "sequencer": {
                "migrationId": "3",
                "sequencerId": "SEQ::Global-Synchronizer-Foundation::1220aa6e860465aeca178c3a7ef3eff36354ae4648febd831ae44f5530a66ae938a6",
                "url": "https://sequencer-3.sv-1.global.canton.network.sync.global",
                "availableAfter": "2025-07-07T11:24:52.559357Z"
              },
              "mediator": {
                "mediatorId": "MED::Global-Synchronizer-Foundation::1220e79f2430fe6597f11f4490c294c73545eba0a84f596ec83b3203718ebaea9187"
              },
              "scan": {
                "publicUrl": "https://scan.sv-1.global.canton.network.sync.global"
              },
              "legacySequencerConfig": null
            }
          ]
        ]
      }
    },
    {
      "dso": "DSO::1220b1431ef217342db44d516bb9befde802be7d8899637d290895fa58880f19accc",
      "sv": "C7-Technology-Services-Limited::122027859595a9f295312977656425f2360813ce5a2681aadc7605d2e198dc82a877",
      "svName": "C7-Technology-Services-Limited",
      "state": {
        "synchronizerNodes": [
          [
            "global-domain::1220b1431ef217342db44d516bb9befde802be7d8899637d290895fa58880f19accc",
            {
              "cometBft": {
                "nodes": [
                  [
                    "1059a53f2ba8c6dc9eda629df00837c8243b384d",
                    {
                      "validatorPubKey": "Ajw7pUeWLbtEd0cKIMvWn0zOjmBH5DcHG7mFrCspYLk=",
                      "votingPower": "1"
                    }
                  ]
                ],
                "governanceKeys": [
                  {
                    "pubKey": "YwgVmaMFcHQQlPkusR8fQJwZIssxmDqOLyOQugF980E="
                  }
                ],
                "sequencingKeys": []
              },
              "sequencer": {
                "migrationId": "3",
                "sequencerId": "SEQ::C7-Technology-Services-Limited::1220e65cbf23d92fdcd8b3ea163ba6f2fe39c1c7696d6fad7e98b4b1538af80082e1",
                "url": "https://sequencer-3.sv-1.global.canton.network.c7.digital",
                "availableAfter": "2025-07-07T11:30:01.461637Z"
              },
              "mediator": {
                "mediatorId": "MED::C7-Technology-Services-Limited::12201528af8ef2c4e6edd7dfee26c8fef469ab6940392095dcc130e5f5c72d16cb6e"
              },
              "scan": {
                "publicUrl": "https://scan.sv-1.global.canton.network.c7.digital"
              },
              "legacySequencerConfig": null
            }
          ]
        ]
      }
    },
    {
      "dso": "DSO::1220b1431ef217342db44d516bb9befde802be7d8899637d290895fa58880f19accc",
      "sv": "Proof-Group-1::1220a0027410294266f712c1a4787d2dcb9be20b712486dca010d4d9cdbe3e809385",
      "svName": "Proof-Group-1",
      "state": {
        "synchronizerNodes": [
          [
            "global-domain::1220b1431ef217342db44d516bb9befde802be7d8899637d290895fa58880f19accc",
            {
              "cometBft": {
                "nodes": [
                  [
                    "177eb400bd99e8eb3b43186a7d4eecb29c6af34f",
                    {
                      "validatorPubKey": "r8q6vV83H9sBT8MqjaHBMVxzeJ9BzLDiyPbuLNyV2mg=",
                      "votingPower": "1"
                    }
                  ]
                ],
                "governanceKeys": [
                  {
                    "pubKey": "TM4xaYsvv6/MCRldQMTR8ciLKPgwSGmCuwEYviQK2e8="
                  }
                ],
                "sequencingKeys": []
              },
              "sequencer": {
                "migrationId": "3",
                "sequencerId": "SEQ::Proof-Group-1::1220e115b168730211f8b191859d4d5e02747dee65e5d1ee53140147357399a498b1",
                "url": "https://sequencer-3.sv-1.global.canton.network.proofgroup.xyz",
                "availableAfter": "2025-07-07T16:53:01.369702Z"
              },
              "mediator": {
                "mediatorId": "MED::Proof-Group-1::1220aedc471de3ea57f89d645fc1510091aa2ceb7a2d8cb24c51718b06a160588946"
              },
              "scan": {
                "publicUrl": "https://scan.sv-1.global.canton.network.proofgroup.xyz"
              },
              "legacySequencerConfig": null
            }
          ]
        ]
      }
    },
    {
      "dso": "DSO::1220b1431ef217342db44d516bb9befde802be7d8899637d290895fa58880f19accc",
      "sv": "Digital-Asset-1::1220a32c8c98a33fab1f7fac9f63790b22df62647c30ebc3b644dbdf2936fcc88419",
      "svName": "Digital-Asset-1",
      "state": {
        "synchronizerNodes": [
          [
            "global-domain::1220b1431ef217342db44d516bb9befde802be7d8899637d290895fa58880f19accc",
            {
              "cometBft": {
                "nodes": [
                  [
                    "26e0fd88f0c32a350f555f67eef1f8c6fdb0cb53",
                    {
                      "validatorPubKey": "7O1VBIz5xo8c+H2sBrJWPLAXHDqYva4mv33WCSDEpuk=",
                      "votingPower": "1"
                    }
                  ]
                ],
                "governanceKeys": [
                  {
                    "pubKey": "vGQLd0LaNmBINl+a+Jwq8gocrWr470k4stm3cDPoF0o="
                  }
                ],
                "sequencingKeys": []
              },
              "sequencer": {
                "migrationId": "3",
                "sequencerId": "SEQ::Digital-Asset-1::12206b884f46cd42810c3c99d80356f6cf16950352022792042bdebc3af8f92d40a8",
                "url": "https://sequencer-3.sv-1.global.canton.network.digitalasset.com",
                "availableAfter": "2025-07-07T18:03:18.872853Z"
              },
              "mediator": {
                "mediatorId": "MED::Digital-Asset-1::1220432c73ec797f3fdde297a027eafe71ade51ed03c3cf757b447a8251c9449df9f"
              },
              "scan": {
                "publicUrl": "https://scan.sv-1.global.canton.network.digitalasset.com"
              },
              "legacySequencerConfig": null
            }
          ]
        ]
      }
    },
    {
      "dso": "DSO::1220b1431ef217342db44d516bb9befde802be7d8899637d290895fa58880f19accc",
      "sv": "Cumberland-2::1220120801da0994334c869a6db19d9321f3d5baf9e40377830a90c2af78658aede6",
      "svName": "Cumberland-2",
      "state": {
        "synchronizerNodes": [
          [
            "global-domain::1220b1431ef217342db44d516bb9befde802be7d8899637d290895fa58880f19accc",
            {
              "cometBft": {
                "nodes": [
                  [
                    "31c4c56816541e9df885448defe5f9ed28ba81af",
                    {
                      "validatorPubKey": "tAeFUEc3aBrXAEJ6DYyW5mt7rhCccKHKyTmZtbHHY7w=",
                      "votingPower": "1"
                    }
                  ]
                ],
                "governanceKeys": [
                  {
                    "pubKey": "y+FRmKqqbzG1wUQevoRc0WM7UWc83BFKWVSU829TsW8="
                  }
                ],
                "sequencingKeys": []
              },
              "sequencer": {
                "migrationId": "3",
                "sequencerId": "SEQ::Cumberland-2::1220b9dcdfed540b5be35939e9d388d82613f2b7f55269abb836e159ff7119decffc",
                "url": "https://sequencer-3.sv-2.global.canton.network.cumberland.io",
                "availableAfter": "2025-07-07T20:52:21.161370Z"
              },
              "mediator": {
                "mediatorId": "MED::Cumberland-2::122033a1842f0694c7c0971f92bd1b1756bdaeb18dec618e0fa369925e9b9d867752"
              },
              "scan": {
                "publicUrl": "https://scan.sv-2.global.canton.network.cumberland.io"
              },
              "legacySequencerConfig": null
            }
          ]
        ]
      }
    },
    {
      "dso": "DSO::1220b1431ef217342db44d516bb9befde802be7d8899637d290895fa58880f19accc",
      "sv": "Cumberland-1::12201aa8a23046d5740c9edd58f7e820c83e7f5c58f25551f955f3252d3a04240860",
      "svName": "Cumberland-1",
      "state": {
        "synchronizerNodes": [
          [
            "global-domain::1220b1431ef217342db44d516bb9befde802be7d8899637d290895fa58880f19accc",
            {
              "cometBft": {
                "nodes": [
                  [
                    "95692b933ab4834c3c171b083482f52a7948a719",
                    {
                      "validatorPubKey": "f+9KqEtvyDIB+ElU2QJoyTtJsdlMNr/bD1lDjoiZ71A=",
                      "votingPower": "1"
                    }
                  ]
                ],
                "governanceKeys": [
                  {
                    "pubKey": "icHE9XdeVygYGWTGotMwBFIXXun1atZwNXQUrrD+7ZI="
                  }
                ],
                "sequencingKeys": []
              },
              "sequencer": {
                "migrationId": "3",
                "sequencerId": "SEQ::Cumberland-1::122056a286e80868c882d60d058e7c7eec3fb597d959e43b0ef0b77405ca300920a0",
                "url": "https://sequencer-3.sv-1.global.canton.network.cumberland.io",
                "availableAfter": "2025-07-07T21:51:11.340447Z"
              },
              "mediator": {
                "mediatorId": "MED::Cumberland-1::12208c964a3d013aaf5c6f97ff850d8ebe11d56f2f7cf7fbae285f7dcf46a03f4495"
              },
              "scan": {
                "publicUrl": "https://scan.sv-1.global.canton.network.cumberland.io"
              },
              "legacySequencerConfig": null
            }
          ]
        ]
      }
    },
    {
      "dso": "DSO::1220b1431ef217342db44d516bb9befde802be7d8899637d290895fa58880f19accc",
      "sv": "Digital-Asset-2::12209b21d512c6a7e2f5d215266fe6568cb732caaef7ff04e308f990a652340d3529",
      "svName": "Digital-Asset-2",
      "state": {
        "synchronizerNodes": [
          [
            "global-domain::1220b1431ef217342db44d516bb9befde802be7d8899637d290895fa58880f19accc",
            {
              "cometBft": {
                "nodes": [
                  [
                    "4c7c99516fb3309b89b7f8ed94690994c8ec0ab0",
                    {
                      "validatorPubKey": "H2bcJU2zbzbLmP78YWiwMgtB0QG1MNTSozGl1tP11hI=",
                      "votingPower": "1"
                    }
                  ]
                ],
                "governanceKeys": [
                  {
                    "pubKey": "lTch1n0NyZfVPT7yEZTYarPqBOwkruWFitESbSPeDxQ="
                  }
                ],
                "sequencingKeys": []
              },
              "sequencer": {
                "migrationId": "3",
                "sequencerId": "SEQ::Digital-Asset-2::1220a3c0448daaf57369955a2cb89c1a1821c77e930f29d24ff2851e2064b5e78cd4",
                "url": "https://sequencer-3.sv-2.global.canton.network.digitalasset.com",
                "availableAfter": "2025-07-08T07:31:02.696255Z"
              },
              "mediator": {
                "mediatorId": "MED::Digital-Asset-2::1220c61f342d3cab2635012ef73f043897f04786e96e0b3afeff00dd5a2f0971f902"
              },
              "scan": {
                "publicUrl": "https://scan.sv-2.global.canton.network.digitalasset.com"
              },
              "legacySequencerConfig": null
            }
          ]
        ]
      }
    },
    {
      "dso": "DSO::1220b1431ef217342db44d516bb9befde802be7d8899637d290895fa58880f19accc",
      "sv": "Five-North-1::1220520b6d396b91c4b13a1786bd5f317e4240001632d4a628c1c4f53a0b5165ba98",
      "svName": "Five-North-1",
      "state": {
        "synchronizerNodes": [
          [
            "global-domain::1220b1431ef217342db44d516bb9befde802be7d8899637d290895fa58880f19accc",
            {
              "cometBft": {
                "nodes": [
                  [
                    "8843717605938fa95fa1906898053c54732cdf20",
                    {
                      "validatorPubKey": "enDkEiNo4vThTSikrv3pTBw8xpILUhTxLMe34MiZ1p4=",
                      "votingPower": "1"
                    }
                  ]
                ],
                "governanceKeys": [
                  {
                    "pubKey": "IiZDeg2Kd+ibahh/pHoCrtXndjpQeYKsctRXnCqD30E="
                  }
                ],
                "sequencingKeys": []
              },
              "sequencer": {
                "migrationId": "3",
                "sequencerId": "SEQ::Five-North-1::122026c6e78f963ee48512426348e153dc204ff1197990bf8dc579a1bec2a00c58ae",
                "url": "https://sequencer-3.sv-1.global.canton.network.fivenorth.io",
                "availableAfter": "2025-07-08T14:08:19.260390Z"
              },
              "mediator": {
                "mediatorId": "MED::Five-North-1::1220e2890f9b345775e7e507539929a37a60c2de398ecf4b158bc210a405357beb4d"
              },
              "scan": {
                "publicUrl": "https://scan.sv-1.global.canton.network.fivenorth.io"
              },
              "legacySequencerConfig": null
            }
          ]
        ]
      }
    },
    {
      "dso": "DSO::1220b1431ef217342db44d516bb9befde802be7d8899637d290895fa58880f19accc",
      "sv": "MPC-Holding-Inc::12204783725aa3adcd787311531134baed8b9b28ccf76b100c62b8d4995842aabd6b",
      "svName": "MPC-Holding-Inc",
      "state": {
        "synchronizerNodes": [
          [
            "global-domain::1220b1431ef217342db44d516bb9befde802be7d8899637d290895fa58880f19accc",
            {
              "cometBft": {
                "nodes": [
                  [
                    "ba7242cb6b936cb54ee8cb735c4298909600cfa3",
                    {
                      "validatorPubKey": "npMe1mqSMtbVCzM333Ny0urOYdswbpjo65NttE3tiNI=",
                      "votingPower": "1"
                    }
                  ]
                ],
                "governanceKeys": [
                  {
                    "pubKey": "59H83xTJSmHfJrxQdq9mblVwQZ5Xvcp+LSODx0Pf1bg="
                  }
                ],
                "sequencingKeys": []
              },
              "sequencer": {
                "migrationId": "3",
                "sequencerId": "SEQ::MPC-Holding-Inc::1220b49317f66c64ce7216ff3c68642d2ee338a070659b97b2572d02b098be801ddb",
                "url": "https://sequencer-3.sv-1.global.canton.network.mpch.io",
                "availableAfter": "2025-07-08T15:11:13.521223Z"
              },
              "mediator": {
                "mediatorId": "MED::MPC-Holding-Inc::122086bb983c1f8768e9dff172ff7e2d08c00841eb9cdb9e3ff797f2fa118609d8e6"
              },
              "scan": {
                "publicUrl": "https://scan.sv-1.global.canton.network.mpch.io"
              },
              "legacySequencerConfig": null
            }
          ]
        ]
      }
    }
  ]
}