{
  "metadata": {
    "template_id": "a5b055492fb8f08b2e7bc0fc94da6da50c39c2e1d7f24cd5ea8db12fc87c1332:Splice.ValidatorLicense:ValidatorLicense",
    "canonical_package": "3ca1343ab26b453d38c8adb70dca5f1ead8440c42b59b68f070786955cbf9ec1",
    "migration_id": 3,
    "record_time": "2025-10-30T21:00:00Z",
    "timestamp": "2025-10-30T23:52:55.546Z",
    "entry_count": 18
  },
  "data": [
    {
      "validator": "elk-Validator-1::122061c86f07b9b132482ee276cb5d9fdc9276fb58c0fb984c6d1334869d72b84f7e",
      "sponsor": "Digital-Asset-2::12209b21d512c6a7e2f5d215266fe6568cb732caaef7ff04e308f990a652340d3529",
      "dso": "DSO::1220b1431ef217342db44d516bb9befde802be7d8899637d290895fa58880f19accc",
      "faucetState": {
        "firstReceivedFor": {
          "number": "53505"
        },
        "lastReceivedFor": {
          "number": "53508"
        },
        "numCouponsMissed": "0"
      },
      "metadata": {
        "lastUpdatedAt": "2025-07-15T21:23:45.151509Z",
        "version": "0.4.3",
        "contactPoint": ""
      },
      "lastActiveAt": "2025-07-15T21:37:44.352588Z"
    },
    {
      "validator": "p2p-validator-1::1220e2f1bfe245248b6ec25063afe0e74f63fad304e13ac52afced46a556bfc922a2",
      "sponsor": "Digital-Asset-2::12209b21d512c6a7e2f5d215266fe6568cb732caaef7ff04e308f990a652340d3529",
      "dso": "DSO::1220b1431ef217342db44d516bb9befde802be7d8899637d290895fa58880f19accc",
      "faucetState": {
        "firstReceivedFor": {
          "number": "52704"
        },
        "lastReceivedFor": {
          "number": "53608"
        },
        "numCouponsMissed": "96"
      },
      "metadata": {
        "lastUpdatedAt": "2025-07-10T03:19:07.252294Z",
        "version": "0.4.2",
        "contactPoint": "julio.pedrosa@p2p.org"
      },
      "lastActiveAt": "2025-07-16T14:52:55.817806Z"
    },
    {
      "validator": "SocGenPrimeBroker-validator-1::1220e6052c1af6bac7dfa02facdf1c198e659571c1ac09f687e0d80d9dc21d5d4049",
      "sponsor": "Global-Synchronizer-Foundation::1220b0867964b602f2cc7ea61324a95f000f0060e735cfaf4f23f424fdab02c170ac",
      "dso": "DSO::1220b1431ef217342db44d516bb9befde802be7d8899637d290895fa58880f19accc",
      "faucetState": {
        "firstReceivedFor": {
          "number": "53609"
        },
        "lastReceivedFor": {
          "number": "53616"
        },
        "numCouponsMissed": "0"
      },
      "metadata": {
        "lastUpdatedAt": "2025-07-16T15:12:02.366547Z",
        "version": "0.4.3",
        "contactPoint": ""
      },
      "lastActiveAt": "2025-07-16T16:16:25.379768Z"
    },
    {
      "validator": "chainsafe-mainnet-1::1220306b2e9354e1cf998ecdfecc3d8bd3c263284f6a7fb8b1490b2275b479d8b2ee",
      "sponsor": "Five-North-1::1220520b6d396b91c4b13a1786bd5f317e4240001632d4a628c1c4f53a0b5165ba98",
      "dso": "DSO::1220b1431ef217342db44d516bb9befde802be7d8899637d290895fa58880f19accc",
      "faucetState": {
        "firstReceivedFor": {
          "number": "44737"
        },
        "lastReceivedFor": {
          "number": "53648"
        },
        "numCouponsMissed": "575"
      },
      "metadata": {
        "lastUpdatedAt": "2025-06-25T15:08:22.278884Z",
        "version": "0.4.1",
        "contactPoint": ""
      },
      "lastActiveAt": "2025-07-16T21:48:46.864367Z"
    },
    {
      "validator": "cantonwallet::1220fd85022e5f0748e0e49ca8e0b226307e71e1e25df35b33d0f11f8d17ea27a7b1",
      "sponsor": "Five-North-1::1220520b6d396b91c4b13a1786bd5f317e4240001632d4a628c1c4f53a0b5165ba98",
      "dso": "DSO::1220b1431ef217342db44d516bb9befde802be7d8899637d290895fa58880f19accc",
      "faucetState": {
        "firstReceivedFor": {
          "number": "54384"
        },
        "lastReceivedFor": {
          "number": "54743"
        },
        "numCouponsMissed": "0"
      },
      "metadata": {
        "lastUpdatedAt": "2025-07-22T04:51:49.114753Z",
        "version": "0.4.4",
        "contactPoint": "ops@send.it"
      },
      "lastActiveAt": "2025-07-24T18:23:27.540089Z"
    },
    {
      "validator": "edgevana-mainnet-01::122065bf7e990d36e585236f1b3fd07b4a44c5e0d316a33a8deba1850f15e1ef9cbd",
      "sponsor": "Digital-Asset-2::12209b21d512c6a7e2f5d215266fe6568cb732caaef7ff04e308f990a652340d3529",
      "dso": "DSO::1220b1431ef217342db44d516bb9befde802be7d8899637d290895fa58880f19accc",
      "faucetState": {
        "firstReceivedFor": {
          "number": "54878"
        },
        "lastReceivedFor": {
          "number": "54884"
        },
        "numCouponsMissed": "0"
      },
      "metadata": {
        "lastUpdatedAt": "2025-07-25T17:55:18.752284Z",
        "version": "0.4.7",
        "contactPoint": "steve@edgevana.com"
      },
      "lastActiveAt": "2025-07-25T18:42:28.215394Z"
    },
    {
      "validator": "iestateGroup-validator-1::12208a323619193ca65b21293e66667f87e29b7b2f1698f9340c87613a1889aaed55",
      "sponsor": "Digital-Asset-2::12209b21d512c6a7e2f5d215266fe6568cb732caaef7ff04e308f990a652340d3529",
      "dso": "DSO::1220b1431ef217342db44d516bb9befde802be7d8899637d290895fa58880f19accc",
      "faucetState": {
        "firstReceivedFor": {
          "number": "44056"
        },
        "lastReceivedFor": {
          "number": "56292"
        },
        "numCouponsMissed": "2"
      },
      "metadata": {
        "lastUpdatedAt": "2025-07-28T22:13:03.923929Z",
        "version": "0.4.5",
        "contactPoint": ""
      },
      "lastActiveAt": "2025-08-04T20:20:32.465227Z"
    },
    {
      "validator": "socgen-validator-2::1220df83e338c57e60036883ac70ba213237e935906c52733ea33493ab0d2c12dde1",
      "sponsor": "Global-Synchronizer-Foundation::1220b0867964b602f2cc7ea61324a95f000f0060e735cfaf4f23f424fdab02c170ac",
      "dso": "DSO::1220b1431ef217342db44d516bb9befde802be7d8899637d290895fa58880f19accc",
      "faucetState": {
        "firstReceivedFor": {
          "number": "54303"
        },
        "lastReceivedFor": {
          "number": "56503"
        },
        "numCouponsMissed": "0"
      },
      "metadata": {
        "lastUpdatedAt": "2025-07-28T14:36:11.423674Z",
        "version": "0.4.5",
        "contactPoint": ""
      },
      "lastActiveAt": "2025-08-06T08:22:05.994842Z"
    },
    {
      "validator": "citadel-validator-1::1220e0fd57e10c949c196bb263b0e6dc1d5a045e89adbf3d298ba857907762399a72",
      "sponsor": "Proof-Group-1::1220a0027410294266f712c1a4787d2dcb9be20b712486dca010d4d9cdbe3e809385",
      "dso": "DSO::1220b1431ef217342db44d516bb9befde802be7d8899637d290895fa58880f19accc",
      "faucetState": {
        "firstReceivedFor": {
          "number": "56725"
        },
        "lastReceivedFor": {
          "number": "57442"
        },
        "numCouponsMissed": "0"
      },
      "metadata": {
        "lastUpdatedAt": "2025-08-11T19:35:32.394263Z",
        "version": "0.4.8",
        "contactPoint": "thomas@proofgroup.xyz"
      },
      "lastActiveAt": "2025-08-13T00:43:50.248999Z"
    },
    {
      "validator": "twmain-virtu-1::122022ee33b95b2a72381f3e1052dd90327029e202db7dc2c44e3f66a98848fd1ee3",
      "sponsor": "Tradeweb-Markets-1::12203cd253ff9f6526c871dd6a9b3af8d1f0484ff0910e6cae75e9bcf76d1be5ff99",
      "dso": "DSO::1220b1431ef217342db44d516bb9befde802be7d8899637d290895fa58880f19accc",
      "faucetState": {
        "firstReceivedFor": {
          "number": "54328"
        },
        "lastReceivedFor": {
          "number": "57673"
        },
        "numCouponsMissed": "0"
      },
      "metadata": {
        "lastUpdatedAt": "2025-08-06T16:59:41.274889Z",
        "version": "0.4.7",
        "contactPoint": ""
      },
      "lastActiveAt": "2025-08-14T16:10:30.283409Z"
    },
    {
      "validator": "zodia-interchange-1::1220bd5ba283d839548e531dc05beaa0a004912d47d7c04bf17c5d22049733dda191",
      "sponsor": "Global-Synchronizer-Foundation::1220b0867964b602f2cc7ea61324a95f000f0060e735cfaf4f23f424fdab02c170ac",
      "dso": "DSO::1220b1431ef217342db44d516bb9befde802be7d8899637d290895fa58880f19accc",
      "faucetState": null,
      "metadata": {
        "lastUpdatedAt": "2025-08-19T18:02:02.542311Z",
        "version": "0.4.9",
        "contactPoint": ""
      },
      "lastActiveAt": "2025-08-19T18:02:02.542311Z"
    },
    {
      "validator": "TrustedVolumes-validator-1::1220ca8c8ac9c045480d2cf659ccf54a603b62be27c300981b24fc1509cbb36fa856",
      "sponsor": "Digital-Asset-2::12209b21d512c6a7e2f5d215266fe6568cb732caaef7ff04e308f990a652340d3529",
      "dso": "DSO::1220b1431ef217342db44d516bb9befde802be7d8899637d290895fa58880f19accc",
      "faucetState": {
        "firstReceivedFor": {
          "number": "58755"
        },
        "lastReceivedFor": {
          "number": "58757"
        },
        "numCouponsMissed": "0"
      },
      "metadata": {
        "lastUpdatedAt": "2025-08-22T09:03:28.286690Z",
        "version": "0.4.1",
        "contactPoint": ""
      },
      "lastActiveAt": "2025-08-22T09:15:44.103691Z"
    },
    {
      "validator": "verady-mintingvalidator-1::12200ff7375ba6bc95fe0a4be9d321c2d003f6afb68456ff8f5a5a3dcfa8deadefa4",
      "sponsor": "Digital-Asset-2::12209b21d512c6a7e2f5d215266fe6568cb732caaef7ff04e308f990a652340d3529",
      "dso": "DSO::1220b1431ef217342db44d516bb9befde802be7d8899637d290895fa58880f19accc",
      "faucetState": {
        "firstReceivedFor": {
          "number": "59634"
        },
        "lastReceivedFor": {
          "number": "59771"
        },
        "numCouponsMissed": "0"
      },
      "metadata": {
        "lastUpdatedAt": "2025-08-28T15:16:47.127618Z",
        "version": "0.4.10",
        "contactPoint": "YOUR_CONTACT_POINT"
      },
      "lastActiveAt": "2025-08-29T14:22:42.763717Z"
    },
    {
      "validator": "10squared-validator-1::12206c9dfe2e352cc208ccd1f7ae103832c4c0db6a7a19afc3e08f6f5ce519b22e9c",
      "sponsor": "Global-Synchronizer-Foundation::1220b0867964b602f2cc7ea61324a95f000f0060e735cfaf4f23f424fdab02c170ac",
      "dso": "DSO::1220b1431ef217342db44d516bb9befde802be7d8899637d290895fa58880f19accc",
      "faucetState": {
        "firstReceivedFor": {
          "number": "60196"
        },
        "lastReceivedFor": {
          "number": "60199"
        },
        "numCouponsMissed": "0"
      },
      "metadata": {
        "lastUpdatedAt": "2025-09-01T15:09:32.273418Z",
        "version": "0.4.11",
        "contactPoint": ""
      },
      "lastActiveAt": "2025-09-01T15:31:10.404057Z"
    },
    {
      "validator": "monetails-validator-1::12201ea6600c8175010271c21f5db64d117bca2f94a21b7f484a816da21f833eb790",
      "sponsor": "Global-Synchronizer-Foundation::1220b0867964b602f2cc7ea61324a95f000f0060e735cfaf4f23f424fdab02c170ac",
      "dso": "DSO::1220b1431ef217342db44d516bb9befde802be7d8899637d290895fa58880f19accc",
      "faucetState": {
        "firstReceivedFor": {
          "number": "60192"
        },
        "lastReceivedFor": {
          "number": "60203"
        },
        "numCouponsMissed": "0"
      },
      "metadata": {
        "lastUpdatedAt": "2025-09-01T14:30:14.924461Z",
        "version": "0.4.11",
        "contactPoint": ""
      },
      "lastActiveAt": "2025-09-01T16:10:39.469274Z"
    },
    {
      "validator": "Rajendran-validator-1::1220e90df6e6225040e096f2a04ac3ea3c93bcf228a1497792a2ca985aafbc43b004",
      "sponsor": "Digital-Asset-2::12209b21d512c6a7e2f5d215266fe6568cb732caaef7ff04e308f990a652340d3529",
      "dso": "DSO::1220b1431ef217342db44d516bb9befde802be7d8899637d290895fa58880f19accc",
      "faucetState": null,
      "metadata": {
        "lastUpdatedAt": "2025-09-04T20:33:39.704912Z",
        "version": "0.4.11",
        "contactPoint": "canton-ops@obsidian.systems"
      },
      "lastActiveAt": "2025-09-04T20:33:39.704912Z"
    },
    {
      "validator": "blockdaemon-validator-1::12200ee06f9722f154ba6e618154a24ac653a08a34e0e538eeb0e9d545957c93e2ed",
      "sponsor": "Cumberland-2::1220120801da0994334c869a6db19d9321f3d5baf9e40377830a90c2af78658aede6",
      "dso": "DSO::1220b1431ef217342db44d516bb9befde802be7d8899637d290895fa58880f19accc",
      "faucetState": {
        "firstReceivedFor": {
          "number": "59767"
        },
        "lastReceivedFor": {
          "number": "61308"
        },
        "numCouponsMissed": "0"
      },
      "metadata": {
        "lastUpdatedAt": "2025-09-08T12:53:47.040379Z",
        "version": "0.4.12",
        "contactPoint": ""
      },
      "lastActiveAt": "2025-09-09T12:53:13.485377Z"
    },
    {
      "validator": "launchnodes-mainNetValidator-1::12208e16c5e119691882590e9b121285f5689aa2d739ad09a203fd20b871fef10520",
      "sponsor": "Digital-Asset-2::12209b21d512c6a7e2f5d215266fe6568cb732caaef7ff04e308f990a652340d3529",
      "dso": "DSO::1220b1431ef217342db44d516bb9befde802be7d8899637d290895fa58880f19accc",
      "faucetState": {
        "firstReceivedFor": {
          "number": "45659"
        },
        "lastReceivedFor": {
          "number": "62676"
        },
        "numCouponsMissed": "3"
      },
      "metadata": {
        "lastUpdatedAt": "2025-09-16T13:39:40.732861Z",
        "version": "0.4.14",
        "contactPoint": ""
      },
      "lastActiveAt": "2025-09-19T06:31:28.618730Z"
    }
  ]
}