{
  "metadata": {
    "template_id": "a5b055492fb8f08b2e7bc0fc94da6da50c39c2e1d7f24cd5ea8db12fc87c1332:Splice.Amulet:ValidatorRewardCoupon",
    "canonical_package": "3ca1343ab26b453d38c8adb70dca5f1ead8440c42b59b68f070786955cbf9ec1",
    "migration_id": 3,
    "record_time": "2025-10-30T21:00:00Z",
    "timestamp": "2025-10-30T23:52:55.662Z",
    "entry_count": 2
  },
  "data": [
    {
      "dso": "DSO::1220b1431ef217342db44d516bb9befde802be7d8899637d290895fa58880f19accc",
      "user": "rwaxyz-validator-1::1220d3550e89fd8d3b67566e1fd57d2cb02eff78ec42c598feaffb5ffb8eedc0ad18",
      "amount": "0.5698538999",
      "round": {
        "number": "66481"
      }
    },
    {
      "dso": "DSO::1220b1431ef217342db44d516bb9befde802be7d8899637d290895fa58880f19accc",
      "user": "rwaxyz-validator-1::1220d3550e89fd8d3b67566e1fd57d2cb02eff78ec42c598feaffb5ffb8eedc0ad18",
      "amount": "0.5701817033",
      "round": {
        "number": "66482"
      }
    }
  ]
}