{
  "metadata": {
    "template_id": "a5b055492fb8f08b2e7bc0fc94da6da50c39c2e1d7f24cd5ea8db12fc87c1332:Splice.AmuletAllocation:AmuletAllocation",
    "canonical_package": "3ca1343ab26b453d38c8adb70dca5f1ead8440c42b59b68f070786955cbf9ec1",
    "migration_id": 3,
    "record_time": "2025-10-30T21:00:00Z",
    "timestamp": "2025-10-30T23:52:55.555Z",
    "entry_count": 6
  },
  "data": [
    {
      "lockedAmulet": "00bf1f1b72eb60d8f4703f4fe58803aeb402f2b15cb27e9c7212203bce206f345aca11122025b0ae099132de171f4da3e7dda2db64c87f6e59f544f04696eedb0c4848c543",
      "allocation": {
        "settlement": {
          "executor": "23d169c2-0909-4c70-81d1-1922de6febaa::12202ba1ca9f3578e7fa2fdd1517a40d553621dbdee4227d0a37022591abae821ef3",
          "settlementRef": {
            "id": "allocation-b75c254f-d23d-42b3-876f-cd56b62659cf",
            "cid": null
          },
          "requestedAt": "2025-08-22T18:58:43.424Z",
          "allocateBefore": "2025-08-23T18:58:43.331Z",
          "settleBefore": "2025-08-23T18:58:43.331Z",
          "meta": {
            "values": {}
          }
        },
        "transferLegId": "leg-d3980d05-d409-4a37-a63e-b58b2543b539",
        "transferLeg": {
          "sender": "23d169c2-0909-4c70-81d1-1922de6febaa::12203b2018ef36e04642ce69d677b6bdc4ec0464c183dadc6204368318e0e2ced768",
          "receiver": "23d169c2-0909-4c70-81d1-1922de6febaa::12202ba1ca9f3578e7fa2fdd1517a40d553621dbdee4227d0a37022591abae821ef3",
          "amount": "0.0224922118",
          "instrumentId": {
            "admin": "DSO::1220b1431ef217342db44d516bb9befde802be7d8899637d290895fa58880f19accc",
            "id": "Amulet"
          },
          "meta": {
            "values": {}
          }
        }
      }
    },
    {
      "lockedAmulet": "00602053eca0a87c4b5a3faf855a49abc25ac6022a6673d64b1468ced3b301e32dca1112207501eb5638e96d6d22573a89a9814ce180c83a344bdb6648a9d6f810437b9b3a",
      "allocation": {
        "settlement": {
          "executor": "23d169c2-0909-4c70-81d1-1922de6febaa::12202ba1ca9f3578e7fa2fdd1517a40d553621dbdee4227d0a37022591abae821ef3",
          "settlementRef": {
            "id": "allocation-7e5c4ac7-1cb7-4347-af94-e6bb15e253a0",
            "cid": null
          },
          "requestedAt": "2025-08-26T14:55:15.682Z",
          "allocateBefore": "2025-08-27T14:55:15.606Z",
          "settleBefore": "2025-08-27T14:55:15.606Z",
          "meta": {
            "values": {}
          }
        },
        "transferLegId": "leg-93e6879a-fa96-435e-95f2-8a0c33eb81d5",
        "transferLeg": {
          "sender": "23d169c2-0909-4c70-81d1-1922de6febaa::12203b2018ef36e04642ce69d677b6bdc4ec0464c183dadc6204368318e0e2ced768",
          "receiver": "23d169c2-0909-4c70-81d1-1922de6febaa::12202ba1ca9f3578e7fa2fdd1517a40d553621dbdee4227d0a37022591abae821ef3",
          "amount": "0.0256715272",
          "instrumentId": {
            "admin": "DSO::1220b1431ef217342db44d516bb9befde802be7d8899637d290895fa58880f19accc",
            "id": "Amulet"
          },
          "meta": {
            "values": {}
          }
        }
      }
    },
    {
      "lockedAmulet": "005e1fa64b4aa81ce58c3d92552573e124e0cee3b05e3ba7d148c83e66d5b43c5eca11122011c56f2f5fec680d2d6632c526d3475f8ec79e9b29cd59c417da1fda2cb1a490",
      "allocation": {
        "settlement": {
          "executor": "CantonSwap::122096fe076cc065af0cb38f94caa60e8ddfecbe8f0cfe10655ae7aa06fab99c66b7",
          "settlementRef": {
            "id": "CantonSwap TradeProposal V1",
            "cid": "002d408c858788fb280829c0a961328ea3f006b37e1fdd9ef50c0f933c69b54123ca11122064204fe6d2b04f57545bcadba72796c2e1840b45a65945d1c7a256824bdb307c"
          },
          "requestedAt": "2025-08-26T21:00:16.936643Z",
          "allocateBefore": "2025-08-27T21:00:16.936643Z",
          "settleBefore": "2025-08-27T21:00:16.936643Z",
          "meta": {
            "values": {}
          }
        },
        "transferLegId": "leg0",
        "transferLeg": {
          "sender": "0c40c074-37fd-404a-9935-4b2c34b373c5::122096fe076cc065af0cb38f94caa60e8ddfecbe8f0cfe10655ae7aa06fab99c66b7",
          "receiver": "CantonSwap::122096fe076cc065af0cb38f94caa60e8ddfecbe8f0cfe10655ae7aa06fab99c66b7",
          "amount": "1.0000000000",
          "instrumentId": {
            "admin": "DSO::1220b1431ef217342db44d516bb9befde802be7d8899637d290895fa58880f19accc",
            "id": "Amulet"
          },
          "meta": {
            "values": {}
          }
        }
      }
    },
    {
      "lockedAmulet": "004a8f40835929ee30471bf36f93fe851edcfa363e553c24aafb078553da3af8acca111220d51abbf92a1337a25c9b40081fabdccfe5f44d3867abceb8960d9443f907e79d",
      "allocation": {
        "settlement": {
          "executor": "CantonSwap::122096fe076cc065af0cb38f94caa60e8ddfecbe8f0cfe10655ae7aa06fab99c66b7",
          "settlementRef": {
            "id": "CantonSwap TradeProposal V1",
            "cid": "0079f219d52b8aed8dbed0174f58fc62c5f87d2919803d8f98955d052f5bb50b5eca11122031e79b946747412ad783ca7eb16abfd14703d381f36aac9499581609d78b5a69"
          },
          "requestedAt": "2025-08-27T18:44:17.923076Z",
          "allocateBefore": "2025-08-28T18:44:17.923076Z",
          "settleBefore": "2025-08-28T18:44:17.923076Z",
          "meta": {
            "values": {}
          }
        },
        "transferLegId": "leg1",
        "transferLeg": {
          "sender": "0c40c074-37fd-404a-9935-4b2c34b373c5::122096fe076cc065af0cb38f94caa60e8ddfecbe8f0cfe10655ae7aa06fab99c66b7",
          "receiver": "CantonSwap::122096fe076cc065af0cb38f94caa60e8ddfecbe8f0cfe10655ae7aa06fab99c66b7",
          "amount": "1.0000000000",
          "instrumentId": {
            "admin": "DSO::1220b1431ef217342db44d516bb9befde802be7d8899637d290895fa58880f19accc",
            "id": "Amulet"
          },
          "meta": {
            "values": {}
          }
        }
      }
    },
    {
      "lockedAmulet": "00a9a464214722c7967181be3335ccfa2fa432e236fa216c9e7e91308b46453864ca111220cee247a5f50ae6e1dbaff03ca3ea8b749c05a91faf3b620caf385e4b2a420564",
      "allocation": {
        "settlement": {
          "executor": "23d169c2-0909-4c70-81d1-1922de6febaa::12202ba1ca9f3578e7fa2fdd1517a40d553621dbdee4227d0a37022591abae821ef3",
          "settlementRef": {
            "id": "allocation-cc0fe782-30a7-41b9-a063-eb30c7b11921",
            "cid": null
          },
          "requestedAt": "2025-08-29T16:28:58.847Z",
          "allocateBefore": "2025-08-30T16:28:58.721Z",
          "settleBefore": "2025-08-30T16:28:58.721Z",
          "meta": {
            "values": {}
          }
        },
        "transferLegId": "leg-4cfa5932-f5f8-480b-a61f-45d6f908b653",
        "transferLeg": {
          "sender": "23d169c2-0909-4c70-81d1-1922de6febaa::1220b1580490deb364b15cb328fc34b42f3d0006139acd6fa4b2b9613b04fd6e5c80",
          "receiver": "23d169c2-0909-4c70-81d1-1922de6febaa::12202ba1ca9f3578e7fa2fdd1517a40d553621dbdee4227d0a37022591abae821ef3",
          "amount": "4.4812906117",
          "instrumentId": {
            "admin": "DSO::1220b1431ef217342db44d516bb9befde802be7d8899637d290895fa58880f19accc",
            "id": "Amulet"
          },
          "meta": {
            "values": {}
          }
        }
      }
    },
    {
      "lockedAmulet": "0040f2e490bf16c599bb4997bf06af410c2197054299d9640279afc03adc99a53aca111220148ce600a8f68f42253f172ac146c15312c1996b3572c5d85a0061f33cc379af",
      "allocation": {
        "settlement": {
          "executor": "23d169c2-0909-4c70-81d1-1922de6febaa::12202ba1ca9f3578e7fa2fdd1517a40d553621dbdee4227d0a37022591abae821ef3",
          "settlementRef": {
            "id": "allocation-36ba9f5c-9dc3-4d42-b33a-826942b7d8b4",
            "cid": null
          },
          "requestedAt": "2025-08-31T19:55:01.715Z",
          "allocateBefore": "2025-09-01T19:55:01.621Z",
          "settleBefore": "2025-09-01T19:55:01.621Z",
          "meta": {
            "values": {}
          }
        },
        "transferLegId": "leg-668ee1c9-2fb7-443f-bca8-770ec0ce1a2d",
        "transferLeg": {
          "sender": "23d169c2-0909-4c70-81d1-1922de6febaa::1220b1580490deb364b15cb328fc34b42f3d0006139acd6fa4b2b9613b04fd6e5c80",
          "receiver": "23d169c2-0909-4c70-81d1-1922de6febaa::12202ba1ca9f3578e7fa2fdd1517a40d553621dbdee4227d0a37022591abae821ef3",
          "amount": "4.8139581240",
          "instrumentId": {
            "admin": "DSO::1220b1431ef217342db44d516bb9befde802be7d8899637d290895fa58880f19accc",
            "id": "Amulet"
          },
          "meta": {
            "values": {}
          }
        }
      }
    }
  ]
}