{
  "metadata": {
    "template_id": "d406eba1132d464605f4dae3edf8cf5ecbbb34bd8edef0e047e7e526d328718c:Splice.DSO.SvState:SvRewardState",
    "canonical_package": "3ca1343ab26b453d38c8adb70dca5f1ead8440c42b59b68f070786955cbf9ec1",
    "migration_id": 3,
    "record_time": "2025-10-30T21:00:00Z",
    "timestamp": "2025-10-30T23:52:55.503Z",
    "entry_count": 2
  },
  "data": [
    {
      "dso": "DSO::1220b1431ef217342db44d516bb9befde802be7d8899637d290895fa58880f19accc",
      "svName": "Orb-1-LP",
      "state": {
        "numRoundsMissed": "2",
        "numRoundsCollected": "18298",
        "lastRoundCollected": {
          "number": "18299"
        },
        "numCouponsIssued": "37794"
      }
    },
    {
      "dso": "DSO::1220b1431ef217342db44d516bb9befde802be7d8899637d290895fa58880f19accc",
      "svName": "Liberty-City-Ventures",
      "state": {
        "numRoundsMissed": "0",
        "numRoundsCollected": "23325",
        "lastRoundCollected": {
          "number": "23324"
        },
        "numCouponsIssued": "21804"
      }
    }
  ]
}