{
  "metadata": {
    "template_id": "d406eba1132d464605f4dae3edf8cf5ecbbb34bd8edef0e047e7e526d328718c:Splice.DSO.SvState:SvNodeState",
    "canonical_package": "3ca1343ab26b453d38c8adb70dca5f1ead8440c42b59b68f070786955cbf9ec1",
    "migration_id": 3,
    "record_time": "2025-10-30T21:00:00Z",
    "timestamp": "2025-10-30T23:52:55.502Z",
    "entry_count": 2
  },
  "data": [
    {
      "dso": "DSO::1220b1431ef217342db44d516bb9befde802be7d8899637d290895fa58880f19accc",
      "sv": "Orb-1-LP::12201940c04b1021cfa95c162b1ceee4d1eb2f2c1fcf693168ab5f150aea427462c7",
      "svName": "Orb-1-LP",
      "state": {
        "synchronizerNodes": [
          [
            "global-domain::1220b1431ef217342db44d516bb9befde802be7d8899637d290895fa58880f19accc",
            {
              "cometBft": {
                "nodes": [
                  [
                    "aa29126f3144f2fe3abbf7a8d59c9c4833cedbca",
                    {
                      "validatorPubKey": "LRHTEi8ecK6cPEl90dT8q1l6WvRMmTQGj6y/YaTDMFE=",
                      "votingPower": "1"
                    }
                  ]
                ],
                "governanceKeys": [
                  {
                    "pubKey": "xbiwyy76j6KL+dO8/GCttybAw0X2XBgWtfnGcb8GuTE="
                  }
                ],
                "sequencingKeys": []
              },
              "sequencer": {
                "migrationId": "1",
                "sequencerId": "SEQ::Orb-1-LP::1220da989e0ca3721d006b9a53e25ec1151266908646988d4922983b99a4a3afd56d",
                "url": "https://sequencer-1.sv-1.global.canton.network.orb1lp.com",
                "availableAfter": "2024-10-16T13:25:35.004347Z"
              },
              "mediator": {
                "mediatorId": "MED::Orb-1-LP::12205afb4256b954964743c58581c39e11d45f3e3bcbc3b0c9fbcf51972eb4d28d15"
              },
              "scan": {
                "publicUrl": "https://scan.sv-1.global.canton.network.orb1lp.com"
              },
              "legacySequencerConfig": {
                "migrationId": "0",
                "sequencerId": "SEQ::Orb-1-LP::1220da989e0ca3721d006b9a53e25ec1151266908646988d4922983b99a4a3afd56d",
                "url": "https://sequencer-0.sv-1.global.canton.network.orb1lp.com"
              }
            }
          ]
        ]
      }
    },
    {
      "dso": "DSO::1220b1431ef217342db44d516bb9befde802be7d8899637d290895fa58880f19accc",
      "sv": "Liberty-City-Ventures::1220523d2914dc097ad13b87ff2ac68a65b13e201ae011f6381839fbcc7b00d3ea95",
      "svName": "Liberty-City-Ventures",
      "state": {
        "synchronizerNodes": [
          [
            "global-domain::1220b1431ef217342db44d516bb9befde802be7d8899637d290895fa58880f19accc",
            {
              "cometBft": {
                "nodes": [
                  [
                    "aa7b0360e2d2a7713019598a11fbd0c89f8028bd",
                    {
                      "validatorPubKey": "scgddLCAv0goUKi7vdMS/uiYaRZL/EzwKZ0vB4oYBUQ=",
                      "votingPower": "1"
                    }
                  ]
                ],
                "governanceKeys": [
                  {
                    "pubKey": "6Ed713oTWBIXcysgf8/5z9woHCB32In5d59SxzOueuI="
                  }
                ],
                "sequencingKeys": []
              },
              "sequencer": {
                "migrationId": "1",
                "sequencerId": "SEQ::Liberty-City-Ventures::1220efe3f9b092fea5b6fcc253e045ab57fb9976ac482422762274824020e8a693c3",
                "url": "https://sequencer-1.sv-1.global.canton.network.lcv.catalyst.intellecteu.io",
                "availableAfter": "2024-10-23T07:06:42.120588Z"
              },
              "mediator": {
                "mediatorId": "MED::Liberty-City-Ventures::1220579e40cb5357f10ab215f8b09751ddb19c980b4dbb56e5d3e3d45c9fb17c424a"
              },
              "scan": {
                "publicUrl": "https://scan.sv-1.global.canton.network.lcv.catalyst.intellecteu.io"
              },
              "legacySequencerConfig": null
            }
          ]
        ]
      }
    }
  ]
}