{
  "metadata": {
    "template_id": "d406eba1132d464605f4dae3edf8cf5ecbbb34bd8edef0e047e7e526d328718c:Splice.DSO.SvState:SvStatusReport",
    "canonical_package": "3ca1343ab26b453d38c8adb70dca5f1ead8440c42b59b68f070786955cbf9ec1",
    "migration_id": 3,
    "record_time": "2025-10-30T21:00:00Z",
    "timestamp": "2025-10-30T23:52:55.503Z",
    "entry_count": 2
  },
  "data": [
    {
      "dso": "DSO::1220b1431ef217342db44d516bb9befde802be7d8899637d290895fa58880f19accc",
      "sv": "Orb-1-LP::12201940c04b1021cfa95c162b1ceee4d1eb2f2c1fcf693168ab5f150aea427462c7",
      "svName": "Orb-1-LP",
      "number": "183442",
      "status": {
        "createdAt": "2024-11-04T15:00:24.252677Z",
        "cometBftHeight": "3524349",
        "mediatorSynchronizerTime": "2024-11-04T15:00:23.508837Z",
        "participantSynchronizerTime": "2024-11-04T15:00:23.508837Z",
        "latestOpenRound": {
          "number": "18301"
        }
      }
    },
    {
      "dso": "DSO::1220b1431ef217342db44d516bb9befde802be7d8899637d290895fa58880f19accc",
      "sv": "Liberty-City-Ventures::1220523d2914dc097ad13b87ff2ac68a65b13e201ae011f6381839fbcc7b00d3ea95",
      "svName": "Liberty-City-Ventures",
      "number": "233678",
      "status": {
        "createdAt": "2024-12-10T19:59:55.832198Z",
        "cometBftHeight": "10831081",
        "mediatorSynchronizerTime": "2024-12-10T19:59:49.642117Z",
        "participantSynchronizerTime": "2024-12-10T19:59:49.954853Z",
        "latestOpenRound": {
          "number": "23325"
        }
      }
    }
  ]
}