{
  "metadata": {
    "template_id": "d4724b90dce9fb08badbb367962d237710b3a603e4f57806a1b0af308cc70fdb:Splice.Ans:AnsEntry",
    "canonical_package": "3ca1343ab26b453d38c8adb70dca5f1ead8440c42b59b68f070786955cbf9ec1",
    "migration_id": 3,
    "record_time": "2025-10-30T21:00:00Z",
    "timestamp": "2025-10-30T23:52:55.958Z",
    "entry_count": 3
  },
  "data": [
    {
      "user": "auth0_007c68b07a4c579dfd542c00fc89::122085428bbc45cd9e8e457fa643d98f41bce1d7e5113248e637c611b9de1ddef684",
      "dso": "DSO::1220b1431ef217342db44d516bb9befde802be7d8899637d290895fa58880f19accc",
      "name": "o28-thetie.unverified.cns",
      "url": "",
      "description": "",
      "expiresAt": "2026-02-25T19:34:59.905115Z"
    },
    {
      "user": "auth0_007c68a52dd879cc0aa1b43c286d::12203f5b04708d1a567a374034533aa6a6d5804ff337c982f9cb9134e1e74414a0b5",
      "dso": "DSO::1220b1431ef217342db44d516bb9befde802be7d8899637d290895fa58880f19accc",
      "name": "apc-7trust.unverified.cns",
      "url": "",
      "description": "",
      "expiresAt": "2026-02-25T19:49:07.669784Z"
    },
    {
      "user": "auth0_007c69025127ecb641c77ef1674c::122085428bbc45cd9e8e457fa643d98f41bce1d7e5113248e637c611b9de1ddef684",
      "dso": "DSO::1220b1431ef217342db44d516bb9befde802be7d8899637d290895fa58880f19accc",
      "name": "o28-opusaccess.unverified.cns",
      "url": "",
      "description": "",
      "expiresAt": "2026-01-27T17:50:50.657216Z"
    }
  ]
}