{
  "metadata": {
    "template_id": "d4724b90dce9fb08badbb367962d237710b3a603e4f57806a1b0af308cc70fdb:Splice.Ans.AmuletConversionRateFeed:AmuletConversionRateFeed",
    "canonical_package": "3ca1343ab26b453d38c8adb70dca5f1ead8440c42b59b68f070786955cbf9ec1",
    "migration_id": 3,
    "record_time": "2025-10-30T21:00:00Z",
    "timestamp": "2025-10-30T23:52:55.958Z",
    "entry_count": 2
  },
  "data": [
    {
      "publisher": "kaiko-mainnet-1::1220f67b4f1c8742d83ac7e12749d98195bf88ff120b2dab369291cf6a2ca27be9a9",
      "dso": "DSO::1220b1431ef217342db44d516bb9befde802be7d8899637d290895fa58880f19accc",
      "nextUpdateAfter": "2025-10-28T14:58:47Z",
      "amuletConversionRate": "0.1125000000"
    },
    {
      "publisher": "party-fda614d8-0b2e-4d64-9718-b4c497c56a8d::1220f67b4f1c8742d83ac7e12749d98195bf88ff120b2dab369291cf6a2ca27be9a9",
      "dso": "DSO::1220b1431ef217342db44d516bb9befde802be7d8899637d290895fa58880f19accc",
      "nextUpdateAfter": "2025-10-30T21:00:19Z",
      "amuletConversionRate": "0.1250000000"
    }
  ]
}