{
  "metadata": {
    "template_id": "f1b5915ad45ded616f43f83c735b7ee158b5eb58abe758a721e50eee19b3e531:Splice.Ans:AnsEntry",
    "canonical_package": "3ca1343ab26b453d38c8adb70dca5f1ead8440c42b59b68f070786955cbf9ec1",
    "migration_id": 3,
    "record_time": "2025-10-30T21:00:00Z",
    "timestamp": "2025-10-30T23:52:55.553Z",
    "entry_count": 37
  },
  "data": [
    {
      "user": "cantonwallet::1220fd85022e5f0748e0e49ca8e0b226307e71e1e25df35b33d0f11f8d17ea27a7b1",
      "dso": "DSO::1220b1431ef217342db44d516bb9befde802be7d8899637d290895fa58880f19accc",
      "name": "multisig.unverified.cns",
      "url": "",
      "description": "",
      "expiresAt": "2025-10-20T05:27:45.119592Z"
    },
    {
      "user": "cantonwallet::1220fd85022e5f0748e0e49ca8e0b226307e71e1e25df35b33d0f11f8d17ea27a7b1",
      "dso": "DSO::1220b1431ef217342db44d516bb9befde802be7d8899637d290895fa58880f19accc",
      "name": "sendit.unverified.cns",
      "url": "",
      "description": "",
      "expiresAt": "2025-10-20T05:28:47.176645Z"
    },
    {
      "user": "cantonwallet::1220fd85022e5f0748e0e49ca8e0b226307e71e1e25df35b33d0f11f8d17ea27a7b1",
      "dso": "DSO::1220b1431ef217342db44d516bb9befde802be7d8899637d290895fa58880f19accc",
      "name": "invest.unverified.cns",
      "url": "",
      "description": "",
      "expiresAt": "2025-10-20T05:42:12.792392Z"
    },
    {
      "user": "fivenorth-mainnet1-1::12208a2c7404062865085b75b9e8a3cbca56f272c0103bc55b0e65ca7c2dd855294a",
      "dso": "DSO::1220b1431ef217342db44d516bb9befde802be7d8899637d290895fa58880f19accc",
      "name": "fivenorth.unverified.cns",
      "url": "",
      "description": "",
      "expiresAt": "2025-12-01T05:54:44.251111Z"
    },
    {
      "user": "fivenorth-mainnet1-1::12208a2c7404062865085b75b9e8a3cbca56f272c0103bc55b0e65ca7c2dd855294a",
      "dso": "DSO::1220b1431ef217342db44d516bb9befde802be7d8899637d290895fa58880f19accc",
      "name": "5north.unverified.cns",
      "url": "",
      "description": "",
      "expiresAt": "2025-12-01T05:55:20.425306Z"
    },
    {
      "user": "svnodeops-validator-1::12207db113ba0fc8030a6952ad0715e63e2cdb63e997db1c4cbc25817aa884591842",
      "dso": "DSO::1220b1431ef217342db44d516bb9befde802be7d8899637d290895fa58880f19accc",
      "name": "svnodeops-validator-1.unverified.cns",
      "url": "",
      "description": "",
      "expiresAt": "2025-12-22T17:38:55.306059Z"
    },
    {
      "user": "auth0_007c685f70b79c841234d028150b::12201cf4d44f54d386b382ae3deabec790d477bbc7e1857b94b5a44f04c286840353",
      "dso": "DSO::1220b1431ef217342db44d516bb9befde802be7d8899637d290895fa58880f19accc",
      "name": "nuts.unverified.cns",
      "url": "",
      "description": "",
      "expiresAt": "2025-12-25T04:45:56.376647Z"
    },
    {
      "user": "ceb21009-e554-44fc-bf0d-dfe602df4286::12207db113ba0fc8030a6952ad0715e63e2cdb63e997db1c4cbc25817aa884591842",
      "dso": "DSO::1220b1431ef217342db44d516bb9befde802be7d8899637d290895fa58880f19accc",
      "name": "svnodeops-validator-1-wallet-dah.unverified.cns",
      "url": "",
      "description": "",
      "expiresAt": "2026-01-01T06:43:44.451660Z"
    },
    {
      "user": "d99c0d36-e3c5-4c21-9b24-290e1183b885::12207db113ba0fc8030a6952ad0715e63e2cdb63e997db1c4cbc25817aa884591842",
      "dso": "DSO::1220b1431ef217342db44d516bb9befde802be7d8899637d290895fa58880f19accc",
      "name": "svnodeops-validator-1-wallet-sv-rewards.unverified.cns",
      "url": "",
      "description": "",
      "expiresAt": "2026-01-01T06:44:48.990880Z"
    },
    {
      "user": "auth0_007c689b657291598790daabbdca::1220d3016091c253f526645cce3a0633837b685da083bac4459dad63e61d5c97b5fa",
      "dso": "DSO::1220b1431ef217342db44d516bb9befde802be7d8899637d290895fa58880f19accc",
      "name": "cantara.unverified.cns",
      "url": "",
      "description": "",
      "expiresAt": "2025-12-03T21:20:52.378821Z"
    },
    {
      "user": "auth0_007c68bba2ccb9d4e31cf52c333d::12203f5b04708d1a567a374034533aa6a6d5804ff337c982f9cb9134e1e74414a0b5",
      "dso": "DSO::1220b1431ef217342db44d516bb9befde802be7d8899637d290895fa58880f19accc",
      "name": "apc-cantara.unverified.cns",
      "url": "",
      "description": "",
      "expiresAt": "2025-12-05T03:05:02.807388Z"
    },
    {
      "user": "d2x-v-1::122019897e5f6016100b51c0fec03327a6a3db28c440f1281408f178bf3c09d26724",
      "dso": "DSO::1220b1431ef217342db44d516bb9befde802be7d8899637d290895fa58880f19accc",
      "name": "d2x.unverified.cns",
      "url": "",
      "description": "",
      "expiresAt": "2026-01-05T06:37:17.857831Z"
    },
    {
      "user": "mse-main-1::1220ccb8c1ba08b54fd3cae8d11885302b6112620ae6229cf1abdee89afcc66d7c36",
      "dso": "DSO::1220b1431ef217342db44d516bb9befde802be7d8899637d290895fa58880f19accc",
      "name": "mse.unverified.cns",
      "url": "",
      "description": "",
      "expiresAt": "2025-12-08T21:49:19.723937Z"
    },
    {
      "user": "sendmainnet1::12203726c4d6a2041bc700b91effb7baea3fa3af720edabb5dd3e6e8b56867f9b016",
      "dso": "DSO::1220b1431ef217342db44d516bb9befde802be7d8899637d290895fa58880f19accc",
      "name": "bankofamerica.unverified.cns",
      "url": "",
      "description": "",
      "expiresAt": "2026-01-10T16:32:04.872656Z"
    },
    {
      "user": "sendmainnet1::12203726c4d6a2041bc700b91effb7baea3fa3af720edabb5dd3e6e8b56867f9b016",
      "dso": "DSO::1220b1431ef217342db44d516bb9befde802be7d8899637d290895fa58880f19accc",
      "name": "chase.unverified.cns",
      "url": "",
      "description": "",
      "expiresAt": "2026-01-10T16:32:44.426924Z"
    },
    {
      "user": "auth0_007c68c5790a789e20d4846ab7e7::122085428bbc45cd9e8e457fa643d98f41bce1d7e5113248e637c611b9de1ddef684",
      "dso": "DSO::1220b1431ef217342db44d516bb9befde802be7d8899637d290895fa58880f19accc",
      "name": "o28-cantara.unverified.cns",
      "url": "",
      "description": "",
      "expiresAt": "2025-12-12T14:16:51.837017Z"
    },
    {
      "user": "auth0_007c68c5928381aeab97d06e0df2::1220547efb49bf5c371b68aaed9a9089d69761dd3a4ff5b08d2b49673170e1efdeb3",
      "dso": "DSO::1220b1431ef217342db44d516bb9befde802be7d8899637d290895fa58880f19accc",
      "name": "pwm-cantara.unverified.cns",
      "url": "",
      "description": "",
      "expiresAt": "2025-12-12T16:13:24.612822Z"
    },
    {
      "user": "auth0_007c68b1fd7900a7015c2d822af8::12203f5b04708d1a567a374034533aa6a6d5804ff337c982f9cb9134e1e74414a0b5",
      "dso": "DSO::1220b1431ef217342db44d516bb9befde802be7d8899637d290895fa58880f19accc",
      "name": "apc-fairmint.unverified.cns",
      "url": "",
      "description": "",
      "expiresAt": "2025-12-12T17:06:55.326488Z"
    },
    {
      "user": "auth0_007c68a52b5a0a676956f6a34204::12203f5b04708d1a567a374034533aa6a6d5804ff337c982f9cb9134e1e74414a0b5",
      "dso": "DSO::1220b1431ef217342db44d516bb9befde802be7d8899637d290895fa58880f19accc",
      "name": "apc-trakx.unverified.cns",
      "url": "",
      "description": "",
      "expiresAt": "2025-12-12T18:18:28.183127Z"
    },
    {
      "user": "auth0_007c68c570636fa013cd2338bb9c::1220bea41e67c2d4f9097e38433e71fbc572a92f62e1e39d6441c212b2555f749d3a",
      "dso": "DSO::1220b1431ef217342db44d516bb9befde802be7d8899637d290895fa58880f19accc",
      "name": "lvg-cantara.unverified.cns",
      "url": "",
      "description": "",
      "expiresAt": "2025-12-12T18:37:17.283303Z"
    },
    {
      "user": "auth0_007c68c5bd566fa013cd2338ed3c::1220410d9595a1938f6e1843835c5758588fde137d984ffd9b19941142cfbf788d16",
      "dso": "DSO::1220b1431ef217342db44d516bb9befde802be7d8899637d290895fa58880f19accc",
      "name": "pyphicap-cantara.unverified.cns",
      "url": "",
      "description": "",
      "expiresAt": "2025-12-12T19:54:52.339861Z"
    },
    {
      "user": "auth0_007c68c9449ca12576920cdc5f8e::122085428bbc45cd9e8e457fa643d98f41bce1d7e5113248e637c611b9de1ddef684",
      "dso": "DSO::1220b1431ef217342db44d516bb9befde802be7d8899637d290895fa58880f19accc",
      "name": "o28-7trust.unverified.cns",
      "url": "",
      "description": "",
      "expiresAt": "2025-12-15T11:26:10.293120Z"
    },
    {
      "user": "auth0_007c68ca994a83f26a0c5acd17d9::1220547efb49bf5c371b68aaed9a9089d69761dd3a4ff5b08d2b49673170e1efdeb3",
      "dso": "DSO::1220b1431ef217342db44d516bb9befde802be7d8899637d290895fa58880f19accc",
      "name": "pwm-7trust.unverified.cns",
      "url": "",
      "description": "",
      "expiresAt": "2025-12-16T11:32:40.511609Z"
    },
    {
      "user": "barg-systems-1::12204df4ba0b391cefe43493cbf02c92dae4be7cd2576a027d23f6278f7ceb819f7a",
      "dso": "DSO::1220b1431ef217342db44d516bb9befde802be7d8899637d290895fa58880f19accc",
      "name": "bargsystems.unverified.cns",
      "url": "",
      "description": "",
      "expiresAt": "2026-01-17T20:31:23.090537Z"
    },
    {
      "user": "barg-systems-1::12204df4ba0b391cefe43493cbf02c92dae4be7cd2576a027d23f6278f7ceb819f7a",
      "dso": "DSO::1220b1431ef217342db44d516bb9befde802be7d8899637d290895fa58880f19accc",
      "name": "barg.unverified.cns",
      "url": "",
      "description": "",
      "expiresAt": "2026-01-17T20:30:53.789894Z"
    },
    {
      "user": "auth0_007c68cb7de1699b2fb241567ae9::1220bea41e67c2d4f9097e38433e71fbc572a92f62e1e39d6441c212b2555f749d3a",
      "dso": "DSO::1220b1431ef217342db44d516bb9befde802be7d8899637d290895fa58880f19accc",
      "name": "lvg-7trust.unverified.cns",
      "url": "",
      "description": "",
      "expiresAt": "2025-12-18T22:02:30.040903Z"
    },
    {
      "user": "ctrlAlt-validator-1::12203afce7b121fb6ce0c88092efb96736eace0c32dfbcedafb70d0c2704d2e0e6a9",
      "dso": "DSO::1220b1431ef217342db44d516bb9befde802be7d8899637d290895fa58880f19accc",
      "name": "ctrl-alt.unverified.cns",
      "url": "",
      "description": "",
      "expiresAt": "2026-01-18T14:58:31.600816Z"
    },
    {
      "user": "auth0_007c68cd31d3a347232a0e29c6e2::12203f5b04708d1a567a374034533aa6a6d5804ff337c982f9cb9134e1e74414a0b5",
      "dso": "DSO::1220b1431ef217342db44d516bb9befde802be7d8899637d290895fa58880f19accc",
      "name": "apc-cantonswap.unverified.cns",
      "url": "",
      "description": "",
      "expiresAt": "2025-12-20T03:48:18.196052Z"
    },
    {
      "user": "auth0_007c68cf7c85a0a854e34ed461d1::1220bea41e67c2d4f9097e38433e71fbc572a92f62e1e39d6441c212b2555f749d3a",
      "dso": "DSO::1220b1431ef217342db44d516bb9befde802be7d8899637d290895fa58880f19accc",
      "name": "lvg-cantonswap.unverified.cns",
      "url": "",
      "description": "",
      "expiresAt": "2025-12-20T04:21:24.257248Z"
    },
    {
      "user": "auth0_007c68cf818862b402aa87831e9d::122085428bbc45cd9e8e457fa643d98f41bce1d7e5113248e637c611b9de1ddef684",
      "dso": "DSO::1220b1431ef217342db44d516bb9befde802be7d8899637d290895fa58880f19accc",
      "name": "o28-cantonswap.unverified.cns",
      "url": "",
      "description": "",
      "expiresAt": "2025-12-20T04:42:46.469059Z"
    },
    {
      "user": "auth0_007c68cf8013a0a854e34ed462cd::1220a58d7ef09c0c72a3ee94d6df83952e4d923161ded670a31ded6213d957c56c4c",
      "dso": "DSO::1220b1431ef217342db44d516bb9befde802be7d8899637d290895fa58880f19accc",
      "name": "mhc-cantonswap.unverified.cns",
      "url": "",
      "description": "",
      "expiresAt": "2025-12-20T04:46:52.021420Z"
    },
    {
      "user": "auth0_007c68cf84048fb6ccf1e485d2a1::1220547efb49bf5c371b68aaed9a9089d69761dd3a4ff5b08d2b49673170e1efdeb3",
      "dso": "DSO::1220b1431ef217342db44d516bb9befde802be7d8899637d290895fa58880f19accc",
      "name": "pwm-cantonswap.unverified.cns",
      "url": "",
      "description": "",
      "expiresAt": "2025-12-20T04:53:31.394317Z"
    },
    {
      "user": "auth0_007c68cf87f7569d804829d3b2bf::1220410d9595a1938f6e1843835c5758588fde137d984ffd9b19941142cfbf788d16",
      "dso": "DSO::1220b1431ef217342db44d516bb9befde802be7d8899637d290895fa58880f19accc",
      "name": "pyphicap-cantonswap.unverified.cns",
      "url": "",
      "description": "",
      "expiresAt": "2025-12-20T20:48:51.118471Z"
    },
    {
      "user": "send-cantonwallet-1::1220f1b0d7a83c7eaaf6d712d95d5952ea2c801238af9c342e8d83c87dfc45c999dc",
      "dso": "DSO::1220b1431ef217342db44d516bb9befde802be7d8899637d290895fa58880f19accc",
      "name": "vault.unverified.cns",
      "url": "",
      "description": "",
      "expiresAt": "2026-01-20T18:39:49.282195Z"
    },
    {
      "user": "send-cantonwallet-1::1220f1b0d7a83c7eaaf6d712d95d5952ea2c801238af9c342e8d83c87dfc45c999dc",
      "dso": "DSO::1220b1431ef217342db44d516bb9befde802be7d8899637d290895fa58880f19accc",
      "name": "bank.unverified.cns",
      "url": "",
      "description": "",
      "expiresAt": "2026-01-20T18:41:19.482591Z"
    },
    {
      "user": "send-cantonwallet-1::1220f1b0d7a83c7eaaf6d712d95d5952ea2c801238af9c342e8d83c87dfc45c999dc",
      "dso": "DSO::1220b1431ef217342db44d516bb9befde802be7d8899637d290895fa58880f19accc",
      "name": "keychains.unverified.cns",
      "url": "",
      "description": "",
      "expiresAt": "2026-01-20T18:44:18.712691Z"
    },
    {
      "user": "auth0_007c68d1ec05282452e27af2b589::12203f5b04708d1a567a374034533aa6a6d5804ff337c982f9cb9134e1e74414a0b5",
      "dso": "DSO::1220b1431ef217342db44d516bb9befde802be7d8899637d290895fa58880f19accc",
      "name": "apc-thetie.unverified.cns",
      "url": "",
      "description": "",
      "expiresAt": "2025-12-22T00:53:45.456103Z"
    }
  ]
}